"id","name","country","state","createdAt","updatedAt","lat","long"
2,"Portblair","India","Andaman","2020-04-07 16:27:36.758+00","2020-04-07 16:27:36.758+00",NULL,NULL
3,"Diglipur","India","Andaman","2020-04-07 16:27:36.863+00","2020-04-07 16:27:36.863+00",NULL,NULL
4,"Nancowrie","India","Andaman","2020-04-07 16:27:36.849+00","2020-04-07 16:27:36.849+00",NULL,NULL
5,"Rangat","India","Andaman","2020-04-07 16:27:36.836+00","2020-04-07 16:27:36.836+00",NULL,NULL
6,"Ferrargunj","India","Andaman","2020-04-07 16:27:36.843+00","2020-04-07 16:27:36.843+00",NULL,NULL
7,"Port  Blair","India","Andaman","2020-04-07 16:27:36.828+00","2020-04-07 16:27:36.828+00",NULL,NULL
8,"Carnicobar","India","Andaman","2020-04-07 16:27:36.856+00","2020-04-07 16:27:36.856+00",NULL,NULL
9,"Port Blair","India","Andaman","2020-04-07 16:27:36.873+00","2020-04-07 16:27:36.873+00",NULL,NULL
10,"Port Blair","India","Andaman","2020-04-07 16:27:36.939+00","2020-04-07 16:27:36.939+00",NULL,NULL
11,"Hut Bay","India","Andaman","2020-04-07 16:27:36.892+00","2020-04-07 16:27:36.892+00",NULL,NULL
12,"Mayabander","India","Andaman","2020-04-07 16:27:36.923+00","2020-04-07 16:27:36.923+00",NULL,NULL
13,"Adoni","India","Andhra Pradesh","2020-04-07 16:27:37.819+00","2020-04-07 16:27:37.819+00",NULL,NULL
14,"Pattikonda","India","Andhra Pradesh","2020-04-07 16:27:37.919+00","2020-04-07 16:27:37.919+00",NULL,NULL
15,"Kurnool","India","Andhra Pradesh","2020-04-07 16:27:37.747+00","2020-04-07 16:27:37.747+00",NULL,NULL
16,"Gonegandla","India","Andhra Pradesh","2020-04-07 16:27:38.029+00","2020-04-07 16:27:38.029+00",NULL,NULL
17,"Kodumur","India","Andhra Pradesh","2020-04-07 16:27:38.048+00","2020-04-07 16:27:38.048+00",NULL,NULL
18,"Pagidyala","India","Andhra Pradesh","2020-04-07 16:27:38.097+00","2020-04-07 16:27:38.097+00",NULL,NULL
19,"Peapally","India","Andhra Pradesh","2020-04-07 16:27:38.086+00","2020-04-07 16:27:38.086+00",NULL,NULL
20,"Krishna","India","Andhra Pradesh","2020-04-07 16:27:38.163+00","2020-04-07 16:27:38.163+00",NULL,NULL
21,"Srisailam","India","Andhra Pradesh","2020-04-07 16:27:38.118+00","2020-04-07 16:27:38.118+00",NULL,NULL
22,"Vijayawada (Urban)","India","Andhra Pradesh","2020-04-07 16:27:38.187+00","2020-04-07 16:27:38.187+00",NULL,NULL
23,"Vuyyuru","India","Andhra Pradesh","2020-04-07 16:27:39.466+00","2020-04-07 16:27:39.466+00",NULL,NULL
24,"Ibrahimpatnam","India","Andhra Pradesh","2020-04-07 16:27:39.568+00","2020-04-07 16:27:39.568+00",NULL,NULL
25,"Vijayawada","India","Andhra Pradesh","2020-04-07 16:27:39.663+00","2020-04-07 16:27:39.663+00",NULL,NULL
26,"Vijayawada (Rural)","India","Andhra Pradesh","2020-04-07 16:27:39.696+00","2020-04-07 16:27:39.696+00",NULL,NULL
27,"Bapatla","India","Andhra Pradesh","2020-04-07 16:27:39.861+00","2020-04-07 16:27:39.861+00",NULL,NULL
28,"Kothapeta Taluk","India","Andhra Pradesh","2020-04-07 16:27:39.871+00","2020-04-07 16:27:39.871+00",NULL,NULL
29,"Proddatur","India","Andhra Pradesh","2020-04-07 16:27:39.885+00","2020-04-07 16:27:39.885+00",NULL,NULL
30,"Kamalapuram","India","Andhra Pradesh","2020-04-07 16:27:39.901+00","2020-04-07 16:27:39.901+00",NULL,NULL
31,"Pulivendla","India","Andhra Pradesh","2020-04-07 16:27:39.891+00","2020-04-07 16:27:39.891+00",NULL,NULL
32,"Cuddapah","India","Andhra Pradesh","2020-04-07 16:27:39.911+00","2020-04-07 16:27:39.911+00",NULL,NULL
33,"Jammalmadugu","India","Andhra Pradesh","2020-04-07 16:27:40.052+00","2020-04-07 16:27:40.052+00",NULL,NULL
34,"Muddanur","India","Andhra Pradesh","2020-04-07 16:27:39.949+00","2020-04-07 16:27:39.949+00",NULL,NULL
35,"Mylavaram","India","Andhra Pradesh","2020-04-07 16:27:40.117+00","2020-04-07 16:27:40.117+00",NULL,NULL
36,"Jammalamadugu","India","Andhra Pradesh","2020-04-07 16:27:40.069+00","2020-04-07 16:27:40.069+00",NULL,NULL
37,"Pulivedla","India","Andhra Pradesh","2020-04-07 16:27:39.938+00","2020-04-07 16:27:39.938+00",NULL,NULL
38,"Guntur","India","Andhra Pradesh","2020-04-07 16:27:40.207+00","2020-04-07 16:27:40.207+00",NULL,NULL
39,"Yerraguntla","India","Andhra Pradesh","2020-04-07 16:27:40.185+00","2020-04-07 16:27:40.185+00",NULL,NULL
40,"Repalle","India","Andhra Pradesh","2020-04-07 16:27:40.233+00","2020-04-07 16:27:40.233+00",NULL,NULL
41,"Visakhapatnam (Rural)","India","Andhra Pradesh","2020-04-07 16:27:40.218+00","2020-04-07 16:27:40.218+00",NULL,NULL
42,"Chodavaram","India","Andhra Pradesh","2020-04-07 16:27:40.24+00","2020-04-07 16:27:40.24+00",NULL,NULL
43,"Visakhapatnam","India","Andhra Pradesh","2020-04-07 16:27:40.278+00","2020-04-07 16:27:40.278+00",NULL,NULL
44,"Pendurthi","India","Andhra Pradesh","2020-04-07 16:27:40.284+00","2020-04-07 16:27:40.284+00",NULL,NULL
45,"Visakhapatnam (Urban)","India","Andhra Pradesh","2020-04-07 16:27:40.25+00","2020-04-07 16:27:40.25+00",NULL,NULL
46,"Tadpatri","India","Andhra Pradesh","2020-04-07 16:27:40.295+00","2020-04-07 16:27:40.295+00",NULL,NULL
47,"Paravada","India","Andhra Pradesh","2020-04-07 16:27:40.272+00","2020-04-07 16:27:40.272+00",NULL,NULL
48,"Etcherla","India","Andhra Pradesh","2020-04-07 16:27:40.31+00","2020-04-07 16:27:40.31+00",NULL,NULL
49,"Denkada","India","Andhra Pradesh","2020-04-07 16:27:40.315+00","2020-04-07 16:27:40.315+00",NULL,NULL
50,"Ananthapur","India","Andhra Pradesh","2020-04-07 16:27:40.302+00","2020-04-07 16:27:40.302+00",NULL,NULL
51,"Allagadda","India","Andhra Pradesh","2020-04-07 16:27:40.327+00","2020-04-07 16:27:40.327+00",NULL,NULL
52,"Chapad","India","Andhra Pradesh","2020-04-07 16:27:40.334+00","2020-04-07 16:27:40.334+00",NULL,NULL
53,"Hindupur","India","Andhra Pradesh","2020-04-07 16:27:40.352+00","2020-04-07 16:27:40.352+00",NULL,NULL
54,"Puttaparthi","India","Andhra Pradesh","2020-04-07 16:27:40.357+00","2020-04-07 16:27:40.357+00",NULL,NULL
55,"Nuzvid","India","Andhra Pradesh","2020-04-07 16:27:40.498+00","2020-04-07 16:27:40.498+00",NULL,NULL
56,"A.Konduru","India","Andhra Pradesh","2020-04-07 16:27:40.485+00","2020-04-07 16:27:40.485+00",NULL,NULL
57,"Srikalahasti","India","Andhra Pradesh","2020-04-07 16:27:40.548+00","2020-04-07 16:27:40.548+00",NULL,NULL
58,"Nellore","India","Andhra Pradesh","2020-04-07 16:27:40.557+00","2020-04-07 16:27:40.557+00",NULL,NULL
59,"Tuggali","India","Andhra Pradesh","2020-04-07 16:27:40.52+00","2020-04-07 16:27:40.52+00",NULL,NULL
60,"Jiyyammavalsa","India","Andhra Pradesh","2020-04-07 16:27:40.539+00","2020-04-07 16:27:40.539+00",NULL,NULL
61,"Penamaluru Mandal","India","Andhra Pradesh","2020-04-07 16:27:40.57+00","2020-04-07 16:27:40.57+00",NULL,NULL
62,"Medikonduru","India","Andhra Pradesh","2020-04-07 16:27:40.576+00","2020-04-07 16:27:40.576+00",NULL,NULL
63,"Amadalavalasa","India","Andhra Pradesh","2020-04-07 16:27:40.593+00","2020-04-07 16:27:40.593+00",NULL,NULL
64,"Tekkali Mandal","India","Andhra Pradesh","2020-04-07 16:27:40.582+00","2020-04-07 16:27:40.582+00",NULL,NULL
65,"Gajuwaka","India","Andhra Pradesh","2020-04-07 16:27:40.587+00","2020-04-07 16:27:40.587+00",NULL,NULL
66,"Sankhavaram","India","Andhra Pradesh","2020-04-07 16:27:40.611+00","2020-04-07 16:27:40.611+00",NULL,NULL
67,"Addatigala","India","Andhra Pradesh","2020-04-07 16:27:40.599+00","2020-04-07 16:27:40.599+00",NULL,NULL
68,"Tuni","India","Andhra Pradesh","2020-04-07 16:27:40.605+00","2020-04-07 16:27:40.605+00",NULL,NULL
69,"Gollaprolu","India","Andhra Pradesh","2020-04-07 16:27:40.618+00","2020-04-07 16:27:40.618+00",NULL,NULL
70,"Prathipadu","India","Andhra Pradesh","2020-04-07 16:27:40.625+00","2020-04-07 16:27:40.625+00",NULL,NULL
71,"Jaggampeta","India","Andhra Pradesh","2020-04-07 16:27:40.636+00","2020-04-07 16:27:40.636+00",NULL,NULL
72,"Kirlampudi","India","Andhra Pradesh","2020-04-07 16:27:40.642+00","2020-04-07 16:27:40.642+00",NULL,NULL
73,"Kotananduru","India","Andhra Pradesh","2020-04-07 16:27:40.654+00","2020-04-07 16:27:40.654+00",NULL,NULL
74,"Kothapalli","India","Andhra Pradesh","2020-04-07 16:27:40.671+00","2020-04-07 16:27:40.671+00",NULL,NULL
75,"Pithapuram","India","Andhra Pradesh","2020-04-07 16:27:40.702+00","2020-04-07 16:27:40.702+00",NULL,NULL
76,"Peddapuram","India","Andhra Pradesh","2020-04-07 16:27:40.718+00","2020-04-07 16:27:40.718+00",NULL,NULL
77,"Rajavommangi","India","Andhra Pradesh","2020-04-07 16:27:40.744+00","2020-04-07 16:27:40.744+00",NULL,NULL
78,"Rangampeta","India","Andhra Pradesh","2020-04-07 16:27:40.75+00","2020-04-07 16:27:40.75+00",NULL,NULL
79,"Samalkota","India","Andhra Pradesh","2020-04-07 16:27:40.756+00","2020-04-07 16:27:40.756+00",NULL,NULL
80,"Thondangi","India","Andhra Pradesh","2020-04-07 16:27:40.773+00","2020-04-07 16:27:40.773+00",NULL,NULL
81,"Samalkot","India","Andhra Pradesh","2020-04-07 16:27:40.803+00","2020-04-07 16:27:40.803+00",NULL,NULL
82,"Yeleswaram","India","Andhra Pradesh","2020-04-07 16:27:40.811+00","2020-04-07 16:27:40.811+00",NULL,NULL
83,"Y Ramavaram","India","Andhra Pradesh","2020-04-07 16:27:40.818+00","2020-04-07 16:27:40.818+00",NULL,NULL
84,"Kakinada (Urban)","India","Andhra Pradesh","2020-04-07 16:27:40.824+00","2020-04-07 16:27:40.824+00",NULL,NULL
85,"Tallarevu","India","Andhra Pradesh","2020-04-07 16:27:40.847+00","2020-04-07 16:27:40.847+00",NULL,NULL
86,"Kajuluru","India","Andhra Pradesh","2020-04-07 16:27:40.87+00","2020-04-07 16:27:40.87+00",NULL,NULL
87,"Yatapaka","India","Andhra Pradesh","2020-04-07 16:27:40.881+00","2020-04-07 16:27:40.881+00",NULL,NULL
88,"Chintoor Mandal","India","Andhra Pradesh","2020-04-07 16:27:40.896+00","2020-04-07 16:27:40.896+00",NULL,NULL
89,"Durgi","India","Andhra Pradesh","2020-04-07 16:27:40.906+00","2020-04-07 16:27:40.906+00",NULL,NULL
90,"Ipuru","India","Andhra Pradesh","2020-04-07 16:27:40.913+00","2020-04-07 16:27:40.913+00",NULL,NULL
91,"Karempudi","India","Andhra Pradesh","2020-04-07 16:27:40.919+00","2020-04-07 16:27:40.919+00",NULL,NULL
92,"Narasaraopet","India","Andhra Pradesh","2020-04-07 16:27:40.924+00","2020-04-07 16:27:40.924+00",NULL,NULL
93,"Vinukonda","India","Andhra Pradesh","2020-04-07 16:27:40.933+00","2020-04-07 16:27:40.933+00",NULL,NULL
94,"Nekarikallu","India","Andhra Pradesh","2020-04-07 16:27:40.947+00","2020-04-07 16:27:40.947+00",NULL,NULL
95,"Nuzendla","India","Andhra Pradesh","2020-04-07 16:27:40.964+00","2020-04-07 16:27:40.964+00",NULL,NULL
96,"Phirangipuram","India","Andhra Pradesh","2020-04-07 16:27:40.975+00","2020-04-07 16:27:40.975+00",NULL,NULL
97,"Rompicherla","India","Andhra Pradesh","2020-04-07 16:27:40.992+00","2020-04-07 16:27:40.992+00",NULL,NULL
98,"Nadendla","India","Andhra Pradesh","2020-04-07 16:27:40.997+00","2020-04-07 16:27:40.997+00",NULL,NULL
99,"Savalyapuram","India","Andhra Pradesh","2020-04-07 16:27:41.016+00","2020-04-07 16:27:41.016+00",NULL,NULL
100,"Edlapadu","India","Andhra Pradesh","2020-04-07 16:27:41.041+00","2020-04-07 16:27:41.041+00",NULL,NULL
101,"Chilakaluripet","India","Andhra Pradesh","2020-04-07 16:27:41.054+00","2020-04-07 16:27:41.054+00",NULL,NULL
102,"Atchampet","India","Andhra Pradesh","2020-04-07 16:27:41.091+00","2020-04-07 16:27:41.091+00",NULL,NULL
103,"Bellamkonda","India","Andhra Pradesh","2020-04-07 16:27:41.097+00","2020-04-07 16:27:41.097+00",NULL,NULL
104,"Sattenapalle","India","Andhra Pradesh","2020-04-07 16:27:41.103+00","2020-04-07 16:27:41.103+00",NULL,NULL
105,"Dachepalle","India","Andhra Pradesh","2020-04-07 16:27:41.109+00","2020-04-07 16:27:41.109+00",NULL,NULL
106,"Gurazalla","India","Andhra Pradesh","2020-04-07 16:27:41.12+00","2020-04-07 16:27:41.12+00",NULL,NULL
107,"Krosuru","India","Andhra Pradesh","2020-04-07 16:27:41.126+00","2020-04-07 16:27:41.126+00",NULL,NULL
108,"Macherla","India","Andhra Pradesh","2020-04-07 16:27:41.132+00","2020-04-07 16:27:41.132+00",NULL,NULL
109,"Muppalla","India","Andhra Pradesh","2020-04-07 16:27:41.148+00","2020-04-07 16:27:41.148+00",NULL,NULL
110,"Pedakurpadu","India","Andhra Pradesh","2020-04-07 16:27:41.163+00","2020-04-07 16:27:41.163+00",NULL,NULL
111,"Pedakurapadu","India","Andhra Pradesh","2020-04-07 16:27:41.154+00","2020-04-07 16:27:41.154+00",NULL,NULL
112,"Piduguralla","India","Andhra Pradesh","2020-04-07 16:27:41.169+00","2020-04-07 16:27:41.169+00",NULL,NULL
113,"Rajupalem","India","Andhra Pradesh","2020-04-07 16:27:41.186+00","2020-04-07 16:27:41.186+00",NULL,NULL
114,"Rentachintala","India","Andhra Pradesh","2020-04-07 16:27:41.193+00","2020-04-07 16:27:41.193+00",NULL,NULL
115,"Kanigiri","India","Andhra Pradesh","2020-04-07 16:27:41.223+00","2020-04-07 16:27:41.223+00",NULL,NULL
116,"Veldurthy","India","Andhra Pradesh","2020-04-07 16:27:41.204+00","2020-04-07 16:27:41.204+00",NULL,NULL
117,"Ongole","India","Andhra Pradesh","2020-04-07 16:27:41.263+00","2020-04-07 16:27:41.263+00",NULL,NULL
118,"Prakasam","India","Andhra Pradesh","2020-04-07 16:27:41.314+00","2020-04-07 16:27:41.314+00",NULL,NULL
119,"Chirala","India","Andhra Pradesh","2020-04-07 16:27:41.32+00","2020-04-07 16:27:41.32+00",NULL,NULL
120,"Vetapalem","India","Andhra Pradesh","2020-04-07 16:27:41.408+00","2020-04-07 16:27:41.408+00",NULL,NULL
121,"Kandukur","India","Andhra Pradesh","2020-04-07 16:27:41.436+00","2020-04-07 16:27:41.436+00",NULL,NULL
122,"Rajahmundry (Urban)","India","Andhra Pradesh","2020-04-07 16:27:41.763+00","2020-04-07 16:27:41.763+00",NULL,NULL
123,"Devipatnam","India","Andhra Pradesh","2020-04-07 16:27:41.781+00","2020-04-07 16:27:41.781+00",NULL,NULL
124,"Korukonda","India","Andhra Pradesh","2020-04-07 16:27:41.786+00","2020-04-07 16:27:41.786+00",NULL,NULL
125,"East Godavari","India","Andhra Pradesh","2020-04-07 16:27:41.793+00","2020-04-07 16:27:41.793+00",NULL,NULL
126,"Gokavaram","India","Andhra Pradesh","2020-04-07 16:27:41.804+00","2020-04-07 16:27:41.804+00",NULL,NULL
127,"Rajahmundry Rural","India","Andhra Pradesh","2020-04-07 16:27:41.814+00","2020-04-07 16:27:41.814+00",NULL,NULL
128,"Maredumilli","India","Andhra Pradesh","2020-04-07 16:27:41.836+00","2020-04-07 16:27:41.836+00",NULL,NULL
129,"Kadiyam","India","Andhra Pradesh","2020-04-07 16:27:41.821+00","2020-04-07 16:27:41.821+00",NULL,NULL
130,"Rampachodavaram","India","Andhra Pradesh","2020-04-07 16:27:41.853+00","2020-04-07 16:27:41.853+00",NULL,NULL
131,"Rajanagaram","India","Andhra Pradesh","2020-04-07 16:27:41.847+00","2020-04-07 16:27:41.847+00",NULL,NULL
132,"Sithanagaram","India","Andhra Pradesh","2020-04-07 16:27:41.872+00","2020-04-07 16:27:41.872+00",NULL,NULL
133,"Bikkavolu","India","Andhra Pradesh","2020-04-07 16:27:41.918+00","2020-04-07 16:27:41.918+00",NULL,NULL
134,"Pamarru","India","Andhra Pradesh","2020-04-07 16:27:41.931+00","2020-04-07 16:27:41.931+00",NULL,NULL
135,"Rayavaram","India","Andhra Pradesh","2020-04-07 16:27:41.924+00","2020-04-07 16:27:41.924+00",NULL,NULL
136,"Ramachandrapuram","India","Andhra Pradesh","2020-04-07 16:27:41.943+00","2020-04-07 16:27:41.943+00",NULL,NULL
137,"Alamuru","India","Andhra Pradesh","2020-04-07 16:27:41.982+00","2020-04-07 16:27:41.982+00",NULL,NULL
138,"Kapileswarapuram","India","Andhra Pradesh","2020-04-07 16:27:41.997+00","2020-04-07 16:27:41.997+00",NULL,NULL
139,"Anaparthy","India","Andhra Pradesh","2020-04-07 16:27:41.988+00","2020-04-07 16:27:41.988+00",NULL,NULL
140,"Mandapeta","India","Andhra Pradesh","2020-04-07 16:27:42.022+00","2020-04-07 16:27:42.022+00",NULL,NULL
141,"Penugonda (mdl)","India","Andhra Pradesh","2020-04-07 16:27:42.098+00","2020-04-07 16:27:42.098+00",NULL,NULL
142,"Penumantra (mdl)","India","Andhra Pradesh","2020-04-07 16:27:42.116+00","2020-04-07 16:27:42.116+00",NULL,NULL
143,"Kodavaluru","India","Andhra Pradesh","2020-04-07 16:27:42.077+00","2020-04-07 16:27:42.077+00",NULL,NULL
144,"Peravali (mdl)","India","Andhra Pradesh","2020-04-07 16:27:42.123+00","2020-04-07 16:27:42.123+00",NULL,NULL
145,"Poduru (mdl)","India","Andhra Pradesh","2020-04-07 16:27:42.13+00","2020-04-07 16:27:42.13+00",NULL,NULL
146,"Bhimavaram","India","Andhra Pradesh","2020-04-07 16:27:42.155+00","2020-04-07 16:27:42.155+00",NULL,NULL
147,"Viravasaram (mdl)","India","Andhra Pradesh","2020-04-07 16:27:42.146+00","2020-04-07 16:27:42.146+00",NULL,NULL
148,"Narasapuram","India","Andhra Pradesh","2020-04-07 16:27:42.161+00","2020-04-07 16:27:42.161+00",NULL,NULL
149,"Tanuku","India","Andhra Pradesh","2020-04-07 16:27:42.174+00","2020-04-07 16:27:42.174+00",NULL,NULL
150,"Narsapur (mdl)","India","Andhra Pradesh","2020-04-07 16:27:42.186+00","2020-04-07 16:27:42.186+00",NULL,NULL
151,"Kalla (mdl)","India","Andhra Pradesh","2020-04-07 16:27:42.206+00","2020-04-07 16:27:42.206+00",NULL,NULL
152,"Palakoderu (mdl)","India","Andhra Pradesh","2020-04-07 16:27:42.213+00","2020-04-07 16:27:42.213+00",NULL,NULL
153,"Bhimavaram(mdl)","India","Andhra Pradesh","2020-04-07 16:27:42.229+00","2020-04-07 16:27:42.229+00",NULL,NULL
154,"Undi (mdl)","India","Andhra Pradesh","2020-04-07 16:27:42.236+00","2020-04-07 16:27:42.236+00",NULL,NULL
155,"Velpur (mdl)","India","Andhra Pradesh","2020-04-07 16:27:42.253+00","2020-04-07 16:27:42.253+00",NULL,NULL
156,"Tanuku (mdl)","India","Andhra Pradesh","2020-04-07 16:27:42.26+00","2020-04-07 16:27:42.26+00",NULL,NULL
157,"Vundrajavaram (mdl)","India","Andhra Pradesh","2020-04-07 16:27:42.271+00","2020-04-07 16:27:42.271+00",NULL,NULL
158,"Akividu (mdl)","India","Andhra Pradesh","2020-04-07 16:27:42.282+00","2020-04-07 16:27:42.282+00",NULL,NULL
159,"West Godavari","India","Andhra Pradesh","2020-04-07 16:27:42.29+00","2020-04-07 16:27:42.29+00",NULL,NULL
160,"Attili (mdl)","India","Andhra Pradesh","2020-04-07 16:27:42.296+00","2020-04-07 16:27:42.296+00",NULL,NULL
161,"Atchanta (mdl)","India","Andhra Pradesh","2020-04-07 16:27:42.303+00","2020-04-07 16:27:42.303+00",NULL,NULL
162,"Bhimavaram (mdl)","India","Andhra Pradesh","2020-04-07 16:27:42.32+00","2020-04-07 16:27:42.32+00",NULL,NULL
163,"Ellamanchili (mdl)","India","Andhra Pradesh","2020-04-07 16:27:42.332+00","2020-04-07 16:27:42.332+00",NULL,NULL
164,"Iragavaram (mdl)","India","Andhra Pradesh","2020-04-07 16:27:42.36+00","2020-04-07 16:27:42.36+00",NULL,NULL
165,"Poduru(mdl)","India","Andhra Pradesh","2020-04-07 16:27:42.384+00","2020-04-07 16:27:42.384+00",NULL,NULL
166,"Palakol (mdl)","India","Andhra Pradesh","2020-04-07 16:27:42.372+00","2020-04-07 16:27:42.372+00",NULL,NULL
167,"Viravasaram(mdl)","India","Andhra Pradesh","2020-04-07 16:27:42.4+00","2020-04-07 16:27:42.4+00",NULL,NULL
168,"Palacole","India","Andhra Pradesh","2020-04-07 16:27:42.413+00","2020-04-07 16:27:42.413+00",NULL,NULL
169,"Mogalturu(mdl)","India","Andhra Pradesh","2020-04-07 16:27:42.444+00","2020-04-07 16:27:42.444+00",NULL,NULL
170,"U.varam(mdl)","India","Andhra Pradesh","2020-04-07 16:27:42.465+00","2020-04-07 16:27:42.465+00",NULL,NULL
171,"Madanapalle","India","Andhra Pradesh","2020-04-07 16:27:42.511+00","2020-04-07 16:27:42.511+00",NULL,NULL
172,"Palakoderu(mdl)","India","Andhra Pradesh","2020-04-07 16:27:42.502+00","2020-04-07 16:27:42.502+00",NULL,NULL
173,"Madanpalle","India","Andhra Pradesh","2020-04-07 16:27:42.532+00","2020-04-07 16:27:42.532+00",NULL,NULL
174,"Palamaner","India","Andhra Pradesh","2020-04-07 16:27:42.564+00","2020-04-07 16:27:42.564+00",NULL,NULL
175,"Chittoor","India","Andhra Pradesh","2020-04-07 16:27:42.573+00","2020-04-07 16:27:42.573+00",NULL,NULL
176,"Arugonda","India","Andhra Pradesh","2020-04-07 16:27:42.642+00","2020-04-07 16:27:42.642+00",NULL,NULL
177,"Sydapuram","India","Andhra Pradesh","2020-04-07 16:27:43.039+00","2020-04-07 16:27:43.039+00",NULL,NULL
178,"Yadamarri","India","Andhra Pradesh","2020-04-07 16:27:42.914+00","2020-04-07 16:27:42.914+00",NULL,NULL
179,"Kaluvoya","India","Andhra Pradesh","2020-04-07 16:27:43.044+00","2020-04-07 16:27:43.044+00",NULL,NULL
180,"Podalakur","India","Andhra Pradesh","2020-04-07 16:27:43.049+00","2020-04-07 16:27:43.049+00",NULL,NULL
181,"Rapur","India","Andhra Pradesh","2020-04-07 16:27:43.053+00","2020-04-07 16:27:43.053+00",NULL,NULL
182,"Balayapalli","India","Andhra Pradesh","2020-04-07 16:27:43.062+00","2020-04-07 16:27:43.062+00",NULL,NULL
183,"Gudur","India","Andhra Pradesh","2020-04-07 16:27:43.08+00","2020-04-07 16:27:43.08+00",NULL,NULL
184,"Kota","India","Andhra Pradesh","2020-04-07 16:27:43.107+00","2020-04-07 16:27:43.107+00",NULL,NULL
185,"Dakkili","India","Andhra Pradesh","2020-04-07 16:27:43.087+00","2020-04-07 16:27:43.087+00",NULL,NULL
186,"Vakadu","India","Andhra Pradesh","2020-04-07 16:27:43.113+00","2020-04-07 16:27:43.113+00",NULL,NULL
187,"Venkatagiri","India","Andhra Pradesh","2020-04-07 16:27:43.122+00","2020-04-07 16:27:43.122+00",NULL,NULL
188,"Manubolu","India","Andhra Pradesh","2020-04-07 16:27:43.268+00","2020-04-07 16:27:43.268+00",NULL,NULL
189,"Vojili","India","Andhra Pradesh","2020-04-07 16:27:43.249+00","2020-04-07 16:27:43.249+00",NULL,NULL
190,"Venkatachalam","India","Andhra Pradesh","2020-04-07 16:27:43.284+00","2020-04-07 16:27:43.284+00",NULL,NULL
191,"Survepalli","India","Andhra Pradesh","2020-04-07 16:27:43.291+00","2020-04-07 16:27:43.291+00",NULL,NULL
192,"Chittamur","India","Andhra Pradesh","2020-04-07 16:27:43.313+00","2020-04-07 16:27:43.313+00",NULL,NULL
193,"Sullurpeta","India","Andhra Pradesh","2020-04-07 16:27:43.307+00","2020-04-07 16:27:43.307+00",NULL,NULL
194,"Naidupeta","India","Andhra Pradesh","2020-04-07 16:27:43.32+00","2020-04-07 16:27:43.32+00",NULL,NULL
195,"Pellakur","India","Andhra Pradesh","2020-04-07 16:27:43.335+00","2020-04-07 16:27:43.335+00",NULL,NULL
196,"Tada","India","Andhra Pradesh","2020-04-07 16:27:43.362+00","2020-04-07 16:27:43.362+00",NULL,NULL
197,"Pedapudi","India","Andhra Pradesh","2020-04-07 16:27:43.396+00","2020-04-07 16:27:43.396+00",NULL,NULL
198,"Chejerla","India","Andhra Pradesh","2020-04-07 16:27:43.38+00","2020-04-07 16:27:43.38+00",NULL,NULL
199,"Kakinada Rural","India","Andhra Pradesh","2020-04-07 16:27:43.402+00","2020-04-07 16:27:43.402+00",NULL,NULL
200,"Karapa","India","Andhra Pradesh","2020-04-07 16:27:43.423+00","2020-04-07 16:27:43.423+00",NULL,NULL
201,"Satyavedu","India","Andhra Pradesh","2020-04-07 16:27:43.478+00","2020-04-07 16:27:43.478+00",NULL,NULL
202,"Kukunoor","India","Andhra Pradesh","2020-04-07 16:27:43.484+00","2020-04-07 16:27:43.484+00",NULL,NULL
203,"Tirupati","India","Andhra Pradesh","2020-04-07 16:27:43.491+00","2020-04-07 16:27:43.491+00",NULL,NULL
204,"Peddapalli","India","Andhra Pradesh","2020-04-07 16:27:43.504+00","2020-04-07 16:27:43.505+00",NULL,NULL
205,"Gangavaram","India","Andhra Pradesh","2020-04-07 16:27:43.534+00","2020-04-07 16:27:43.534+00",NULL,NULL
206,"Kuppam","India","Andhra Pradesh","2020-04-07 16:27:43.592+00","2020-04-07 16:27:43.592+00",NULL,NULL
207,"Iragavaram(mdl)","India","Andhra Pradesh","2020-04-07 16:27:43.582+00","2020-04-07 16:27:43.582+00",NULL,NULL
208,"Gandepalli","India","Andhra Pradesh","2020-04-07 16:27:43.567+00","2020-04-07 16:27:43.567+00",NULL,NULL
209,"Amalapuram","India","Andhra Pradesh","2020-04-07 16:27:43.621+00","2020-04-07 16:27:43.621+00",NULL,NULL
210,"Razole","India","Andhra Pradesh","2020-04-07 16:27:43.628+00","2020-04-07 16:27:43.628+00",NULL,NULL
211,"Anakapalle","India","Andhra Pradesh","2020-04-07 16:27:43.634+00","2020-04-07 16:27:43.634+00",NULL,NULL
212,"Narsipatnam","India","Andhra Pradesh","2020-04-07 16:27:43.641+00","2020-04-07 16:27:43.641+00",NULL,NULL
213,"Anantapur","India","Andhra Pradesh","2020-04-07 16:27:43.648+00","2020-04-07 16:27:43.648+00",NULL,NULL
214,"Rajampet","India","Andhra Pradesh","2020-04-07 16:27:43.702+00","2020-04-07 16:27:43.702+00",NULL,NULL
215,"Eluru","India","Andhra Pradesh","2020-04-07 16:27:43.715+00","2020-04-07 16:27:43.715+00",NULL,NULL
216,"J.r.gudem","India","Andhra Pradesh","2020-04-07 16:27:43.721+00","2020-04-07 16:27:43.721+00",NULL,NULL
217,"Guntakal","India","Andhra Pradesh","2020-04-07 16:27:43.965+00","2020-04-07 16:27:43.965+00",NULL,NULL
218,"Mangalagiri","India","Andhra Pradesh","2020-04-07 16:27:44.189+00","2020-04-07 16:27:44.189+00",NULL,NULL
219,"Gudivada","India","Andhra Pradesh","2020-04-07 16:27:43.729+00","2020-04-07 16:27:43.729+00",NULL,NULL
220,"Kunavaram","India","Andhra Pradesh","2020-04-07 16:27:44.204+00","2020-04-07 16:27:44.204+00",NULL,NULL
221,"VR puram","India","Andhra Pradesh","2020-04-07 16:27:44.197+00","2020-04-07 16:27:44.197+00",NULL,NULL
222,"Dharmavaram","India","Andhra Pradesh","2020-04-07 16:27:44.215+00","2020-04-07 16:27:44.215+00",NULL,NULL
223,"Nandyal","India","Andhra Pradesh","2020-04-07 16:27:44.237+00","2020-04-07 16:27:44.237+00",NULL,NULL
224,"Markapur","India","Andhra Pradesh","2020-04-07 16:27:44.244+00","2020-04-07 16:27:44.244+00",NULL,NULL
225,"Kavali","India","Andhra Pradesh","2020-04-07 16:27:44.268+00","2020-04-07 16:27:44.268+00",NULL,NULL
226,"Parvathipuram","India","Andhra Pradesh","2020-04-07 16:27:44.275+00","2020-04-07 16:27:44.275+00",NULL,NULL
227,"Bobbili","India","Andhra Pradesh","2020-04-07 16:27:44.282+00","2020-04-07 16:27:44.282+00",NULL,NULL
228,"Bandar","India","Andhra Pradesh","2020-04-07 16:27:44.337+00","2020-04-07 16:27:44.337+00",NULL,NULL
229,"Avanigadda","India","Andhra Pradesh","2020-04-07 16:27:44.345+00","2020-04-07 16:27:44.345+00",NULL,NULL
230,"Srikakulam","India","Andhra Pradesh","2020-04-07 16:27:44.351+00","2020-04-07 16:27:44.351+00",NULL,NULL
231,"Tekkali","India","Andhra Pradesh","2020-04-07 16:27:44.362+00","2020-04-07 16:27:44.362+00",NULL,NULL
232,"Tadepalligudem","India","Andhra Pradesh","2020-04-07 16:27:44.388+00","2020-04-07 16:27:44.388+00",NULL,NULL
233,"Kovvur","India","Andhra Pradesh","2020-04-07 16:27:44.394+00","2020-04-07 16:27:44.394+00",NULL,NULL
234,"Tirupati (Urban)","India","Andhra Pradesh","2020-04-07 16:27:44.414+00","2020-04-07 16:27:44.414+00",NULL,NULL
235,"Chandragiri","India","Andhra Pradesh","2020-04-07 16:27:44.421+00","2020-04-07 16:27:44.421+00",NULL,NULL
236,"Vizianagaram","India","Andhra Pradesh","2020-04-07 16:27:44.443+00","2020-04-07 16:27:44.443+00",NULL,NULL
237,"Bathalapalli","India","Andhra Pradesh","2020-04-07 16:27:44.457+00","2020-04-07 16:27:44.457+00",NULL,NULL
238,"Chennekothapalle","India","Andhra Pradesh","2020-04-07 16:27:44.45+00","2020-04-07 16:27:44.45+00",NULL,NULL
239,"Kanaganapalli","India","Andhra Pradesh","2020-04-07 16:27:44.465+00","2020-04-07 16:27:44.465+00",NULL,NULL
240,"Mudigubba","India","Andhra Pradesh","2020-04-07 16:27:44.484+00","2020-04-07 16:27:44.484+00",NULL,NULL
241,"Lepakshi","India","Andhra Pradesh","2020-04-07 16:27:44.492+00","2020-04-07 16:27:44.492+00",NULL,NULL
242,"Tadimarri","India","Andhra Pradesh","2020-04-07 16:27:44.506+00","2020-04-07 16:27:44.506+00",NULL,NULL
243,"Talupula","India","Andhra Pradesh","2020-04-07 16:27:44.515+00","2020-04-07 16:27:44.515+00",NULL,NULL
244,"Tanakallu","India","Andhra Pradesh","2020-04-07 16:27:44.587+00","2020-04-07 16:27:44.587+00",NULL,NULL
245,"Agali","India","Andhra Pradesh","2020-04-07 16:27:44.627+00","2020-04-07 16:27:44.627+00",NULL,NULL
246,"Amarapuram","India","Andhra Pradesh","2020-04-07 16:27:44.681+00","2020-04-07 16:27:44.681+00",NULL,NULL
247,"Nallacheruvu","India","Andhra Pradesh","2020-04-07 16:27:44.809+00","2020-04-07 16:27:44.809+00",NULL,NULL
248,"Ramagiri","India","Andhra Pradesh","2020-04-07 16:27:44.831+00","2020-04-07 16:27:44.831+00",NULL,NULL
249,"Gudibanda","India","Andhra Pradesh","2020-04-07 16:27:44.91+00","2020-04-07 16:27:44.91+00",NULL,NULL
250,"Penukonda","India","Andhra Pradesh","2020-04-07 16:27:44.898+00","2020-04-07 16:27:44.898+00",NULL,NULL
251,"Madakasira","India","Andhra Pradesh","2020-04-07 16:27:44.916+00","2020-04-07 16:27:44.916+00",NULL,NULL
252,"Parigi","India","Andhra Pradesh","2020-04-07 16:27:44.975+00","2020-04-07 16:27:44.975+00",NULL,NULL
253,"Kothacheruvu","India","Andhra Pradesh","2020-04-07 16:27:45.055+00","2020-04-07 16:27:45.055+00",NULL,NULL
254,"Obuladevaracheruvu","India","Andhra Pradesh","2020-04-07 16:27:45.111+00","2020-04-07 16:27:45.111+00",NULL,NULL
255,"Bukkapatnam","India","Andhra Pradesh","2020-04-07 16:27:45.407+00","2020-04-07 16:27:45.407+00",NULL,NULL
256,"Rolla","India","Andhra Pradesh","2020-04-07 16:27:45.63+00","2020-04-07 16:27:45.63+00",NULL,NULL
257,"Chilamathur","India","Andhra Pradesh","2020-04-07 16:27:45.666+00","2020-04-07 16:27:45.666+00",NULL,NULL
258,"Gorantla","India","Andhra Pradesh","2020-04-07 16:27:45.724+00","2020-04-07 16:27:45.724+00",NULL,NULL
259,"N.p. Kunta","India","Andhra Pradesh","2020-04-07 16:27:45.976+00","2020-04-07 16:27:45.976+00",NULL,NULL
260,"Kadiri","India","Andhra Pradesh","2020-04-07 16:27:46.286+00","2020-04-07 16:27:46.286+00",NULL,NULL
261,"Ambajipeta","India","Andhra Pradesh","2020-04-07 16:27:46.591+00","2020-04-07 16:27:46.591+00",NULL,NULL
262,"Sakhinetipalli Mandal","India","Andhra Pradesh","2020-04-07 16:27:46.909+00","2020-04-07 16:27:46.909+00",NULL,NULL
263,"Amalapuram Mandal","India","Andhra Pradesh","2020-04-07 16:27:46.615+00","2020-04-07 16:27:46.615+00",NULL,NULL
264,"Ainavilli","India","Andhra Pradesh","2020-04-07 16:27:47.049+00","2020-04-07 16:27:47.049+00",NULL,NULL
265,"Allavaram","India","Andhra Pradesh","2020-04-07 16:27:46.979+00","2020-04-07 16:27:46.979+00",NULL,NULL
266,"Mummidivaram","India","Andhra Pradesh","2020-04-07 16:27:47.099+00","2020-04-07 16:27:47.099+00",NULL,NULL
267,"Katrenikona","India","Andhra Pradesh","2020-04-07 16:27:47.012+00","2020-04-07 16:27:47.012+00",NULL,NULL
268,"Uppalaguptam","India","Andhra Pradesh","2020-04-07 16:27:47.208+00","2020-04-07 16:27:47.208+00",NULL,NULL
269,"Sakhinetipalli","India","Andhra Pradesh","2020-04-07 16:27:47.236+00","2020-04-07 16:27:47.236+00",NULL,NULL
270,"Malikipuram","India","Andhra Pradesh","2020-04-07 16:27:47.228+00","2020-04-07 16:27:47.228+00",NULL,NULL
271,"Mamidikuduru","India","Andhra Pradesh","2020-04-07 16:27:47.271+00","2020-04-07 16:27:47.271+00",NULL,NULL
272,"Ravulapalem","India","Andhra Pradesh","2020-04-07 16:27:47.582+00","2020-04-07 16:27:47.582+00",NULL,NULL
273,"Amalapuram.","India","Andhra Pradesh","2020-04-07 16:27:47.899+00","2020-04-07 16:27:47.899+00",NULL,NULL
274,"Atreyapuram","India","Andhra Pradesh","2020-04-07 16:27:47.829+00","2020-04-07 16:27:47.829+00",NULL,NULL
275,"P.gannavaram","India","Andhra Pradesh","2020-04-07 16:27:47.965+00","2020-04-07 16:27:47.965+00",NULL,NULL
276,"Atreypauram","India","Andhra Pradesh","2020-04-07 16:27:48.431+00","2020-04-07 16:27:48.431+00",NULL,NULL
277,"I.polavaram","India","Andhra Pradesh","2020-04-07 16:27:48.579+00","2020-04-07 16:27:48.579+00",NULL,NULL
278,"Kothapeta","India","Andhra Pradesh","2020-04-07 16:27:47.981+00","2020-04-07 16:27:47.981+00",NULL,NULL
279,"Brhama Samudram","India","Andhra Pradesh","2020-04-07 16:27:51.555+00","2020-04-07 16:27:51.555+00",NULL,NULL
280,"Kundurpi","India","Andhra Pradesh","2020-04-07 16:27:51.564+00","2020-04-07 16:27:51.564+00",NULL,NULL
281,"Kudair","India","Andhra Pradesh","2020-04-07 16:27:51.548+00","2020-04-07 16:27:51.548+00",NULL,NULL
282,"Allavaram Mandal","India","Andhra Pradesh","2020-04-07 16:27:48.635+00","2020-04-07 16:27:48.635+00",NULL,NULL
283,"Bukkarayasamudram","India","Andhra Pradesh","2020-04-07 16:27:51.579+00","2020-04-07 16:27:51.579+00",NULL,NULL
284,"Singanamala","India","Andhra Pradesh","2020-04-07 16:27:51.592+00","2020-04-07 16:27:51.592+00",NULL,NULL
285,"Kalyandurg","India","Andhra Pradesh","2020-04-07 16:27:51.622+00","2020-04-07 16:27:51.622+00",NULL,NULL
286,"Tadipatri","India","Andhra Pradesh","2020-04-07 16:27:52.118+00","2020-04-07 16:27:52.118+00",NULL,NULL
287,"Narpala","India","Andhra Pradesh","2020-04-07 16:27:52.163+00","2020-04-07 16:27:52.163+00",NULL,NULL
288,"Putlur","India","Andhra Pradesh","2020-04-07 16:27:52.264+00","2020-04-07 16:27:52.264+00",NULL,NULL
289,"Atmakur","India","Andhra Pradesh","2020-04-07 16:27:52.627+00","2020-04-07 16:27:52.627+00",NULL,NULL
290,"Beluguppa","India","Andhra Pradesh","2020-04-07 16:27:52.336+00","2020-04-07 16:27:52.336+00",NULL,NULL
291,"Ammalladinne","India","Andhra Pradesh","2020-04-07 16:27:52.923+00","2020-04-07 16:27:52.923+00",NULL,NULL
292,"Shetturu","India","Andhra Pradesh","2020-04-07 16:27:52.861+00","2020-04-07 16:27:52.861+00",NULL,NULL
293,"Yellanur","India","Andhra Pradesh","2020-04-07 16:27:53.978+00","2020-04-07 16:27:53.978+00",NULL,NULL
294,"B.Kodur","India","Andhra Pradesh","2020-04-07 16:27:58.586+00","2020-04-07 16:27:58.586+00",NULL,NULL
295,"Galiveedu","India","Andhra Pradesh","2020-04-07 16:27:58.594+00","2020-04-07 16:27:58.594+00",NULL,NULL
296,"Chakrayapet","India","Andhra Pradesh","2020-04-07 16:27:58.602+00","2020-04-07 16:27:58.602+00",NULL,NULL
297,"Rayachoti","India","Andhra Pradesh","2020-04-07 16:27:58.61+00","2020-04-07 16:27:58.61+00",NULL,NULL
298,"Lakkireddipalle","India","Andhra Pradesh","2020-04-07 16:27:58.62+00","2020-04-07 16:27:58.62+00",NULL,NULL
299,"Chinthakommadinne","India","Andhra Pradesh","2020-04-07 16:27:58.638+00","2020-04-07 16:27:58.638+00",NULL,NULL
300,"Porumamilla","India","Andhra Pradesh","2020-04-07 16:27:58.631+00","2020-04-07 16:27:58.631+00",NULL,NULL
301,"T Sundupalle","India","Andhra Pradesh","2020-04-07 16:27:58.776+00","2020-04-07 16:27:58.776+00",NULL,NULL
302,"Veeraballe","India","Andhra Pradesh","2020-04-07 16:27:58.926+00","2020-04-07 16:27:58.926+00",NULL,NULL
303,"Pullampeta","India","Andhra Pradesh","2020-04-07 16:27:58.958+00","2020-04-07 16:27:58.958+00",NULL,NULL
304,"Penagalur","India","Andhra Pradesh","2020-04-07 16:27:59.327+00","2020-04-07 16:27:59.327+00",NULL,NULL
305,"Badvel","India","Andhra Pradesh","2020-04-07 16:27:59.371+00","2020-04-07 16:27:59.371+00",NULL,NULL
306,"Chennur","India","Andhra Pradesh","2020-04-07 16:27:59.417+00","2020-04-07 16:27:59.417+00",NULL,NULL
307,"Kodur","India","Andhra Pradesh","2020-04-07 16:27:59.429+00","2020-04-07 16:27:59.429+00",NULL,NULL
308,"Sidhout","India","Andhra Pradesh","2020-04-07 16:27:59.545+00","2020-04-07 16:27:59.545+00",NULL,NULL
309,"Gopavaram","India","Andhra Pradesh","2020-04-07 16:27:59.756+00","2020-04-07 16:27:59.756+00",NULL,NULL
310,"Vontimitta","India","Andhra Pradesh","2020-04-07 16:27:59.644+00","2020-04-07 16:27:59.644+00",NULL,NULL
311,"Kalasapadu","India","Andhra Pradesh","2020-04-07 16:27:59.941+00","2020-04-07 16:27:59.941+00",NULL,NULL
312,"Brahmamgarimattam","India","Andhra Pradesh","2020-04-07 16:28:00.044+00","2020-04-07 16:28:00.044+00",NULL,NULL
313,"Khajipet","India","Andhra Pradesh","2020-04-07 16:28:00.102+00","2020-04-07 16:28:00.102+00",NULL,NULL
314,"Nandalur","India","Andhra Pradesh","2020-04-07 16:28:00.184+00","2020-04-07 16:28:00.184+00",NULL,NULL
315,"Ramapuram","India","Andhra Pradesh","2020-04-07 16:28:00.24+00","2020-04-07 16:28:00.24+00",NULL,NULL
316,"Chinnamandem","India","Andhra Pradesh","2020-04-07 16:28:00.456+00","2020-04-07 16:28:00.456+00",NULL,NULL
317,"Dwarakatirumala","India","Andhra Pradesh","2020-04-07 16:28:01.255+00","2020-04-07 16:28:01.255+00",NULL,NULL
318,"Chitvel","India","Andhra Pradesh","2020-04-07 16:28:00.507+00","2020-04-07 16:28:00.507+00",NULL,NULL
319,"Sambepalle","India","Andhra Pradesh","2020-04-07 16:28:01.086+00","2020-04-07 16:28:01.086+00",NULL,NULL
320,"Obulavaripalle","India","Andhra Pradesh","2020-04-07 16:28:00.639+00","2020-04-07 16:28:00.639+00",NULL,NULL
321,"Jeelugumilli","India","Andhra Pradesh","2020-04-07 16:28:01.265+00","2020-04-07 16:28:01.265+00",NULL,NULL
322,"Kannapuram","India","Andhra Pradesh","2020-04-07 16:28:01.273+00","2020-04-07 16:28:01.273+00",NULL,NULL
323,"Pedapadu","India","Andhra Pradesh","2020-04-07 16:28:01.282+00","2020-04-07 16:28:01.282+00",NULL,NULL
324,"Kamavarapukota","India","Andhra Pradesh","2020-04-07 16:28:01.44+00","2020-04-07 16:28:01.44+00",NULL,NULL
325,"Koyyalagudem","India","Andhra Pradesh","2020-04-07 16:28:01.746+00","2020-04-07 16:28:01.746+00",NULL,NULL
326,"Vijayarai","India","Andhra Pradesh","2020-04-07 16:28:01.88+00","2020-04-07 16:28:01.88+00",NULL,NULL
327,"Chataparru","India","Andhra Pradesh","2020-04-07 16:28:01.888+00","2020-04-07 16:28:01.888+00",NULL,NULL
328,"Lakkavaram","India","Andhra Pradesh","2020-04-07 16:28:01.842+00","2020-04-07 16:28:01.842+00",NULL,NULL
329,"Gopannapalem","India","Andhra Pradesh","2020-04-07 16:28:02.126+00","2020-04-07 16:28:02.126+00",NULL,NULL
330,"S.v.peta","India","Andhra Pradesh","2020-04-07 16:28:01.969+00","2020-04-07 16:28:01.969+00",NULL,NULL
331,"Denduluru","India","Andhra Pradesh","2020-04-07 16:28:02.055+00","2020-04-07 16:28:02.055+00",NULL,NULL
332,"Gundugolanu","India","Andhra Pradesh","2020-04-07 16:28:02.142+00","2020-04-07 16:28:02.142+00",NULL,NULL
333,"Kovvali","India","Andhra Pradesh","2020-04-07 16:28:02.173+00","2020-04-07 16:28:02.173+00",NULL,NULL
334,"Chintalapudi","India","Andhra Pradesh","2020-04-07 16:28:02.187+00","2020-04-07 16:28:02.187+00",NULL,NULL
335,"Kaikaram","India","Andhra Pradesh","2020-04-07 16:28:02.282+00","2020-04-07 16:28:02.282+00",NULL,NULL
336,"Pulla","India","Andhra Pradesh","2020-04-07 16:28:02.287+00","2020-04-07 16:28:02.287+00",NULL,NULL
337,"Buttayagudem","India","Andhra Pradesh","2020-04-07 16:28:02.367+00","2020-04-07 16:28:02.367+00",NULL,NULL
338,"Tadikalapudi","India","Andhra Pradesh","2020-04-07 16:28:02.32+00","2020-04-07 16:28:02.32+00",NULL,NULL
339,"Dharmajigudem","India","Andhra Pradesh","2020-04-07 16:28:02.627+00","2020-04-07 16:28:02.627+00",NULL,NULL
340,"Pragadavaram","India","Andhra Pradesh","2020-04-07 16:28:02.67+00","2020-04-07 16:28:02.67+00",NULL,NULL
341,"T.narasapuram","India","Andhra Pradesh","2020-04-07 16:28:02.719+00","2020-04-07 16:28:02.719+00",NULL,NULL
342,"Bhimadole","India","Andhra Pradesh","2020-04-07 16:28:02.736+00","2020-04-07 16:28:02.736+00",NULL,NULL
343,"Chebrole","India","Andhra Pradesh","2020-04-07 16:28:02.778+00","2020-04-07 16:28:02.778+00",NULL,NULL
344,"Musunuru","India","Andhra Pradesh","2020-04-07 16:28:02.855+00","2020-04-07 16:28:02.855+00",NULL,NULL
345,"Kaikalur","India","Andhra Pradesh","2020-04-07 16:28:02.836+00","2020-04-07 16:28:02.836+00",NULL,NULL
346,"Mudinepalli","India","Andhra Pradesh","2020-04-07 16:28:02.815+00","2020-04-07 16:28:02.815+00",NULL,NULL
347,"Vunguturu","India","Andhra Pradesh","2020-04-07 16:28:02.864+00","2020-04-07 16:28:02.864+00",NULL,NULL
348,"Pedaparupudi","India","Andhra Pradesh","2020-04-07 16:28:02.898+00","2020-04-07 16:28:02.898+00",NULL,NULL
349,"Kalidindi","India","Andhra Pradesh","2020-04-07 16:28:03.234+00","2020-04-07 16:28:03.234+00",NULL,NULL
350,"Gudlavalleru","India","Andhra Pradesh","2020-04-07 16:28:03.311+00","2020-04-07 16:28:03.311+00",NULL,NULL
351,"Bantumilli","India","Andhra Pradesh","2020-04-07 16:28:03.336+00","2020-04-07 16:28:03.337+00",NULL,NULL
352,"Mandavalli","India","Andhra Pradesh","2020-04-07 16:28:03.555+00","2020-04-07 16:28:03.555+00",NULL,NULL
353,"Pamarru","India","Andhra Pradesh","2020-04-07 16:28:03.977+00","2020-04-07 16:28:03.977+00",NULL,NULL
354,"Nandivada","India","Andhra Pradesh","2020-04-07 16:28:04.093+00","2020-04-07 16:28:04.093+00",NULL,NULL
355,"Reddigudem","India","Andhra Pradesh","2020-04-07 16:28:04.645+00","2020-04-07 16:28:04.645+00",NULL,NULL
356,"Chatrai","India","Andhra Pradesh","2020-04-07 16:28:04.597+00","2020-04-07 16:28:04.597+00",NULL,NULL
357,"Bapulapadu","India","Andhra Pradesh","2020-04-07 16:28:04.267+00","2020-04-07 16:28:04.267+00",NULL,NULL
358,"Herial","India","Andhra Pradesh","2020-04-07 16:28:06.774+00","2020-04-07 16:28:06.774+00",NULL,NULL
359,"Kanekal","India","Andhra Pradesh","2020-04-07 16:28:06.769+00","2020-04-07 16:28:06.769+00",NULL,NULL
360,"Vajrakarur","India","Andhra Pradesh","2020-04-07 16:28:06.786+00","2020-04-07 16:28:06.786+00",NULL,NULL
361,"Uravakonda","India","Andhra Pradesh","2020-04-07 16:28:06.79+00","2020-04-07 16:28:06.79+00",NULL,NULL
362,"Gooty","India","Andhra Pradesh","2020-04-07 16:28:06.799+00","2020-04-07 16:28:06.799+00",NULL,NULL
363,"Garladinne","India","Andhra Pradesh","2020-04-07 16:28:06.892+00","2020-04-07 16:28:06.892+00",NULL,NULL
364,"Gummagatta","India","Andhra Pradesh","2020-04-07 16:28:06.848+00","2020-04-07 16:28:06.848+00",NULL,NULL
365,"Peddavadugur","India","Andhra Pradesh","2020-04-07 16:28:06.961+00","2020-04-07 16:28:06.961+00",NULL,NULL
366,"Pamidi","India","Andhra Pradesh","2020-04-07 16:28:06.989+00","2020-04-07 16:28:06.989+00",NULL,NULL
367,"Pedda Vadagur","India","Andhra Pradesh","2020-04-07 16:28:07.042+00","2020-04-07 16:28:07.042+00",NULL,NULL
368,"Rayadurg","India","Andhra Pradesh","2020-04-07 16:28:22.04+00","2020-04-07 16:28:22.04+00",NULL,NULL
369,"Bommanahal","India","Andhra Pradesh","2020-04-07 16:28:25.141+00","2020-04-07 16:28:25.141+00",NULL,NULL
370,"Peddapappur","India","Andhra Pradesh","2020-04-07 16:28:26.814+00","2020-04-07 16:28:26.814+00",NULL,NULL
371,"Mangalagiri Ho","India","Andhra Pradesh","2020-04-07 16:28:26.885+00","2020-04-07 16:28:26.885+00",NULL,NULL
372,"Pedapalem","India","Andhra Pradesh","2020-04-07 16:28:26.896+00","2020-04-07 16:28:26.896+00",NULL,NULL
373,"Kakumanu","India","Andhra Pradesh","2020-04-07 16:28:26.902+00","2020-04-07 16:28:26.902+00",NULL,NULL
374,"Pedanandipadu","India","Andhra Pradesh","2020-04-07 16:28:26.917+00","2020-04-07 16:28:26.917+00",NULL,NULL
375,"Prathipadu","India","Andhra Pradesh","2020-04-07 16:28:26.963+00","2020-04-07 16:28:26.963+00",NULL,NULL
376,"Ponnekallu","India","Andhra Pradesh","2020-04-07 16:28:27.039+00","2020-04-07 16:28:27.039+00",NULL,NULL
377,"Amaravathi","India","Andhra Pradesh","2020-04-07 16:28:27.162+00","2020-04-07 16:28:27.162+00",NULL,NULL
378,"Lemalle","India","Andhra Pradesh","2020-04-07 16:28:27.224+00","2020-04-07 16:28:27.224+00",NULL,NULL
379,"Nutakki","India","Andhra Pradesh","2020-04-07 16:28:27.284+00","2020-04-07 16:28:27.284+00",NULL,NULL
380,"Pedakakani","India","Andhra Pradesh","2020-04-07 16:28:27.301+00","2020-04-07 16:28:27.301+00",NULL,NULL
381,"Tadikonda","India","Andhra Pradesh","2020-04-07 16:28:27.516+00","2020-04-07 16:28:27.516+00",NULL,NULL
382,"Tadepalle","India","Andhra Pradesh","2020-04-07 16:28:27.47+00","2020-04-07 16:28:27.47+00",NULL,NULL
383,"Amadagur","India","Andhra Pradesh","2020-04-07 16:28:28.165+00","2020-04-07 16:28:28.165+00",NULL,NULL
384,"Roddam","India","Andhra Pradesh","2020-04-07 16:28:28.538+00","2020-04-07 16:28:28.538+00",NULL,NULL
385,"Somandepalle","India","Andhra Pradesh","2020-04-07 16:28:28.592+00","2020-04-07 16:28:28.592+00",NULL,NULL
386,"Pondicherry","India","Andhra Pradesh","2020-04-07 16:28:30.391+00","2020-04-07 16:28:30.391+00",NULL,NULL
387,"Mopidevi","India","Andhra Pradesh","2020-04-07 16:28:30.544+00","2020-04-07 16:28:30.544+00",NULL,NULL
388,"Koduru","India","Andhra Pradesh","2020-04-07 16:28:30.55+00","2020-04-07 16:28:30.55+00",NULL,NULL
389,"Guduru","India","Andhra Pradesh","2020-04-07 16:28:30.568+00","2020-04-07 16:28:30.568+00",NULL,NULL
390,"Movva","India","Andhra Pradesh","2020-04-07 16:28:30.555+00","2020-04-07 16:28:30.555+00",NULL,NULL
391,"Nagayalanka","India","Andhra Pradesh","2020-04-07 16:28:30.582+00","2020-04-07 16:28:30.582+00",NULL,NULL
392,"Ghantasala","India","Andhra Pradesh","2020-04-07 16:28:30.628+00","2020-04-07 16:28:30.628+00",NULL,NULL
393,"Challapalli","India","Andhra Pradesh","2020-04-07 16:28:30.61+00","2020-04-07 16:28:30.61+00",NULL,NULL
394,"Pedana","India","Andhra Pradesh","2020-04-07 16:28:31.116+00","2020-04-07 16:28:31.116+00",NULL,NULL
395,"Cumbum","India","Andhra Pradesh","2020-04-07 16:28:31.269+00","2020-04-07 16:28:31.269+00",NULL,NULL
396,"Banaganapalli","India","Andhra Pradesh","2020-04-07 16:28:31.285+00","2020-04-07 16:28:31.285+00",NULL,NULL
397,"Koilkuntla","India","Andhra Pradesh","2020-04-07 16:28:31.292+00","2020-04-07 16:28:31.292+00",NULL,NULL
398,"Racherla","India","Andhra Pradesh","2020-04-07 16:28:31.311+00","2020-04-07 16:28:31.311+00",NULL,NULL
399,"Giddalur","India","Andhra Pradesh","2020-04-07 16:28:31.338+00","2020-04-07 16:28:31.338+00",NULL,NULL
400,"Banaganapalle","India","Andhra Pradesh","2020-04-07 16:28:31.485+00","2020-04-07 16:28:31.485+00",NULL,NULL
401,"Komarolu","India","Andhra Pradesh","2020-04-07 16:28:31.352+00","2020-04-07 16:28:31.352+00",NULL,NULL
402,"Gospadu","India","Andhra Pradesh","2020-04-07 16:28:31.92+00","2020-04-07 16:28:31.92+00",NULL,NULL
403,"Bestawaripeta","India","Andhra Pradesh","2020-04-07 16:28:32.163+00","2020-04-07 16:28:32.163+00",NULL,NULL
404,"Kolimigundla","India","Andhra Pradesh","2020-04-07 16:28:32.667+00","2020-04-07 16:28:32.667+00",NULL,NULL
405,"Sanjamala","India","Andhra Pradesh","2020-04-07 16:28:32.692+00","2020-04-07 16:28:32.692+00",NULL,NULL
406,"Dornipadu","India","Andhra Pradesh","2020-04-07 16:28:33.58+00","2020-04-07 16:28:33.58+00",NULL,NULL
407,"Peda  Araveedu","India","Andhra Pradesh","2020-04-07 16:28:34.434+00","2020-04-07 16:28:34.434+00",NULL,NULL
408,"Gumparlapadu","India","Andhra Pradesh","2020-04-07 16:28:36.665+00","2020-04-07 16:28:36.665+00",NULL,NULL
409,"Ardhaveedu","India","Andhra Pradesh","2020-04-07 16:28:33.856+00","2020-04-07 16:28:33.856+00",NULL,NULL
410,"Brahmadevam","India","Andhra Pradesh","2020-04-07 16:28:36.673+00","2020-04-07 16:28:36.673+00",NULL,NULL
411,"Buchireddypalem","India","Andhra Pradesh","2020-04-07 16:28:36.681+00","2020-04-07 16:28:36.681+00",NULL,NULL
412,"Allur","India","Andhra Pradesh","2020-04-07 16:28:36.693+00","2020-04-07 16:28:36.693+00",NULL,NULL
413,"Damavaram","India","Andhra Pradesh","2020-04-07 16:28:36.708+00","2020-04-07 16:28:36.708+00",NULL,NULL
414,"Chakalakonda","India","Andhra Pradesh","2020-04-07 16:28:36.723+00","2020-04-07 16:28:36.723+00",NULL,NULL
415,"Nandipadu","India","Andhra Pradesh","2020-04-07 16:28:36.738+00","2020-04-07 16:28:36.738+00",NULL,NULL
416,"Seetharamapuram","India","Andhra Pradesh","2020-04-07 16:28:36.847+00","2020-04-07 16:28:36.847+00",NULL,NULL
417,"Nr Palem","India","Andhra Pradesh","2020-04-07 16:28:37.033+00","2020-04-07 16:28:37.033+00",NULL,NULL
418,"Udayagiri","India","Andhra Pradesh","2020-04-07 16:28:36.978+00","2020-04-07 16:28:36.978+00",NULL,NULL
419,"Kovur","India","Andhra Pradesh","2020-04-07 16:28:36.988+00","2020-04-07 16:28:36.988+00",NULL,NULL
420,"Gandipalem","India","Andhra Pradesh","2020-04-07 16:28:37.116+00","2020-04-07 16:28:37.116+00",NULL,NULL
421,"Duthalur","India","Andhra Pradesh","2020-04-07 16:28:37.067+00","2020-04-07 16:28:37.067+00",NULL,NULL
422,"Kaligiri","India","Andhra Pradesh","2020-04-07 16:28:37.175+00","2020-04-07 16:28:37.175+00",NULL,NULL
423,"Vidavalur","India","Andhra Pradesh","2020-04-07 16:28:37.323+00","2020-04-07 16:28:37.323+00",NULL,NULL
424,"Varikuntapadu","India","Andhra Pradesh","2020-04-07 16:28:38.29+00","2020-04-07 16:28:38.29+00",NULL,NULL
425,"Vinjamoor","India","Andhra Pradesh","2020-04-07 16:28:38.334+00","2020-04-07 16:28:38.334+00",NULL,NULL
426,"Kondapuram","India","Andhra Pradesh","2020-04-07 16:28:38.4+00","2020-04-07 16:28:38.4+00",NULL,NULL
427,"Mypadu","India","Andhra Pradesh","2020-04-07 16:28:38.565+00","2020-04-07 16:28:38.565+00",NULL,NULL
428,"S.s.project","India","Andhra Pradesh","2020-04-07 16:28:38.952+00","2020-04-07 16:28:38.952+00",NULL,NULL
429,"Indukurpeta","India","Andhra Pradesh","2020-04-07 16:28:38.59+00","2020-04-07 16:28:38.59+00",NULL,NULL
430,"Revur","India","Andhra Pradesh","2020-04-07 16:28:38.691+00","2020-04-07 16:28:38.691+00",NULL,NULL
431,"Sangam","India","Andhra Pradesh","2020-04-07 16:28:38.762+00","2020-04-07 16:28:38.762+00",NULL,NULL
432,"A.s.peta","India","Andhra Pradesh","2020-04-07 16:28:39.949+00","2020-04-07 16:28:39.949+00",NULL,NULL
433,"Anantasagaram","India","Andhra Pradesh","2020-04-07 16:28:39.524+00","2020-04-07 16:28:39.524+00",NULL,NULL
434,"Muthukur","India","Andhra Pradesh","2020-04-07 16:28:41.161+00","2020-04-07 16:28:41.161+00",NULL,NULL
435,"Atmakur","India","Andhra Pradesh","2020-04-07 16:28:40.058+00","2020-04-07 16:28:40.058+00",NULL,NULL
436,"Duvvur","India","Andhra Pradesh","2020-04-07 16:28:41.028+00","2020-04-07 16:28:41.028+00",NULL,NULL
437,"Karatampadu","India","Andhra Pradesh","2020-04-07 16:28:41.445+00","2020-04-07 16:28:41.445+00",NULL,NULL
438,"Marripadu","India","Andhra Pradesh","2020-04-07 16:28:41.634+00","2020-04-07 16:28:41.634+00",NULL,NULL
439,"Tp Gudur","India","Andhra Pradesh","2020-04-07 16:28:42.805+00","2020-04-07 16:28:42.805+00",NULL,NULL
440,"Gandavaram","India","Andhra Pradesh","2020-04-07 16:28:43.481+00","2020-04-07 16:28:43.481+00",NULL,NULL
441,"Bitragunta","India","Andhra Pradesh","2020-04-07 16:28:44.359+00","2020-04-07 16:28:44.359+00",NULL,NULL
442,"Dagadarthi","India","Andhra Pradesh","2020-04-07 16:28:44.991+00","2020-04-07 16:28:44.991+00",NULL,NULL
443,"Siddanakonduru","India","Andhra Pradesh","2020-04-07 16:28:44.915+00","2020-04-07 16:28:44.915+00",NULL,NULL
444,"Komarada","India","Andhra Pradesh","2020-04-07 16:28:45.142+00","2020-04-07 16:28:45.142+00",NULL,NULL
445,"Gummalakshmipuram","India","Andhra Pradesh","2020-04-07 16:28:45.094+00","2020-04-07 16:28:45.094+00",NULL,NULL
446,"Parvatipuram","India","Andhra Pradesh","2020-04-07 16:28:45.211+00","2020-04-07 16:28:45.211+00",NULL,NULL
447,"Palakonda","India","Andhra Pradesh","2020-04-07 16:28:45.233+00","2020-04-07 16:28:45.233+00",NULL,NULL
448,"R.amadalavalasa","India","Andhra Pradesh","2020-04-07 16:28:45.334+00","2020-04-07 16:28:45.334+00",NULL,NULL
449,"Kurupam","India","Andhra Pradesh","2020-04-07 16:28:45.359+00","2020-04-07 16:28:45.359+00",NULL,NULL
450,"Jiyyammavalasa","India","Andhra Pradesh","2020-04-07 16:28:45.393+00","2020-04-07 16:28:45.393+00",NULL,NULL
451,"Veeraghattam","India","Andhra Pradesh","2020-04-07 16:28:45.403+00","2020-04-07 16:28:45.403+00",NULL,NULL
452,"Garugubilli","India","Andhra Pradesh","2020-04-07 16:28:45.383+00","2020-04-07 16:28:45.383+00",NULL,NULL
453,"Balijipeta","India","Andhra Pradesh","2020-04-07 16:28:45.418+00","2020-04-07 16:28:45.418+00",NULL,NULL
454,"Salur","India","Andhra Pradesh","2020-04-07 16:28:45.44+00","2020-04-07 16:28:45.44+00",NULL,NULL
455,"Badangi","India","Andhra Pradesh","2020-04-07 16:28:45.43+00","2020-04-07 16:28:45.43+00",NULL,NULL
456,"Sigadam","India","Andhra Pradesh","2020-04-07 16:28:45.542+00","2020-04-07 16:28:45.542+00",NULL,NULL
457,"Pachipenta","India","Andhra Pradesh","2020-04-07 16:28:45.649+00","2020-04-07 16:28:45.649+00",NULL,NULL
458,"Merakamudidam","India","Andhra Pradesh","2020-04-07 16:28:45.752+00","2020-04-07 16:28:45.752+00",NULL,NULL
459,"Ramabhadrapuram","India","Andhra Pradesh","2020-04-07 16:28:45.961+00","2020-04-07 16:28:45.961+00",NULL,NULL
460,"Makkuva","India","Andhra Pradesh","2020-04-07 16:28:45.819+00","2020-04-07 16:28:45.819+00",NULL,NULL
461,"Seethampeta","India","Andhra Pradesh","2020-04-07 16:28:47.919+00","2020-04-07 16:28:47.919+00",NULL,NULL
462,"Garividi","India","Andhra Pradesh","2020-04-07 16:28:46.172+00","2020-04-07 16:28:46.172+00",NULL,NULL
463,"Therlam","India","Andhra Pradesh","2020-04-07 16:28:46.252+00","2020-04-07 16:28:46.252+00",NULL,NULL
464,"Pathapatnam Mandal","India","Andhra Pradesh","2020-04-07 16:28:58.051+00","2020-04-07 16:28:58.051+00",NULL,NULL
465,"Vangara","India","Andhra Pradesh","2020-04-07 16:28:47.999+00","2020-04-07 16:28:47.999+00",NULL,NULL
466,"G.sigadam Mandal","India","Andhra Pradesh","2020-04-07 16:28:58.06+00","2020-04-07 16:28:58.06+00",NULL,NULL
467,"Sarubujjili Mandal","India","Andhra Pradesh","2020-04-07 16:28:58.068+00","2020-04-07 16:28:58.068+00",NULL,NULL
468,"Polaki Mandal","India","Andhra Pradesh","2020-04-07 16:28:58.076+00","2020-04-07 16:28:58.076+00",NULL,NULL
469,"Jalumuru Mandal","India","Andhra Pradesh","2020-04-07 16:28:58.092+00","2020-04-07 16:28:58.092+00",NULL,NULL
470,"Santhakaviti Mandal","India","Andhra Pradesh","2020-04-07 16:28:58.084+00","2020-04-07 16:28:58.084+00",NULL,NULL
471,"Gara Mandal","India","Andhra Pradesh","2020-04-07 16:28:58.115+00","2020-04-07 16:28:58.115+00",NULL,NULL
472,"Palasa Mandal","India","Andhra Pradesh","2020-04-07 16:28:58.139+00","2020-04-07 16:28:58.139+00",NULL,NULL
473,"Rajam Mandal","India","Andhra Pradesh","2020-04-07 16:28:58.103+00","2020-04-07 16:28:58.103+00",NULL,NULL
474,"Kaviti Mandal","India","Andhra Pradesh","2020-04-07 16:28:58.16+00","2020-04-07 16:28:58.16+00",NULL,NULL
475,"Vajrapukotturu Mandal","India","Andhra Pradesh","2020-04-07 16:28:58.267+00","2020-04-07 16:28:58.267+00",NULL,NULL
476,"Kanchili Mandal","India","Andhra Pradesh","2020-04-07 16:28:58.212+00","2020-04-07 16:28:58.212+00",NULL,NULL
477,"Meliaputti Mandal","India","Andhra Pradesh","2020-04-07 16:28:58.234+00","2020-04-07 16:28:58.234+00",NULL,NULL
478,"Srikakulam Mandal","India","Andhra Pradesh","2020-04-07 16:28:58.887+00","2020-04-07 16:28:58.887+00",NULL,NULL
479,"Sompeta Mandal","India","Andhra Pradesh","2020-04-07 16:28:58.845+00","2020-04-07 16:28:58.845+00",NULL,NULL
480,"Mandasa Mandal","India","Andhra Pradesh","2020-04-07 16:28:58.662+00","2020-04-07 16:28:58.662+00",NULL,NULL
481,"Santabommali Mandal","India","Andhra Pradesh","2020-04-07 16:28:58.35+00","2020-04-07 16:28:58.35+00",NULL,NULL
482,"Ranasthalam Mandal","India","Andhra Pradesh","2020-04-07 16:28:59.207+00","2020-04-07 16:28:59.207+00",NULL,NULL
483,"Laveru Mandal","India","Andhra Pradesh","2020-04-07 16:28:59.023+00","2020-04-07 16:28:59.023+00",NULL,NULL
484,"Bhamini","India","Andhra Pradesh","2020-04-07 16:28:59.269+00","2020-04-07 16:28:59.269+00",NULL,NULL
485,"Pathapatnam","India","Andhra Pradesh","2020-04-07 16:28:58.9+00","2020-04-07 16:28:58.9+00",NULL,NULL
486,"Amadalavalasa Mandal","India","Andhra Pradesh","2020-04-07 16:28:59.426+00","2020-04-07 16:28:59.426+00",NULL,NULL
487,"Kotturu Mandal","India","Andhra Pradesh","2020-04-07 16:28:59.483+00","2020-04-07 16:28:59.483+00",NULL,NULL
488,"Jalumuru","India","Andhra Pradesh","2020-04-07 16:29:01.107+00","2020-04-07 16:29:01.107+00",NULL,NULL
489,"Kotabommali Mandal","India","Andhra Pradesh","2020-04-07 16:29:01.597+00","2020-04-07 16:29:01.597+00",NULL,NULL
490,"Saravakota Mandal","India","Andhra Pradesh","2020-04-07 16:29:01.373+00","2020-04-07 16:29:01.373+00",NULL,NULL
491,"Bhamini Mandal","India","Andhra Pradesh","2020-04-07 16:29:01.349+00","2020-04-07 16:29:01.349+00",NULL,NULL
492,"Narasannapeta","India","Andhra Pradesh","2020-04-07 16:29:01.13+00","2020-04-07 16:29:01.13+00",NULL,NULL
493,"Regidi Mandal","India","Andhra Pradesh","2020-04-07 16:29:02.133+00","2020-04-07 16:29:02.133+00",NULL,NULL
494,"Ponduru Mandal","India","Andhra Pradesh","2020-04-07 16:29:02.196+00","2020-04-07 16:29:02.196+00",NULL,NULL
495,"Regidi Amadalavalasa","India","Andhra Pradesh","2020-04-07 16:29:02.64+00","2020-04-07 16:29:02.64+00",NULL,NULL
496,"Cheepurupalle","India","Andhra Pradesh","2020-04-07 16:29:03.223+00","2020-04-07 16:29:03.223+00",NULL,NULL
497,"Devarapalli Mandal","India","Andhra Pradesh","2020-04-07 16:29:03.396+00","2020-04-07 16:29:03.396+00",NULL,NULL
498,"Ganapavaram Mandalam","India","Andhra Pradesh","2020-04-07 16:29:03.404+00","2020-04-07 16:29:03.404+00",NULL,NULL
499,"Pentapadumandalam","India","Andhra Pradesh","2020-04-07 16:29:03.416+00","2020-04-07 16:29:03.416+00",NULL,NULL
500,"Pentapadu Mandalam","India","Andhra Pradesh","2020-04-07 16:29:03.424+00","2020-04-07 16:29:03.424+00",NULL,NULL
501,"Kovvuru Mandalam","India","Andhra Pradesh","2020-04-07 16:29:03.432+00","2020-04-07 16:29:03.432+00",NULL,NULL
502,"Peravali Mandalam","India","Andhra Pradesh","2020-04-07 16:29:04.161+00","2020-04-07 16:29:04.161+00",NULL,NULL
503,"Gopalapuram Mandalam","India","Andhra Pradesh","2020-04-07 16:29:03.507+00","2020-04-07 16:29:03.507+00",NULL,NULL
504,"Deverapalli Mandalam","India","Andhra Pradesh","2020-04-07 16:29:04.062+00","2020-04-07 16:29:04.062+00",NULL,NULL
505,"Nallajarlamandalam","India","Andhra Pradesh","2020-04-07 16:29:04.269+00","2020-04-07 16:29:04.269+00",NULL,NULL
506,"Nidadavolemandalam","India","Andhra Pradesh","2020-04-07 16:29:04.343+00","2020-04-07 16:29:04.343+00",NULL,NULL
507,"Nidamarrumandalam","India","Andhra Pradesh","2020-04-07 16:29:04.471+00","2020-04-07 16:29:04.471+00",NULL,NULL
508,"Ganapavaramandalam","India","Andhra Pradesh","2020-04-07 16:29:04.782+00","2020-04-07 16:29:04.782+00",NULL,NULL
509,"Polavarammandal","India","Andhra Pradesh","2020-04-07 16:29:04.859+00","2020-04-07 16:29:04.859+00",NULL,NULL
510,"Nallajarla Mandalam","India","Andhra Pradesh","2020-04-07 16:29:05.588+00","2020-04-07 16:29:05.588+00",NULL,NULL
511,"Tallapudi Mandalam","India","Andhra Pradesh","2020-04-07 16:29:05.791+00","2020-04-07 16:29:05.791+00",NULL,NULL
512,"Nidadavole Mandalam","India","Andhra Pradesh","2020-04-07 16:29:05.669+00","2020-04-07 16:29:05.669+00",NULL,NULL
513,"Chagallu Mandalam","India","Andhra Pradesh","2020-04-07 16:29:05.736+00","2020-04-07 16:29:05.736+00",NULL,NULL
514,"Chagally Mandalam","India","Andhra Pradesh","2020-04-07 16:29:05.981+00","2020-04-07 16:29:05.981+00",NULL,NULL
515,"Tadepalligudem Mandalam","India","Andhra Pradesh","2020-04-07 16:29:05.848+00","2020-04-07 16:29:05.848+00",NULL,NULL
516,"Nallajerla Mandalam","India","Andhra Pradesh","2020-04-07 16:29:06.026+00","2020-04-07 16:29:06.026+00",NULL,NULL
517,"Bhattiprolu","India","Andhra Pradesh","2020-04-07 16:29:06.248+00","2020-04-07 16:29:06.248+00",NULL,NULL
518,"Vunguturu Mandalam","India","Andhra Pradesh","2020-04-07 16:29:06.085+00","2020-04-07 16:29:06.085+00",NULL,NULL
519,"Machavaram","India","Andhra Pradesh","2020-04-07 16:29:06.24+00","2020-04-07 16:29:06.24+00",NULL,NULL
520,"Kuchinapudi","India","Andhra Pradesh","2020-04-07 16:29:06.259+00","2020-04-07 16:29:06.259+00",NULL,NULL
521,"Cheruvu","India","Andhra Pradesh","2020-04-07 16:29:06.267+00","2020-04-07 16:29:06.267+00",NULL,NULL
522,"Inturu","India","Andhra Pradesh","2020-04-07 16:29:06.295+00","2020-04-07 16:29:06.295+00",NULL,NULL
523,"Karlapalem","India","Andhra Pradesh","2020-04-07 16:29:06.322+00","2020-04-07 16:29:06.322+00",NULL,NULL
524,"Anantavaram","India","Andhra Pradesh","2020-04-07 16:29:06.511+00","2020-04-07 16:29:06.511+00",NULL,NULL
525,"Angalakudur","India","Andhra Pradesh","2020-04-07 16:29:06.549+00","2020-04-07 16:29:06.549+00",NULL,NULL
526,"Patsalatadiparru","India","Andhra Pradesh","2020-04-07 16:29:06.566+00","2020-04-07 16:29:06.566+00",NULL,NULL
527,"Ponnuru","India","Andhra Pradesh","2020-04-07 16:29:07.22+00","2020-04-07 16:29:07.22+00",NULL,NULL
528,"Tsunduru","India","Andhra Pradesh","2020-04-07 16:29:07.566+00","2020-04-07 16:29:07.566+00",NULL,NULL
529,"Turumella","India","Andhra Pradesh","2020-04-07 16:29:07.595+00","2020-04-07 16:29:07.595+00",NULL,NULL
530,"Stuvartpuram","India","Andhra Pradesh","2020-04-07 16:29:07.543+00","2020-04-07 16:29:07.543+00",NULL,NULL
531,"Nizampatnam","India","Andhra Pradesh","2020-04-07 16:29:07.629+00","2020-04-07 16:29:07.629+00",NULL,NULL
532,"Amartaluru","India","Andhra Pradesh","2020-04-07 16:29:07.66+00","2020-04-07 16:29:07.66+00",NULL,NULL
533,"Cherukupalle","India","Andhra Pradesh","2020-04-07 16:29:07.699+00","2020-04-07 16:29:07.699+00",NULL,NULL
534,"Nagaram","India","Andhra Pradesh","2020-04-07 16:29:07.788+00","2020-04-07 16:29:07.788+00",NULL,NULL
535,"Cherukupalli","India","Andhra Pradesh","2020-04-07 16:29:07.81+00","2020-04-07 16:29:07.81+00",NULL,NULL
536,"Kolluru","India","Andhra Pradesh","2020-04-07 16:29:07.854+00","2020-04-07 16:29:07.854+00",NULL,NULL
537,"Bhattiprole","India","Andhra Pradesh","2020-04-07 16:29:07.979+00","2020-04-07 16:29:07.979+00",NULL,NULL
538,"Vemuru","India","Andhra Pradesh","2020-04-07 16:29:08.006+00","2020-04-07 16:29:08.006+00",NULL,NULL
539,"Duggirala","India","Andhra Pradesh","2020-04-07 16:29:08.06+00","2020-04-07 16:29:08.06+00",NULL,NULL
540,"Tenali","India","Andhra Pradesh","2020-04-07 16:29:08.099+00","2020-04-07 16:29:08.099+00",NULL,NULL
541,"Kollipara","India","Andhra Pradesh","2020-04-07 16:29:08.34+00","2020-04-07 16:29:08.34+00",NULL,NULL
542,"Chebrole","India","Andhra Pradesh","2020-04-07 16:29:08.408+00","2020-04-07 16:29:08.408+00",NULL,NULL
543,"Tirupati Rural","India","Andhra Pradesh","2020-04-07 16:29:08.462+00","2020-04-07 16:29:08.462+00",NULL,NULL
544,"Vadamalpet","India","Andhra Pradesh","2020-04-07 16:29:08.45+00","2020-04-07 16:29:08.45+00",NULL,NULL
545,"Chinnagottigallu","India","Andhra Pradesh","2020-04-07 16:29:08.472+00","2020-04-07 16:29:08.472+00",NULL,NULL
546,"Gurramkonda","India","Andhra Pradesh","2020-04-07 16:29:08.48+00","2020-04-07 16:29:08.48+00",NULL,NULL
547,"Kalikiri","India","Andhra Pradesh","2020-04-07 16:29:08.489+00","2020-04-07 16:29:08.489+00",NULL,NULL
548,"Karvetinagar","India","Andhra Pradesh","2020-04-07 16:29:08.502+00","2020-04-07 16:29:08.502+00",NULL,NULL
549,"Narayanavanam","India","Andhra Pradesh","2020-04-07 16:29:08.518+00","2020-04-07 16:29:08.518+00",NULL,NULL
550,"Thondamanadu","India","Andhra Pradesh","2020-04-07 16:29:08.607+00","2020-04-07 16:29:08.607+00",NULL,NULL
551,"Pissatur","India","Andhra Pradesh","2020-04-07 16:29:08.638+00","2020-04-07 16:29:08.638+00",NULL,NULL
552,"Pakala","India","Andhra Pradesh","2020-04-07 16:29:08.671+00","2020-04-07 16:29:08.671+00",NULL,NULL
553,"Kambhamvaripalle","India","Andhra Pradesh","2020-04-07 16:29:08.744+00","2020-04-07 16:29:08.744+00",NULL,NULL
554,"Nindra","India","Andhra Pradesh","2020-04-07 16:29:09.246+00","2020-04-07 16:29:09.246+00",NULL,NULL
555,"Nagari","India","Andhra Pradesh","2020-04-07 16:29:09.371+00","2020-04-07 16:29:09.371+00",NULL,NULL
556,"Vijayapuram","India","Andhra Pradesh","2020-04-07 16:29:09.39+00","2020-04-07 16:29:09.39+00",NULL,NULL
557,"Puttur","India","Andhra Pradesh","2020-04-07 16:29:09.65+00","2020-04-07 16:29:09.65+00",NULL,NULL
558,"Valmikipuram","India","Andhra Pradesh","2020-04-07 16:29:09.71+00","2020-04-07 16:29:09.71+00",NULL,NULL
559,"Yerpedu","India","Andhra Pradesh","2020-04-07 16:29:09.736+00","2020-04-07 16:29:09.736+00",NULL,NULL
560,"Akkurthi","India","Andhra Pradesh","2020-04-07 16:29:09.83+00","2020-04-07 16:29:09.83+00",NULL,NULL
561,"K.v.b.puram","India","Andhra Pradesh","2020-04-07 16:29:09.839+00","2020-04-07 16:29:09.839+00",NULL,NULL
562,"Varadaiahpalem","India","Andhra Pradesh","2020-04-07 16:29:09.904+00","2020-04-07 16:29:09.904+00",NULL,NULL
563,"Ramachandrapuram","India","Andhra Pradesh","2020-04-07 16:29:10.607+00","2020-04-07 16:29:10.607+00",NULL,NULL
564,"Vedurukuppam","India","Andhra Pradesh","2020-04-07 16:29:10.139+00","2020-04-07 16:29:10.139+00",NULL,NULL
565,"Vayalpad","India","Andhra Pradesh","2020-04-07 16:29:10.74+00","2020-04-07 16:29:10.74+00",NULL,NULL
566,"Renigunta","India","Andhra Pradesh","2020-04-07 16:29:11.026+00","2020-04-07 16:29:11.026+00",NULL,NULL
567,"Bhakarapet","India","Andhra Pradesh","2020-04-07 16:29:11.265+00","2020-04-07 16:29:11.265+00",NULL,NULL
568,"Piler","India","Andhra Pradesh","2020-04-07 16:29:11.37+00","2020-04-07 16:29:11.37+00",NULL,NULL
569,"Rompicherla","India","Andhra Pradesh","2020-04-07 16:29:11.46+00","2020-04-07 16:29:11.46+00",NULL,NULL
570,"Vadamalapeta","India","Andhra Pradesh","2020-04-07 16:29:11.512+00","2020-04-07 16:29:11.512+00",NULL,NULL
571,"Bheemunipatnam","India","Andhra Pradesh","2020-04-07 16:29:11.703+00","2020-04-07 16:29:11.703+00",NULL,NULL
572,"Visakhapatnam.","India","Andhra Pradesh","2020-04-07 16:29:11.872+00","2020-04-07 16:29:11.872+00",NULL,NULL
573,"L Kota","India","Andhra Pradesh","2020-04-07 16:29:12.287+00","2020-04-07 16:29:12.287+00",NULL,NULL
574,"Pedagantyada","India","Andhra Pradesh","2020-04-07 16:29:12.128+00","2020-04-07 16:29:12.128+00",NULL,NULL
575,"Bhogapuram","India","Andhra Pradesh","2020-04-07 16:29:12.296+00","2020-04-07 16:29:12.296+00",NULL,NULL
576,"Mentada","India","Andhra Pradesh","2020-04-07 16:29:12.314+00","2020-04-07 16:29:12.314+00",NULL,NULL
577,"Nellimarla","India","Andhra Pradesh","2020-04-07 16:29:12.322+00","2020-04-07 16:29:12.322+00",NULL,NULL
578,"Vepada","India","Andhra Pradesh","2020-04-07 16:29:12.34+00","2020-04-07 16:29:12.34+00",NULL,NULL
579,"Alamanada","India","Andhra Pradesh","2020-04-07 16:29:12.375+00","2020-04-07 16:29:12.375+00",NULL,NULL
580,"Apspqrs","India","Andhra Pradesh","2020-04-07 16:29:12.414+00","2020-04-07 16:29:12.414+00",NULL,NULL
581,"Gantyada","India","Andhra Pradesh","2020-04-07 16:29:12.512+00","2020-04-07 16:29:12.512+00",NULL,NULL
582,"Gajapathinagaram","India","Andhra Pradesh","2020-04-07 16:29:12.558+00","2020-04-07 16:29:12.558+00",NULL,NULL
583,"S Kota","India","Andhra Pradesh","2020-04-07 16:29:12.784+00","2020-04-07 16:29:12.784+00",NULL,NULL
584,"Bondapalli","India","Andhra Pradesh","2020-04-07 16:29:13.037+00","2020-04-07 16:29:13.037+00",NULL,NULL
585,"Gurla","India","Andhra Pradesh","2020-04-07 16:29:13.211+00","2020-04-07 16:29:13.211+00",NULL,NULL
586,"Pusapatirega","India","Andhra Pradesh","2020-04-07 16:29:13.458+00","2020-04-07 16:29:13.458+00",NULL,NULL
587,"Jami","India","Andhra Pradesh","2020-04-07 16:29:13.64+00","2020-04-07 16:29:13.64+00",NULL,NULL
588,"Ananthagiri","India","Andhra Pradesh","2020-04-07 16:29:13.663+00","2020-04-07 16:29:13.663+00",NULL,NULL
589,"Appikatla","India","Andhra Pradesh","2020-04-07 16:29:23.784+00","2020-04-07 16:29:23.784+00",NULL,NULL
590,"Chandole","India","Andhra Pradesh","2020-04-07 16:29:23.793+00","2020-04-07 16:29:23.793+00",NULL,NULL
591,"Bordumsa Circle","India","Arunachal Pradesh","2020-04-07 16:29:36.594+00","2020-04-07 16:29:36.594+00",NULL,NULL
592,"Itanagar","India","Arunachal Pradesh","2020-04-07 16:29:36.607+00","2020-04-07 16:29:36.607+00",NULL,NULL
593,"Dibang Valley","India","Arunachal Pradesh","2020-04-07 16:29:36.625+00","2020-04-07 16:29:36.625+00",NULL,NULL
594,"Basar","India","Arunachal Pradesh","2020-04-07 16:29:37.089+00","2020-04-07 16:29:37.089+00",NULL,NULL
595,"Banderdewa","India","Arunachal Pradesh","2020-04-07 16:29:36.643+00","2020-04-07 16:29:36.643+00",NULL,NULL
596,"Bhalukpong","India","Arunachal Pradesh","2020-04-07 16:29:37.096+00","2020-04-07 16:29:37.096+00",NULL,NULL
597,"Bomdila","India","Arunachal Pradesh","2020-04-07 16:29:37.11+00","2020-04-07 16:29:37.11+00",NULL,NULL
598,"Bordumsa","India","Arunachal Pradesh","2020-04-07 16:29:37.1+00","2020-04-07 16:29:37.1+00",NULL,NULL
599,"Chowkham","India","Arunachal Pradesh","2020-04-07 16:29:37.124+00","2020-04-07 16:29:37.124+00",NULL,NULL
600,"Changlang","India","Arunachal Pradesh","2020-04-07 16:29:37.119+00","2020-04-07 16:29:37.119+00",NULL,NULL
601,"Daporijo","India","Arunachal Pradesh","2020-04-07 16:29:37.132+00","2020-04-07 16:29:37.132+00",NULL,NULL
602,"Deomali","India","Arunachal Pradesh","2020-04-07 16:29:37.142+00","2020-04-07 16:29:37.142+00",NULL,NULL
603,"Dirang","India","Arunachal Pradesh","2020-04-07 16:29:37.156+00","2020-04-07 16:29:37.156+00",NULL,NULL
604,"Diomukh","India","Arunachal Pradesh","2020-04-07 16:29:37.174+00","2020-04-07 16:29:37.174+00",NULL,NULL
605,"Hayuliang","India","Arunachal Pradesh","2020-04-07 16:29:37.185+00","2020-04-07 16:29:37.185+00",NULL,NULL
606,"Pasighat","India","Arunachal Pradesh","2020-04-07 16:29:37.189+00","2020-04-07 16:29:37.189+00",NULL,NULL
607,"Tuting","India","Arunachal Pradesh","2020-04-07 16:29:37.209+00","2020-04-07 16:29:37.209+00",NULL,NULL
608,"Vijoynagar","India","Arunachal Pradesh","2020-04-07 16:29:37.218+00","2020-04-07 16:29:37.218+00",NULL,NULL
609,"Tezu","India","Arunachal Pradesh","2020-04-07 16:29:37.204+00","2020-04-07 16:29:37.204+00",NULL,NULL
610,"Yingkiong","India","Arunachal Pradesh","2020-04-07 16:29:37.227+00","2020-04-07 16:29:37.227+00",NULL,NULL
611,"Ziro","India","Arunachal Pradesh","2020-04-07 16:29:37.232+00","2020-04-07 16:29:37.232+00",NULL,NULL
612,"Roing","India","Arunachal Pradesh","2020-04-07 16:29:37.242+00","2020-04-07 16:29:37.242+00",NULL,NULL
613,"Jairampur","India","Arunachal Pradesh","2020-04-07 16:29:37.251+00","2020-04-07 16:29:37.251+00",NULL,NULL
614,"Tang","India","Arunachal Pradesh","2020-04-07 16:29:37.256+00","2020-04-07 16:29:37.256+00",NULL,NULL
615,"Khonsa","India","Arunachal Pradesh","2020-04-07 16:29:37.265+00","2020-04-07 16:29:37.265+00",NULL,NULL
616,"Likabali","India","Arunachal Pradesh","2020-04-07 16:29:37.304+00","2020-04-07 16:29:37.304+00",NULL,NULL
617,"Kimin","India","Arunachal Pradesh","2020-04-07 16:29:37.285+00","2020-04-07 16:29:37.285+00",NULL,NULL
618,"Kalaktang","India","Arunachal Pradesh","2020-04-07 16:29:37.294+00","2020-04-07 16:29:37.294+00",NULL,NULL
619,"Longding","India","Arunachal Pradesh","2020-04-07 16:29:37.317+00","2020-04-07 16:29:37.317+00",NULL,NULL
620,"Mahadevpur","India","Arunachal Pradesh","2020-04-07 16:29:37.336+00","2020-04-07 16:29:37.336+00",NULL,NULL
621,"Lumla","India","Arunachal Pradesh","2020-04-07 16:29:37.326+00","2020-04-07 16:29:37.326+00",NULL,NULL
622,"Mechuka","India","Arunachal Pradesh","2020-04-07 16:29:37.356+00","2020-04-07 16:29:37.356+00",NULL,NULL
623,"Mebo","India","Arunachal Pradesh","2020-04-07 16:29:37.365+00","2020-04-07 16:29:37.365+00",NULL,NULL
624,"Miao","India","Arunachal Pradesh","2020-04-07 16:29:37.374+00","2020-04-07 16:29:37.374+00",NULL,NULL
625,"Naharlagun","India","Arunachal Pradesh","2020-04-07 16:29:37.396+00","2020-04-07 16:29:37.396+00",NULL,NULL
626,"Nampong","India","Arunachal Pradesh","2020-04-07 16:29:37.405+00","2020-04-07 16:29:37.405+00",NULL,NULL
627,"Namsai","India","Arunachal Pradesh","2020-04-07 16:29:37.414+00","2020-04-07 16:29:37.414+00",NULL,NULL
628,"Nirjuli","India","Arunachal Pradesh","2020-04-07 16:29:37.424+00","2020-04-07 16:29:37.424+00",NULL,NULL
629,"Palin","India","Arunachal Pradesh","2020-04-07 16:29:37.429+00","2020-04-07 16:29:37.429+00",NULL,NULL
630,"R N Project","India","Arunachal Pradesh","2020-04-07 16:29:37.443+00","2020-04-07 16:29:37.443+00",NULL,NULL
631,"Rupa","India","Arunachal Pradesh","2020-04-07 16:29:37.46+00","2020-04-07 16:29:37.46+00",NULL,NULL
632,"Seppa","India","Arunachal Pradesh","2020-04-07 16:29:37.466+00","2020-04-07 16:29:37.466+00",NULL,NULL
633,"Sunpura","India","Arunachal Pradesh","2020-04-07 16:29:37.485+00","2020-04-07 16:29:37.485+00",NULL,NULL
634,"Seijosa","India","Arunachal Pradesh","2020-04-07 16:29:37.475+00","2020-04-07 16:29:37.475+00",NULL,NULL
635,"Tawang","India","Arunachal Pradesh","2020-04-07 16:29:37.496+00","2020-04-07 16:29:37.496+00",NULL,NULL
636,"Tengaf Market","India","Arunachal Pradesh","2020-04-07 16:29:37.517+00","2020-04-07 16:29:37.517+00",NULL,NULL
637,"Sagalee","India","Arunachal Pradesh","2020-04-07 16:29:37.534+00","2020-04-07 16:29:37.534+00",NULL,NULL
638,"Hailakandi","India","Assam","2020-04-07 16:29:42.258+00","2020-04-07 16:29:42.258+00",NULL,NULL
639,"Karimganj","India","Assam","2020-04-07 16:29:42.244+00","2020-04-07 16:29:42.244+00",NULL,NULL
640,"Cachar","India","Assam","2020-04-07 16:29:42.286+00","2020-04-07 16:29:42.286+00",NULL,NULL
641,"Dalu","India","Assam","2020-04-07 16:29:42.542+00","2020-04-07 16:29:42.542+00",NULL,NULL
642,"North Cachar Hills","India","Assam","2020-04-07 16:29:42.579+00","2020-04-07 16:29:42.579+00",NULL,NULL
643,"Cleaver House","India","Assam","2020-04-07 16:29:42.551+00","2020-04-07 16:29:42.551+00",NULL,NULL
644,"Sonitpur","India","Assam","2020-04-07 16:29:43.515+00","2020-04-07 16:29:43.515+00",NULL,NULL
645,"Dhubri","India","Assam","2020-04-07 16:29:43.52+00","2020-04-07 16:29:43.52+00",NULL,NULL
646,"Guwahati","India","Assam","2020-04-07 16:29:43.527+00","2020-04-07 16:29:43.527+00",NULL,NULL
647,"Sibsagar","India","Assam","2020-04-07 16:29:43.752+00","2020-04-07 16:29:43.752+00",NULL,NULL
648,"Tinsukia","India","Assam","2020-04-07 16:29:43.763+00","2020-04-07 16:29:43.763+00",NULL,NULL
649,"Golaghat","India","Assam","2020-04-07 16:29:43.797+00","2020-04-07 16:29:43.797+00",NULL,NULL
650,"Glgt","India","Assam","2020-04-07 16:29:43.815+00","2020-04-07 16:29:43.815+00",NULL,NULL
651,"Bokakhat","India","Assam","2020-04-07 16:29:43.829+00","2020-04-07 16:29:43.829+00",NULL,NULL
652,"Sarupathar","India","Assam","2020-04-07 16:29:43.908+00","2020-04-07 16:29:43.908+00",NULL,NULL
653,"Jorhat","India","Assam","2020-04-07 16:29:43.924+00","2020-04-07 16:29:43.924+00",NULL,NULL
654,"Sivasagar","India","Assam","2020-04-07 16:29:43.918+00","2020-04-07 16:29:43.918+00",NULL,NULL
655,"Majuli","India","Assam","2020-04-07 16:29:43.971+00","2020-04-07 16:29:43.971+00",NULL,NULL
656,"Titabor","India","Assam","2020-04-07 16:29:44.089+00","2020-04-07 16:29:44.089+00",NULL,NULL
657,"Kamalpur Block Taluk of Kamrup","India","Assam","2020-04-07 16:29:44.278+00","2020-04-07 16:29:44.278+00",NULL,NULL
658,"Sibsagar","India","Assam","2020-04-07 16:29:44.139+00","2020-04-07 16:29:44.139+00",NULL,NULL
659,"Tezpur","India","Assam","2020-04-07 16:29:44.288+00","2020-04-07 16:29:44.288+00",NULL,NULL
660,"Nagaon","India","Assam","2020-04-07 16:29:44.315+00","2020-04-07 16:29:44.315+00",NULL,NULL
661,"Kamrup","India","Assam","2020-04-07 16:29:44.31+00","2020-04-07 16:29:44.31+00",NULL,NULL
662,"Naoboicha","India","Assam","2020-04-07 16:29:44.32+00","2020-04-07 16:29:44.32+00",NULL,NULL
663,"Mangaldoi","India","Assam","2020-04-07 16:29:44.332+00","2020-04-07 16:29:44.332+00",NULL,NULL
664,"Bordoloni","India","Assam","2020-04-07 16:29:44.327+00","2020-04-07 16:29:44.327+00",NULL,NULL
665,"Barbarua","India","Assam","2020-04-07 16:29:44.338+00","2020-04-07 16:29:44.338+00",NULL,NULL
666,"Dibrugarh","India","Assam","2020-04-07 16:29:44.37+00","2020-04-07 16:29:44.37+00",NULL,NULL
667,"North Lakhimpur","India","Assam","2020-04-07 16:29:44.38+00","2020-04-07 16:29:44.38+00",NULL,NULL
668,"Kokrajhar","India","Assam","2020-04-07 16:29:44.389+00","2020-04-07 16:29:44.389+00",NULL,NULL
669,"Gmc","India","Assam","2020-04-07 16:29:44.401+00","2020-04-07 16:29:44.401+00",NULL,NULL
670,"Nagaon","India","Assam","2020-04-07 16:29:44.41+00","2020-04-07 16:29:44.41+00",NULL,NULL
671,"Diphu","India","Assam","2020-04-07 16:29:44.415+00","2020-04-07 16:29:44.415+00",NULL,NULL
672,"Nalbari","India","Assam","2020-04-07 16:29:44.419+00","2020-04-07 16:29:44.419+00",NULL,NULL
673,"Barpeta","India","Assam","2020-04-07 16:29:44.429+00","2020-04-07 16:29:44.429+00",NULL,NULL
674,"Chariduar","India","Assam","2020-04-07 16:29:44.457+00","2020-04-07 16:29:44.457+00",NULL,NULL
675,"Jamugurihat","India","Assam","2020-04-07 16:29:44.475+00","2020-04-07 16:29:44.475+00",NULL,NULL
676,"Deomornoi","India","Assam","2020-04-07 16:29:44.494+00","2020-04-07 16:29:44.494+00",NULL,NULL
677,"Sootea","India","Assam","2020-04-07 16:29:44.485+00","2020-04-07 16:29:44.485+00",NULL,NULL
678,"Khoirabari","India","Assam","2020-04-07 16:29:44.504+00","2020-04-07 16:29:44.504+00",NULL,NULL
679,"Rowta","India","Assam","2020-04-07 16:29:44.514+00","2020-04-07 16:29:44.514+00",NULL,NULL
680,"Dekargaon","India","Assam","2020-04-07 16:29:44.552+00","2020-04-07 16:29:44.552+00",NULL,NULL
681,"Darrang Panbari","India","Assam","2020-04-07 16:29:44.528+00","2020-04-07 16:29:44.528+00",NULL,NULL
682,"Dhekiajuli","India","Assam","2020-04-07 16:29:44.566+00","2020-04-07 16:29:44.566+00",NULL,NULL
683,"Ghoramari","India","Assam","2020-04-07 16:29:44.624+00","2020-04-07 16:29:44.624+00",NULL,NULL
684,"Gingia","India","Assam","2020-04-07 16:29:44.645+00","2020-04-07 16:29:44.645+00",NULL,NULL
685,"Gohpur","India","Assam","2020-04-07 16:29:44.654+00","2020-04-07 16:29:44.654+00",NULL,NULL
686,"Halem","India","Assam","2020-04-07 16:29:44.714+00","2020-04-07 16:29:44.714+00",NULL,NULL
687,"Howajan","India","Assam","2020-04-07 16:29:44.753+00","2020-04-07 16:29:44.753+00",NULL,NULL
688,"Kalabari","India","Assam","2020-04-07 16:29:44.804+00","2020-04-07 16:29:44.804+00",NULL,NULL
689,"Kaliabhomora","India","Assam","2020-04-07 16:29:44.851+00","2020-04-07 16:29:44.851+00",NULL,NULL
690,"Ketekibari","India","Assam","2020-04-07 16:29:44.872+00","2020-04-07 16:29:44.872+00",NULL,NULL
691,"Lokra","India","Assam","2020-04-07 16:29:44.891+00","2020-04-07 16:29:44.891+00",NULL,NULL
692,"Mijikajan","India","Assam","2020-04-07 16:29:44.901+00","2020-04-07 16:29:44.901+00",NULL,NULL
693,"Missamari","India","Assam","2020-04-07 16:29:45.125+00","2020-04-07 16:29:45.125+00",NULL,NULL
694,"Naharbari","India","Assam","2020-04-07 16:29:45.159+00","2020-04-07 16:29:45.159+00",NULL,NULL
695,"Pabhoi","India","Assam","2020-04-07 16:29:45.192+00","2020-04-07 16:29:45.192+00",NULL,NULL
696,"Panchmile","India","Assam","2020-04-07 16:29:45.213+00","2020-04-07 16:29:45.213+00",NULL,NULL
697,"Rangapara","India","Assam","2020-04-07 16:29:45.232+00","2020-04-07 16:29:45.232+00",NULL,NULL
698,"Sirajuli","India","Assam","2020-04-07 16:29:45.268+00","2020-04-07 16:29:45.268+00",NULL,NULL
699,"Shalonibari","India","Assam","2020-04-07 16:29:45.258+00","2020-04-07 16:29:45.258+00",NULL,NULL
700,"Tetenbari","India","Assam","2020-04-07 16:29:45.37+00","2020-04-07 16:29:45.37+00",NULL,NULL
701,"Thelamara","India","Assam","2020-04-07 16:29:45.391+00","2020-04-07 16:29:45.391+00",NULL,NULL
702,"Atterikhat","India","Assam","2020-04-07 16:29:45.529+00","2020-04-07 16:29:45.529+00",NULL,NULL
703,"Dalgaon","India","Assam","2020-04-07 16:29:45.582+00","2020-04-07 16:29:45.582+00",NULL,NULL
704,"Bhakatpara","India","Assam","2020-04-07 16:29:45.562+00","2020-04-07 16:29:45.562+00",NULL,NULL
705,"Dimakuchi","India","Assam","2020-04-07 16:29:45.666+00","2020-04-07 16:29:45.666+00",NULL,NULL
706,"Dhula","India","Assam","2020-04-07 16:29:45.633+00","2020-04-07 16:29:45.633+00",NULL,NULL
707,"Duni","India","Assam","2020-04-07 16:29:45.696+00","2020-04-07 16:29:45.696+00",NULL,NULL
708,"Harisinga","India","Assam","2020-04-07 16:29:45.732+00","2020-04-07 16:29:45.732+00",NULL,NULL
709,"Hatigarh","India","Assam","2020-04-07 16:29:45.769+00","2020-04-07 16:29:45.769+00",NULL,NULL
710,"Kalaigaon","India","Assam","2020-04-07 16:29:45.789+00","2020-04-07 16:29:45.789+00",NULL,NULL
711,"Kharupetiaghat","India","Assam","2020-04-07 16:29:45.855+00","2020-04-07 16:29:45.855+00",NULL,NULL
712,"Kopati","India","Assam","2020-04-07 16:29:45.957+00","2020-04-07 16:29:45.957+00",NULL,NULL
713,"Lalpul Bazar","India","Assam","2020-04-07 16:29:45.977+00","2020-04-07 16:29:45.977+00",NULL,NULL
714,"Mazbat","India","Assam","2020-04-07 16:29:46.035+00","2020-04-07 16:29:46.035+00",NULL,NULL
715,"Orang","India","Assam","2020-04-07 16:29:46.101+00","2020-04-07 16:29:46.101+00",NULL,NULL
716,"Panerihat","India","Assam","2020-04-07 16:29:46.149+00","2020-04-07 16:29:46.149+00",NULL,NULL
717,"Pathorighat","India","Assam","2020-04-07 16:29:46.181+00","2020-04-07 16:29:46.181+00",NULL,NULL
718,"Purani Tangla","India","Assam","2020-04-07 16:29:46.211+00","2020-04-07 16:29:46.211+00",NULL,NULL
719,"Sipajhar","India","Assam","2020-04-07 16:29:46.26+00","2020-04-07 16:29:46.26+00",NULL,NULL
720,"Tangla","India","Assam","2020-04-07 16:29:46.341+00","2020-04-07 16:29:46.341+00",NULL,NULL
721,"Udalguri","India","Assam","2020-04-07 16:29:46.366+00","2020-04-07 16:29:46.366+00",NULL,NULL
722,"Balipara","India","Assam","2020-04-07 16:29:46.447+00","2020-04-07 16:29:46.447+00",NULL,NULL
723,"Alisinga","India","Assam","2020-04-07 16:29:46.425+00","2020-04-07 16:29:46.425+00",NULL,NULL
724,"Barangabari","India","Assam","2020-04-07 16:29:46.503+00","2020-04-07 16:29:46.503+00",NULL,NULL
725,"Borjuli","India","Assam","2020-04-07 16:29:46.538+00","2020-04-07 16:29:46.538+00",NULL,NULL
726,"Besseria","India","Assam","2020-04-07 16:29:46.587+00","2020-04-07 16:29:46.587+00",NULL,NULL
727,"Bedeti","India","Assam","2020-04-07 16:29:46.554+00","2020-04-07 16:29:46.554+00",NULL,NULL
728,"Bihaguri","India","Assam","2020-04-07 16:29:46.626+00","2020-04-07 16:29:46.626+00",NULL,NULL
729,"Bindukuri","India","Assam","2020-04-07 16:29:46.669+00","2020-04-07 16:29:46.669+00",NULL,NULL
730,"Biswanathghat","India","Assam","2020-04-07 16:29:46.701+00","2020-04-07 16:29:46.701+00",NULL,NULL
731,"Naholia","India","Assam","2020-04-07 16:29:46.984+00","2020-04-07 16:29:46.984+00",NULL,NULL
732,"Borgong","India","Assam","2020-04-07 16:29:46.749+00","2020-04-07 16:29:46.749+00",NULL,NULL
733,"Namrup","India","Assam","2020-04-07 16:29:46.992+00","2020-04-07 16:29:46.992+00",NULL,NULL
734,"Rajgarh","India","Assam","2020-04-07 16:29:47.027+00","2020-04-07 16:29:47.027+00",NULL,NULL
735,"Tengakhat","India","Assam","2020-04-07 16:29:47.057+00","2020-04-07 16:29:47.057+00",NULL,NULL
736,"Badati","India","Assam","2020-04-07 16:29:47.093+00","2020-04-07 16:29:47.093+00",NULL,NULL
737,"Dhakuakhana","India","Assam","2020-04-07 16:29:47.469+00","2020-04-07 16:29:47.469+00",NULL,NULL
738,"Bhogpur","India","Assam","2020-04-07 16:29:47.109+00","2020-04-07 16:29:47.109+00",NULL,NULL
739,"Chabua","India","Assam","2020-04-07 16:29:47.49+00","2020-04-07 16:29:47.49+00",NULL,NULL
740,"Duliajan","India","Assam","2020-04-07 16:29:47.507+00","2020-04-07 16:29:47.507+00",NULL,NULL
741,"Khowang","India","Assam","2020-04-07 16:29:47.524+00","2020-04-07 16:29:47.524+00",NULL,NULL
742,"Dhemaji","India","Assam","2020-04-07 16:29:47.557+00","2020-04-07 16:29:47.557+00",NULL,NULL
743,"Gogamukh","India","Assam","2020-04-07 16:29:47.567+00","2020-04-07 16:29:47.567+00",NULL,NULL
744,"Lakhimpur","India","Assam","2020-04-07 16:29:47.588+00","2020-04-07 16:29:47.588+00",NULL,NULL
745,"Sissiborgaon","India","Assam","2020-04-07 16:29:47.6+00","2020-04-07 16:29:47.6+00",NULL,NULL
746,"Laluk","India","Assam","2020-04-07 16:29:47.577+00","2020-04-07 16:29:47.577+00",NULL,NULL
747,"Bamunbari","India","Assam","2020-04-07 16:29:47.651+00","2020-04-07 16:29:47.651+00",NULL,NULL
748,"Barabruah","India","Assam","2020-04-07 16:29:47.726+00","2020-04-07 16:29:47.726+00",NULL,NULL
749,"Dikom","India","Assam","2020-04-07 16:29:48.423+00","2020-04-07 16:29:48.423+00",NULL,NULL
750,"Jeypore","India","Assam","2020-04-07 16:29:48.506+00","2020-04-07 16:29:48.506+00",NULL,NULL
751,"Lahoal","India","Assam","2020-04-07 16:29:48.827+00","2020-04-07 16:29:48.827+00",NULL,NULL
752,"Mohanbari","India","Assam","2020-04-07 16:29:48.895+00","2020-04-07 16:29:48.895+00",NULL,NULL
753,"Dhalpur","India","Assam","2020-04-07 16:29:49.247+00","2020-04-07 16:29:49.247+00",NULL,NULL
754,"Tingkhong","India","Assam","2020-04-07 16:29:49.323+00","2020-04-07 16:29:49.323+00",NULL,NULL
755,"Dikrong","India","Assam","2020-04-07 16:29:49.496+00","2020-04-07 16:29:49.496+00",NULL,NULL
756,"Gerukamukh","India","Assam","2020-04-07 16:29:49.556+00","2020-04-07 16:29:49.556+00",NULL,NULL
757,"Ghilamara","India","Assam","2020-04-07 16:29:49.57+00","2020-04-07 16:29:49.57+00",NULL,NULL
758,"Jonai","India","Assam","2020-04-07 16:29:49.724+00","2020-04-07 16:29:49.724+00",NULL,NULL
759,"Islamgaon","India","Assam","2020-04-07 16:29:49.66+00","2020-04-07 16:29:49.66+00",NULL,NULL
760,"Machkhowa","India","Assam","2020-04-07 16:29:49.946+00","2020-04-07 16:29:49.946+00",NULL,NULL
761,"Pathalipam","India","Assam","2020-04-07 16:29:50.236+00","2020-04-07 16:29:50.236+00",NULL,NULL
762,"Pathalipahar","India","Assam","2020-04-07 16:29:50.222+00","2020-04-07 16:29:50.222+00",NULL,NULL
763,"Silapathar","India","Assam","2020-04-07 16:29:50.255+00","2020-04-07 16:29:50.255+00",NULL,NULL
764,"Simen Chapori","India","Assam","2020-04-07 16:29:50.303+00","2020-04-07 16:29:50.303+00",NULL,NULL
765,"B.s.gram","India","Assam","2020-04-07 16:29:50.404+00","2020-04-07 16:29:50.404+00",NULL,NULL
766,"Agomoni","India","Assam","2020-04-07 16:29:50.418+00","2020-04-07 16:29:50.418+00",NULL,NULL
767,"Bongaigaon","India","Assam","2020-04-07 16:29:50.428+00","2020-04-07 16:29:50.428+00",NULL,NULL
768,"Borobazar","India","Assam","2020-04-07 16:29:50.439+00","2020-04-07 16:29:50.439+00",NULL,NULL
769,"Lakhipur","India","Assam","2020-04-07 16:29:50.444+00","2020-04-07 16:29:50.444+00",NULL,NULL
770,"Golokganj","India","Assam","2020-04-07 16:29:50.454+00","2020-04-07 16:29:50.454+00",NULL,NULL
771,"Matia","India","Assam","2020-04-07 16:29:50.499+00","2020-04-07 16:29:50.499+00",NULL,NULL
772,"Salmara South","India","Assam","2020-04-07 16:29:50.471+00","2020-04-07 16:29:50.471+00",NULL,NULL
773,"Kachugaon","India","Assam","2020-04-07 16:29:50.527+00","2020-04-07 16:29:50.527+00",NULL,NULL
774,"Bengtal","India","Assam","2020-04-07 16:29:50.593+00","2020-04-07 16:29:50.593+00",NULL,NULL
775,"Gossaigaon","India","Assam","2020-04-07 16:29:50.644+00","2020-04-07 16:29:50.644+00",NULL,NULL
776,"South Salmara","India","Assam","2020-04-07 16:29:50.697+00","2020-04-07 16:29:50.697+00",NULL,NULL
777,"Dotma","India","Assam","2020-04-07 16:29:50.621+00","2020-04-07 16:29:50.621+00",NULL,NULL
778,"Bilasipara","India","Assam","2020-04-07 16:29:51.137+00","2020-04-07 16:29:51.137+00",NULL,NULL
779,"Bengtal","India","Assam","2020-04-07 16:29:51.42+00","2020-04-07 16:29:51.42+00",NULL,NULL
780,"Mahamaya","India","Assam","2020-04-07 16:29:51.379+00","2020-04-07 16:29:51.379+00",NULL,NULL
781,"Hatidhura","India","Assam","2020-04-07 16:29:51.337+00","2020-04-07 16:29:51.337+00",NULL,NULL
782,"Sidli Chirang","India","Assam","2020-04-07 16:29:51.295+00","2020-04-07 16:29:51.295+00",NULL,NULL
783,"Manikpur","India","Assam","2020-04-07 16:29:51.705+00","2020-04-07 16:29:51.705+00",NULL,NULL
784,"Bilasipara","India","Assam","2020-04-07 16:29:51.751+00","2020-04-07 16:29:51.751+00",NULL,NULL
785,"Balijana","India","Assam","2020-04-07 16:29:52.1+00","2020-04-07 16:29:52.1+00",NULL,NULL
786,"Debitola","India","Assam","2020-04-07 16:29:52.224+00","2020-04-07 16:29:52.224+00",NULL,NULL
787,"Dudhnoi","India","Assam","2020-04-07 16:29:52.498+00","2020-04-07 16:29:52.498+00",NULL,NULL
788,"Rupsi","India","Assam","2020-04-07 16:29:52.79+00","2020-04-07 16:29:52.79+00",NULL,NULL
789,"Fekamari","India","Assam","2020-04-07 16:29:52.762+00","2020-04-07 16:29:52.762+00",NULL,NULL
790,"Dudnai","India","Assam","2020-04-07 16:29:52.725+00","2020-04-07 16:29:52.725+00",NULL,NULL
791,"Goalpara","India","Assam","2020-04-07 16:29:52.875+00","2020-04-07 16:29:52.875+00",NULL,NULL
792,"Kushdhowa","India","Assam","2020-04-07 16:29:52.639+00","2020-04-07 16:29:52.639+00",NULL,NULL
793,"Boko","India","Assam","2020-04-07 16:29:52.984+00","2020-04-07 16:29:52.984+00",NULL,NULL
794,"Sonapur Block","India","Assam","2020-04-07 16:29:52.994+00","2020-04-07 16:29:52.994+00",NULL,NULL
795,"Chandrapur Block","India","Assam","2020-04-07 16:29:53.209+00","2020-04-07 16:29:53.209+00",NULL,NULL
796,"Bhairabkunda","India","Assam","2020-04-07 16:29:53.476+00","2020-04-07 16:29:53.476+00",NULL,NULL
797,"Doomdooma","India","Assam","2020-04-07 16:29:53.75+00","2020-04-07 16:29:53.75+00",NULL,NULL
798,"Rampur","India","Assam","2020-04-07 16:29:53.236+00","2020-04-07 16:29:53.236+00",NULL,NULL
799,"Goreswar Block","India","Assam","2020-04-07 16:29:53.226+00","2020-04-07 16:29:53.226+00",NULL,NULL
800,"Makhibaha","India","Assam","2020-04-07 16:29:53.901+00","2020-04-07 16:29:53.901+00",NULL,NULL
801,"Hojai","India","Assam","2020-04-07 16:29:54.618+00","2020-04-07 16:29:54.618+00",NULL,NULL
802,"Behali","India","Assam","2020-04-07 16:29:54.675+00","2020-04-07 16:29:54.675+00",NULL,NULL
803,"Karsontala","India","Assam","2020-04-07 16:29:56.249+00","2020-04-07 16:29:56.249+00",NULL,NULL
804,"Khalihamari","India","Assam","2020-04-07 16:29:56.265+00","2020-04-07 16:29:56.265+00",NULL,NULL
805,"Napaam","India","Assam","2020-04-07 16:29:56.302+00","2020-04-07 16:29:56.302+00",NULL,NULL
806,"Krishnai","India","Assam","2020-04-07 16:29:57.083+00","2020-04-07 16:29:57.083+00",NULL,NULL
807,"Boitamari","India","Assam","2020-04-07 16:29:57.072+00","2020-04-07 16:29:57.072+00",NULL,NULL
808,"Parbatpur","India","Assam","2020-04-07 16:29:56.656+00","2020-04-07 16:29:56.656+00",NULL,NULL
809,"Luki ( Boko Block)","India","Assam","2020-04-07 16:30:00.768+00","2020-04-07 16:30:00.768+00",NULL,NULL
810,"Mankachar","India","Assam","2020-04-07 16:29:57.106+00","2020-04-07 16:29:57.106+00",NULL,NULL
811,"Rani Block","India","Assam","2020-04-07 16:30:00.784+00","2020-04-07 16:30:00.784+00",NULL,NULL
812,"Jagiroad","India","Assam","2020-04-07 16:30:00.847+00","2020-04-07 16:30:00.847+00",NULL,NULL
813,"Raha","India","Assam","2020-04-07 16:30:01.037+00","2020-04-07 16:30:01.037+00",NULL,NULL
814,"Morigaon","India","Assam","2020-04-07 16:30:01.052+00","2020-04-07 16:30:01.052+00",NULL,NULL
815,"Palashbari Circle","India","Assam","2020-04-07 16:30:01.115+00","2020-04-07 16:30:01.115+00",NULL,NULL
816,"Jalukbari Lac","India","Assam","2020-04-07 16:30:01.132+00","2020-04-07 16:30:01.132+00",NULL,NULL
817,"Baitamari","India","Assam","2020-04-07 16:30:01.162+00","2020-04-07 16:30:01.162+00",NULL,NULL
818,"Rangjuli","India","Assam","2020-04-07 16:30:01.15+00","2020-04-07 16:30:01.15+00",NULL,NULL
819,"Chapar Salkocha","India","Assam","2020-04-07 16:30:01.202+00","2020-04-07 16:30:01.202+00",NULL,NULL
820,"Bezera Block","India","Assam","2020-04-07 16:30:01.526+00","2020-04-07 16:30:01.526+00",NULL,NULL
821,"Dakhin Sarubanswar Mauza","India","Assam","2020-04-07 16:30:01.595+00","2020-04-07 16:30:01.595+00",NULL,NULL
822,"Gmc ( North Gh Circle )","India","Assam","2020-04-07 16:30:01.606+00","2020-04-07 16:30:01.606+00",NULL,NULL
823,"Chhaygaon Pantan","India","Assam","2020-04-07 16:30:01.629+00","2020-04-07 16:30:01.629+00",NULL,NULL
824,"Kamalpur","India","Assam","2020-04-07 16:30:01.617+00","2020-04-07 16:30:01.617+00",NULL,NULL
825,"Jharobari Block","India","Assam","2020-04-07 16:30:02.085+00","2020-04-07 16:30:02.085+00",NULL,NULL
826,"Rangia Block","India","Assam","2020-04-07 16:30:02.135+00","2020-04-07 16:30:02.135+00",NULL,NULL
827,"Rampur Block","India","Assam","2020-04-07 16:30:02.103+00","2020-04-07 16:30:02.103+00",NULL,NULL
828,"Hajo Block","India","Assam","2020-04-07 16:30:02.185+00","2020-04-07 16:30:02.185+00",NULL,NULL
829,"Dakhin Sarubanswar (rampur)","India","Assam","2020-04-07 16:30:02.2+00","2020-04-07 16:30:02.2+00",NULL,NULL
830,"Chamaria Block","India","Assam","2020-04-07 16:30:02.23+00","2020-04-07 16:30:02.23+00",NULL,NULL
831,"Chamaria","India","Assam","2020-04-07 16:30:02.458+00","2020-04-07 16:30:02.458+00",NULL,NULL
832,"Rani Block ( Palashbari Circle","India","Assam","2020-04-07 16:30:02.469+00","2020-04-07 16:30:02.469+00",NULL,NULL
833,"Rampur","India","Assam","2020-04-07 16:30:02.493+00","2020-04-07 16:30:02.493+00",NULL,NULL
834,"Soalkuchi Block","India","Assam","2020-04-07 16:30:02.531+00","2020-04-07 16:30:02.531+00",NULL,NULL
835,"Hamren","India","Assam","2020-04-07 16:30:02.781+00","2020-04-07 16:30:02.781+00",NULL,NULL
836,"Bokajan","India","Assam","2020-04-07 16:30:02.761+00","2020-04-07 16:30:02.761+00",NULL,NULL
837,"Kamalpur Block","India","Assam","2020-04-07 16:30:02.543+00","2020-04-07 16:30:02.543+00",NULL,NULL
838,"Bhuragaon","India","Assam","2020-04-07 16:30:02.937+00","2020-04-07 16:30:02.937+00",NULL,NULL
839,"Doboka","India","Assam","2020-04-07 16:30:02.983+00","2020-04-07 16:30:02.983+00",NULL,NULL
840,"Dhing","India","Assam","2020-04-07 16:30:03.002+00","2020-04-07 16:30:03.002+00",NULL,NULL
841,"Kaliabor","India","Assam","2020-04-07 16:30:03.211+00","2020-04-07 16:30:03.211+00",NULL,NULL
842,"Kampur","India","Assam","2020-04-07 16:30:03.067+00","2020-04-07 16:30:03.067+00",NULL,NULL
843,"Hojai","India","Assam","2020-04-07 16:30:03.285+00","2020-04-07 16:30:03.285+00",NULL,NULL
844,"Kaithalkuchi","India","Assam","2020-04-07 16:30:03.292+00","2020-04-07 16:30:03.292+00",NULL,NULL
845,"Baharihat","India","Assam","2020-04-07 16:30:03.318+00","2020-04-07 16:30:03.318+00",NULL,NULL
846,"Barkhetri","India","Assam","2020-04-07 16:30:03.312+00","2020-04-07 16:30:03.312+00",NULL,NULL
847,"Mukalmua","India","Assam","2020-04-07 16:30:03.302+00","2020-04-07 16:30:03.302+00",NULL,NULL
848,"Barpetaroad","India","Assam","2020-04-07 16:30:03.324+00","2020-04-07 16:30:03.324+00",NULL,NULL
849,"Bhella","India","Assam","2020-04-07 16:30:03.331+00","2020-04-07 16:30:03.331+00",NULL,NULL
850,"Howly","India","Assam","2020-04-07 16:30:03.342+00","2020-04-07 16:30:03.342+00",NULL,NULL
851,"Mandia","India","Assam","2020-04-07 16:30:03.358+00","2020-04-07 16:30:03.358+00",NULL,NULL
852,"Kalgachia","India","Assam","2020-04-07 16:30:03.349+00","2020-04-07 16:30:03.349+00",NULL,NULL
853,"Mayanbari","India","Assam","2020-04-07 16:30:03.365+00","2020-04-07 16:30:03.365+00",NULL,NULL
854,"Santinagar","India","Assam","2020-04-07 16:30:03.373+00","2020-04-07 16:30:03.373+00",NULL,NULL
855,"Sarthebari","India","Assam","2020-04-07 16:30:03.38+00","2020-04-07 16:30:03.38+00",NULL,NULL
856,"Simlaguri","India","Assam","2020-04-07 16:30:03.387+00","2020-04-07 16:30:03.387+00",NULL,NULL
857,"Sorbhog","India","Assam","2020-04-07 16:30:03.394+00","2020-04-07 16:30:03.394+00",NULL,NULL
858,"Kamarkuchi","India","Assam","2020-04-07 16:30:03.409+00","2020-04-07 16:30:03.409+00",NULL,NULL
859,"Karia","India","Assam","2020-04-07 16:30:03.416+00","2020-04-07 16:30:03.416+00",NULL,NULL
860,"Pathsala","India","Assam","2020-04-07 16:30:03.423+00","2020-04-07 16:30:03.423+00",NULL,NULL
861,"Baganpara","India","Assam","2020-04-07 16:30:03.479+00","2020-04-07 16:30:03.479+00",NULL,NULL
862,"Niz Namati","India","Assam","2020-04-07 16:30:03.463+00","2020-04-07 16:30:03.463+00",NULL,NULL
863,"Jagra","India","Assam","2020-04-07 16:30:03.437+00","2020-04-07 16:30:03.437+00",NULL,NULL
864,"Jalahghat","India","Assam","2020-04-07 16:30:03.43+00","2020-04-07 16:30:03.43+00",NULL,NULL
865,"Kalag","India","Assam","2020-04-07 16:30:03.526+00","2020-04-07 16:30:03.526+00",NULL,NULL
866,"Ghograpar","India","Assam","2020-04-07 16:30:03.512+00","2020-04-07 16:30:03.512+00",NULL,NULL
867,"Kumarikata","India","Assam","2020-04-07 16:30:03.539+00","2020-04-07 16:30:03.539+00",NULL,NULL
868,"Marowa","India","Assam","2020-04-07 16:30:03.552+00","2020-04-07 16:30:03.552+00",NULL,NULL
869,"Nagrijuli","India","Assam","2020-04-07 16:30:03.566+00","2020-04-07 16:30:03.566+00",NULL,NULL
870,"Nizdhamdhama","India","Assam","2020-04-07 16:30:03.589+00","2020-04-07 16:30:03.589+00",NULL,NULL
871,"Tambulpur","India","Assam","2020-04-07 16:30:03.611+00","2020-04-07 16:30:03.611+00",NULL,NULL
872,"Sanekuchi","India","Assam","2020-04-07 16:30:03.6+00","2020-04-07 16:30:03.6+00",NULL,NULL
873,"Mussalpur","India","Assam","2020-04-07 16:30:03.642+00","2020-04-07 16:30:03.642+00",NULL,NULL
874,"Baghmarabazar","India","Assam","2020-04-07 16:30:03.625+00","2020-04-07 16:30:03.625+00",NULL,NULL
875,"Sarupeta","India","Assam","2020-04-07 16:30:03.655+00","2020-04-07 16:30:03.655+00",NULL,NULL
876,"Bangaon","India","Assam","2020-04-07 16:30:03.669+00","2020-04-07 16:30:03.669+00",NULL,NULL
877,"Thamna","India","Assam","2020-04-07 16:30:03.686+00","2020-04-07 16:30:03.686+00",NULL,NULL
878,"Tihu","India","Assam","2020-04-07 16:30:03.703+00","2020-04-07 16:30:03.703+00",NULL,NULL
879,"Nityananda","India","Assam","2020-04-07 16:30:03.717+00","2020-04-07 16:30:03.717+00",NULL,NULL
880,"Bhowanipur","India","Assam","2020-04-07 16:30:03.727+00","2020-04-07 16:30:03.727+00",NULL,NULL
881,"Haribhanga","India","Assam","2020-04-07 16:30:03.747+00","2020-04-07 16:30:03.747+00",NULL,NULL
882,"Doomni","India","Assam","2020-04-07 16:30:03.738+00","2020-04-07 16:30:03.738+00",NULL,NULL
883,"Kokilabari","India","Assam","2020-04-07 16:30:03.756+00","2020-04-07 16:30:03.756+00",NULL,NULL
884,"Banagrasm","India","Assam","2020-04-07 16:30:03.789+00","2020-04-07 16:30:03.789+00",NULL,NULL
885,"Patacharkuchi","India","Assam","2020-04-07 16:30:03.773+00","2020-04-07 16:30:03.773+00",NULL,NULL
886,"Banekuchi","India","Assam","2020-04-07 16:30:03.802+00","2020-04-07 16:30:03.802+00",NULL,NULL
887,"Barama","India","Assam","2020-04-07 16:30:03.813+00","2020-04-07 16:30:03.813+00",NULL,NULL
888,"Barimakha","India","Assam","2020-04-07 16:30:03.826+00","2020-04-07 16:30:03.826+00",NULL,NULL
889,"Bartola","India","Assam","2020-04-07 16:30:03.838+00","2020-04-07 16:30:03.838+00",NULL,NULL
890,"Belsor","India","Assam","2020-04-07 16:30:03.852+00","2020-04-07 16:30:03.852+00",NULL,NULL
891,"Dhanbil","India","Assam","2020-04-07 16:30:04.082+00","2020-04-07 16:30:04.082+00",NULL,NULL
892,"Chamata","India","Assam","2020-04-07 16:30:04.069+00","2020-04-07 16:30:04.069+00",NULL,NULL
893,"Sadiya","India","Assam","2020-04-07 16:30:04.116+00","2020-04-07 16:30:04.116+00",NULL,NULL
894,"Margherita","India","Assam","2020-04-07 16:30:04.13+00","2020-04-07 16:30:04.13+00",NULL,NULL
895,"Doom Dooma","India","Assam","2020-04-07 16:30:04.164+00","2020-04-07 16:30:04.164+00",NULL,NULL
896,"Chabua","India","Assam","2020-04-07 16:30:04.147+00","2020-04-07 16:30:04.147+00",NULL,NULL
897,"Araria","India","Bihar","2020-04-07 16:30:25.241+00","2020-04-07 16:30:25.241+00",NULL,NULL
898,"Chapakhowa","India","Assam","2020-04-07 16:30:04.216+00","2020-04-07 16:30:04.216+00",NULL,NULL
899,"Katihar","India","Bihar","2020-04-07 16:30:25.769+00","2020-04-07 16:30:25.769+00",NULL,NULL
900,"Baisi","India","Bihar","2020-04-07 16:30:26.377+00","2020-04-07 16:30:26.377+00",NULL,NULL
901,"Purnea","India","Bihar","2020-04-07 16:30:25.406+00","2020-04-07 16:30:25.406+00",NULL,NULL
902,"Kishanganj","India","Bihar","2020-04-07 16:30:25.635+00","2020-04-07 16:30:25.635+00",NULL,NULL
903,"Barhampur","India","Bihar","2020-04-07 16:30:27.382+00","2020-04-07 16:30:27.382+00",NULL,NULL
904,"Muzaffarpur","India","Bihar","2020-04-07 16:30:27.387+00","2020-04-07 16:30:27.387+00",NULL,NULL
905,"Akbarpur","India","Bihar","2020-04-07 16:30:27.449+00","2020-04-07 16:30:27.449+00",NULL,NULL
906,"Sampatchak","India","Bihar","2020-04-07 16:30:27.444+00","2020-04-07 16:30:27.444+00",NULL,NULL
907,"Nawada","India","Bihar","2020-04-07 16:30:27.46+00","2020-04-07 16:30:27.46+00",NULL,NULL
908,"Warisaliganj","India","Bihar","2020-04-07 16:30:27.508+00","2020-04-07 16:30:27.508+00",NULL,NULL
909,"Roh","India","Bihar","2020-04-07 16:30:27.496+00","2020-04-07 16:30:27.496+00",NULL,NULL
910,"Nalanda","India","Bihar","2020-04-07 16:30:27.479+00","2020-04-07 16:30:27.479+00",NULL,NULL
911,"Nuhrat","India","Bihar","2020-04-07 16:30:27.538+00","2020-04-07 16:30:27.538+00",NULL,NULL
912,"Nardiganj","India","Bihar","2020-04-07 16:30:27.555+00","2020-04-07 16:30:27.555+00",NULL,NULL
913,"Sirdala","India","Bihar","2020-04-07 16:30:27.584+00","2020-04-07 16:30:27.584+00",NULL,NULL
914,"Gaya","India","Bihar","2020-04-07 16:30:27.589+00","2020-04-07 16:30:27.589+00",NULL,NULL
915,"Arwal","India","Bihar","2020-04-07 16:30:27.637+00","2020-04-07 16:30:27.637+00",NULL,NULL
916,"Pakribarawan","India","Bihar","2020-04-07 16:30:27.603+00","2020-04-07 16:30:27.603+00",NULL,NULL
917,"Giriak","India","Bihar","2020-04-07 16:30:27.649+00","2020-04-07 16:30:27.649+00",NULL,NULL
918,"Jehanabad","India","Bihar","2020-04-07 16:30:27.663+00","2020-04-07 16:30:27.663+00",NULL,NULL
919,"Siwan","India","Bihar","2020-04-07 16:30:27.658+00","2020-04-07 16:30:27.658+00",NULL,NULL
920,"Patna","India","Bihar","2020-04-07 16:30:27.673+00","2020-04-07 16:30:27.673+00",NULL,NULL
921,"Andhratharhi","India","Bihar","2020-04-07 16:30:28.034+00","2020-04-07 16:30:28.034+00",NULL,NULL
922,"Madhubani","India","Bihar","2020-04-07 16:30:28.051+00","2020-04-07 16:30:28.051+00",NULL,NULL
923,"Harlakhi","India","Bihar","2020-04-07 16:30:28.017+00","2020-04-07 16:30:28.017+00",NULL,NULL
924,"Hajipur","India","Bihar","2020-04-07 16:30:28.055+00","2020-04-07 16:30:28.055+00",NULL,NULL
925,"Singhwara","India","Bihar","2020-04-07 16:30:28.065+00","2020-04-07 16:30:28.065+00",NULL,NULL
926,"Teghra","India","Bihar","2020-04-07 16:30:28.06+00","2020-04-07 16:30:28.06+00",NULL,NULL
927,"Amas","India","Bihar","2020-04-07 16:30:28.078+00","2020-04-07 16:30:28.078+00",NULL,NULL
928,"Pakribrawana","India","Bihar","2020-04-07 16:30:28.089+00","2020-04-07 16:30:28.089+00",NULL,NULL
929,"Shankarpur","India","Bihar","2020-04-07 16:30:28.117+00","2020-04-07 16:30:28.117+00",NULL,NULL
930,"Dobhi","India","Bihar","2020-04-07 16:30:28.1+00","2020-04-07 16:30:28.1+00",NULL,NULL
931,"Belaganj","India","Bihar","2020-04-07 16:30:28.15+00","2020-04-07 16:30:28.15+00",NULL,NULL
932,"Imamganj","India","Bihar","2020-04-07 16:30:28.138+00","2020-04-07 16:30:28.138+00",NULL,NULL
933,"Dinapur-cum-Khagaul","India","Bihar","2020-04-07 16:30:28.161+00","2020-04-07 16:30:28.161+00",NULL,NULL
934,"Rajgir","India","Bihar","2020-04-07 16:30:28.172+00","2020-04-07 16:30:28.172+00",NULL,NULL
935,"Barh","India","Bihar","2020-04-07 16:30:28.194+00","2020-04-07 16:30:28.194+00",NULL,NULL
936,"Bihar Sharif","India","Bihar","2020-04-07 16:30:28.183+00","2020-04-07 16:30:28.183+00",NULL,NULL
937,"Bhojpur","India","Bihar","2020-04-07 16:30:28.199+00","2020-04-07 16:30:28.199+00",NULL,NULL
938,"Kahalgaon","India","Bihar","2020-04-07 16:30:28.216+00","2020-04-07 16:30:28.216+00",NULL,NULL
939,"Nathnagar","India","Bihar","2020-04-07 16:30:28.238+00","2020-04-07 16:30:28.238+00",NULL,NULL
940,"Jagdishpur","India","Bihar","2020-04-07 16:30:28.226+00","2020-04-07 16:30:28.226+00",NULL,NULL
941,"Narayanpur","India","Bihar","2020-04-07 16:30:28.249+00","2020-04-07 16:30:28.249+00",NULL,NULL
942,"Pirpainti","India","Bihar","2020-04-07 16:30:28.26+00","2020-04-07 16:30:28.26+00",NULL,NULL
943,"Sangrampur","India","Bihar","2020-04-07 16:30:28.717+00","2020-04-07 16:30:28.717+00",NULL,NULL
944,"Sultanganj","India","Bihar","2020-04-07 16:30:28.754+00","2020-04-07 16:30:28.754+00",NULL,NULL
945,"Sabour","India","Bihar","2020-04-07 16:30:28.272+00","2020-04-07 16:30:28.272+00",NULL,NULL
946,"Gopalpur","India","Bihar","2020-04-07 16:30:28.697+00","2020-04-07 16:30:28.697+00",NULL,NULL
947,"Tarapur","India","Bihar","2020-04-07 16:30:28.783+00","2020-04-07 16:30:28.783+00",NULL,NULL
948,"Colgong","India","Bihar","2020-04-07 16:30:28.769+00","2020-04-07 16:30:28.769+00",NULL,NULL
949,"Asarganj","India","Bihar","2020-04-07 16:30:28.842+00","2020-04-07 16:30:28.842+00",NULL,NULL
950,"Naugachia","India","Bihar","2020-04-07 16:30:28.831+00","2020-04-07 16:30:28.831+00",NULL,NULL
951,"Bihpur","India","Bihar","2020-04-07 16:30:28.857+00","2020-04-07 16:30:28.857+00",NULL,NULL
952,"Pripainti","India","Bihar","2020-04-07 16:30:28.886+00","2020-04-07 16:30:28.886+00",NULL,NULL
953,"Kharik Bazar","India","Bihar","2020-04-07 16:30:28.905+00","2020-04-07 16:30:28.905+00",NULL,NULL
954,"Samastipur","India","Bihar","2020-04-07 16:30:28.909+00","2020-04-07 16:30:28.909+00",NULL,NULL
955,"Mohiuddinagar","India","Bihar","2020-04-07 16:30:28.962+00","2020-04-07 16:30:28.962+00",NULL,NULL
956,"Pusa","India","Bihar","2020-04-07 16:30:28.92+00","2020-04-07 16:30:28.92+00",NULL,NULL
957,"Runnisaidpur","India","Bihar","2020-04-07 16:30:29.325+00","2020-04-07 16:30:29.325+00",NULL,NULL
958,"Dumra","India","Bihar","2020-04-07 16:30:29.314+00","2020-04-07 16:30:29.314+00",NULL,NULL
959,"Hasanpur","India","Bihar","2020-04-07 16:30:28.992+00","2020-04-07 16:30:28.992+00",NULL,NULL
960,"Samastipur","India","Bihar","2020-04-07 16:30:29.3+00","2020-04-07 16:30:29.3+00",NULL,NULL
961,"Bairgania","India","Bihar","2020-04-07 16:30:29.336+00","2020-04-07 16:30:29.336+00",NULL,NULL
962,"Bajpatti","India","Bihar","2020-04-07 16:30:29.557+00","2020-04-07 16:30:29.557+00",NULL,NULL
963,"Majorganj","India","Bihar","2020-04-07 16:30:29.573+00","2020-04-07 16:30:29.573+00",NULL,NULL
964,"Belsand","India","Bihar","2020-04-07 16:30:29.585+00","2020-04-07 16:30:29.585+00",NULL,NULL
965,"Bokhara","India","Bihar","2020-04-07 16:30:29.609+00","2020-04-07 16:30:29.609+00",NULL,NULL
966,"Sonbersa","India","Bihar","2020-04-07 16:30:29.596+00","2020-04-07 16:30:29.596+00",NULL,NULL
967,"Pupri","India","Bihar","2020-04-07 16:30:29.631+00","2020-04-07 16:30:29.631+00",NULL,NULL
968,"Choraut","India","Bihar","2020-04-07 16:30:29.62+00","2020-04-07 16:30:29.62+00",NULL,NULL
969,"Parihar","India","Bihar","2020-04-07 16:30:29.654+00","2020-04-07 16:30:29.654+00",NULL,NULL
970,"Parsauni","India","Bihar","2020-04-07 16:30:29.667+00","2020-04-07 16:30:29.667+00",NULL,NULL
971,"Nanpur","India","Bihar","2020-04-07 16:30:29.678+00","2020-04-07 16:30:29.678+00",NULL,NULL
972,"Sheohar","India","Bihar","2020-04-07 16:30:29.702+00","2020-04-07 16:30:29.702+00",NULL,NULL
973,"Riga","India","Bihar","2020-04-07 16:30:29.693+00","2020-04-07 16:30:29.693+00",NULL,NULL
974,"Sursand","India","Bihar","2020-04-07 16:30:29.718+00","2020-04-07 16:30:29.718+00",NULL,NULL
975,"Fatwa","India","Bihar","2020-04-07 16:30:29.757+00","2020-04-07 16:30:29.757+00",NULL,NULL
976,"Piprarhi","India","Bihar","2020-04-07 16:30:29.739+00","2020-04-07 16:30:29.739+00",NULL,NULL
977,"Kahra","India","Bihar","2020-04-07 16:30:29.763+00","2020-04-07 16:30:29.763+00",NULL,NULL
978,"Runnisaidpur","India","Bihar","2020-04-07 16:30:29.785+00","2020-04-07 16:30:29.785+00",NULL,NULL
979,"Darbhanga","India","Bihar","2020-04-07 16:30:29.774+00","2020-04-07 16:30:29.774+00",NULL,NULL
980,"Danapur","India","Bihar","2020-04-07 16:30:29.802+00","2020-04-07 16:30:29.802+00",NULL,NULL
981,"Supaul","India","Bihar","2020-04-07 16:30:29.81+00","2020-04-07 16:30:29.81+00",NULL,NULL
982,"Kanti","India","Bihar","2020-04-07 16:30:29.922+00","2020-04-07 16:30:29.922+00",NULL,NULL
983,"Banka","India","Bihar","2020-04-07 16:30:29.928+00","2020-04-07 16:30:29.928+00",NULL,NULL
984,"Barahat","India","Bihar","2020-04-07 16:30:30.149+00","2020-04-07 16:30:30.149+00",NULL,NULL
985,"Phulidumar","India","Bihar","2020-04-07 16:30:30.206+00","2020-04-07 16:30:30.206+00",NULL,NULL
986,"Chanan","India","Bihar","2020-04-07 16:30:30.171+00","2020-04-07 16:30:30.171+00",NULL,NULL
987,"Bhagalpur","India","Bihar","2020-04-07 16:30:30.238+00","2020-04-07 16:30:30.238+00",NULL,NULL
988,"Aurangabad","India","Bihar","2020-04-07 16:30:30.763+00","2020-04-07 16:30:30.763+00",NULL,NULL
989,"Khagaria","India","Bihar","2020-04-07 16:30:30.258+00","2020-04-07 16:30:30.258+00",NULL,NULL
990,"Begusarai","India","Bihar","2020-04-07 16:30:30.776+00","2020-04-07 16:30:30.776+00",NULL,NULL
991,"Arrah","India","Bihar","2020-04-07 16:30:30.792+00","2020-04-07 16:30:30.792+00",NULL,NULL
992,"Buxar","India","Bihar","2020-04-07 16:30:30.806+00","2020-04-07 16:30:30.806+00",NULL,NULL
993,"Motihari","India","Bihar","2020-04-07 16:30:31.445+00","2020-04-07 16:30:31.445+00",NULL,NULL
994,"Sadar Madhubani","India","Bihar","2020-04-07 16:30:31.473+00","2020-04-07 16:30:31.473+00",NULL,NULL
995,"Jamui","India","Bihar","2020-04-07 16:30:31.491+00","2020-04-07 16:30:31.491+00",NULL,NULL
996,"Munger","India","Bihar","2020-04-07 16:30:31.486+00","2020-04-07 16:30:31.486+00",NULL,NULL
997,"Biharsharif","India","Bihar","2020-04-07 16:30:31.717+00","2020-04-07 16:30:31.717+00",NULL,NULL
998,"Sasaram","India","Bihar","2020-04-07 16:30:31.729+00","2020-04-07 16:30:31.729+00",NULL,NULL
999,"Bettiah","India","Bihar","2020-04-07 16:30:31.723+00","2020-04-07 16:30:31.723+00",NULL,NULL
1000,"Chapra","India","Bihar","2020-04-07 16:30:31.755+00","2020-04-07 16:30:31.755+00",NULL,NULL
1001,"Gopalganj","India","Bihar","2020-04-07 16:30:31.776+00","2020-04-07 16:30:31.776+00",NULL,NULL
1002,"Nawadha","India","Bihar","2020-04-07 16:30:31.823+00","2020-04-07 16:30:31.823+00",NULL,NULL
1003,"Phulwari","India","Bihar","2020-04-07 16:30:31.799+00","2020-04-07 16:30:31.799+00",NULL,NULL
1004,"Motipur","India","Bihar","2020-04-07 16:30:31.861+00","2020-04-07 16:30:31.861+00",NULL,NULL
1005,"Lakhisarai","India","Bihar","2020-04-07 16:30:31.833+00","2020-04-07 16:30:31.833+00",NULL,NULL
1006,"Masaurhi","India","Bihar","2020-04-07 16:30:31.846+00","2020-04-07 16:30:31.846+00",NULL,NULL
1007,"Nirmali","India","Bihar","2020-04-07 16:30:31.872+00","2020-04-07 16:30:31.872+00",NULL,NULL
1008,"Madanpur","India","Bihar","2020-04-07 16:35:49.704+00","2020-04-07 16:35:49.704+00",NULL,NULL
1009,"Phulparas","India","Bihar","2020-04-07 16:35:49.668+00","2020-04-07 16:35:49.668+00",NULL,NULL
1010,"Sherghati","India","Bihar","2020-04-07 16:35:49.723+00","2020-04-07 16:35:49.723+00",NULL,NULL
1011,"Deo","India","Bihar","2020-04-07 16:35:49.738+00","2020-04-07 16:35:49.738+00",NULL,NULL
1012,"Chakai","India","Bihar","2020-04-07 16:35:49.752+00","2020-04-07 16:35:49.752+00",NULL,NULL
1013,"Jhajha","India","Bihar","2020-04-07 16:35:49.781+00","2020-04-07 16:35:49.781+00",NULL,NULL
1014,"Laxmipur","India","Bihar","2020-04-07 16:35:49.797+00","2020-04-07 16:35:49.797+00",NULL,NULL
1015,"Sono","India","Bihar","2020-04-07 16:35:49.817+00","2020-04-07 16:35:49.817+00",NULL,NULL
1016,"Khaira","India","Bihar","2020-04-07 16:35:49.855+00","2020-04-07 16:35:49.855+00",NULL,NULL
1017,"Rafiganj","India","Bihar","2020-04-07 16:35:49.871+00","2020-04-07 16:35:49.871+00",NULL,NULL
1018,"Ghoshi","India","Bihar","2020-04-07 16:35:49.908+00","2020-04-07 16:35:49.908+00",NULL,NULL
1019,"Manpur","India","Bihar","2020-04-07 16:35:49.93+00","2020-04-07 16:35:49.93+00",NULL,NULL
1020,"Gidhaur","India","Bihar","2020-04-07 16:35:49.956+00","2020-04-07 16:35:49.956+00",NULL,NULL
1021,"Surajgarha","India","Bihar","2020-04-07 16:35:49.944+00","2020-04-07 16:35:49.944+00",NULL,NULL
1022,"Sheikhpura","India","Bihar","2020-04-07 16:35:49.971+00","2020-04-07 16:35:49.971+00",NULL,NULL
1023,"Saraiya","India","Bihar","2020-04-07 16:35:49.984+00","2020-04-07 16:35:49.984+00",NULL,NULL
1024,"Patna City","India","Bihar","2020-04-07 16:35:50.052+00","2020-04-07 16:35:50.052+00",NULL,NULL
1025,"Bandra","India","Bihar","2020-04-07 16:35:50.09+00","2020-04-07 16:35:50.09+00",NULL,NULL
1026,"Minapur","India","Bihar","2020-04-07 16:35:50.109+00","2020-04-07 16:35:50.109+00",NULL,NULL
1027,"Punpun","India","Bihar","2020-04-07 16:35:50.121+00","2020-04-07 16:35:50.121+00",NULL,NULL
1028,"Kurhani","India","Bihar","2020-04-07 16:35:50.138+00","2020-04-07 16:35:50.138+00",NULL,NULL
1029,"Sakara","India","Bihar","2020-04-07 16:35:50.227+00","2020-04-07 16:35:50.227+00",NULL,NULL
1030,"Paroo","India","Bihar","2020-04-07 16:35:50.38+00","2020-04-07 16:35:50.38+00",NULL,NULL
1031,"Patepur","India","Bihar","2020-04-07 16:35:50.516+00","2020-04-07 16:35:50.516+00",NULL,NULL
1032,"Bochaha","India","Bihar","2020-04-07 16:35:50.453+00","2020-04-07 16:35:50.453+00",NULL,NULL
1033,"Goroul","India","Bihar","2020-04-07 16:35:50.527+00","2020-04-07 16:35:50.527+00",NULL,NULL
1034,"Mahua","India","Bihar","2020-04-07 16:35:50.539+00","2020-04-07 16:35:50.539+00",NULL,NULL
1035,"Bhagwanpur","India","Bihar","2020-04-07 16:35:50.55+00","2020-04-07 16:35:50.55+00",NULL,NULL
1036,"Patna Sadar","India","Bihar","2020-04-07 16:35:50.576+00","2020-04-07 16:35:50.576+00",NULL,NULL
1037,"Bihta","India","Bihar","2020-04-07 16:35:50.565+00","2020-04-07 16:35:50.565+00",NULL,NULL
1038,"Bhagwanpur","India","Bihar","2020-04-07 16:35:50.616+00","2020-04-07 16:35:50.616+00",NULL,NULL
1039,"Dehri","India","Bihar","2020-04-07 16:35:50.627+00","2020-04-07 16:35:50.627+00",NULL,NULL
1040,"Nasriganj","India","Bihar","2020-04-07 16:35:50.639+00","2020-04-07 16:35:50.639+00",NULL,NULL
1041,"Bikramganj","India","Bihar","2020-04-07 16:35:50.65+00","2020-04-07 16:35:50.65+00",NULL,NULL
1042,"Dariapur","India","Bihar","2020-04-07 16:35:50.661+00","2020-04-07 16:35:50.661+00",NULL,NULL
1043,"Sonbarsa","India","Bihar","2020-04-07 16:35:50.833+00","2020-04-07 16:35:50.833+00",NULL,NULL
1044,"Saharsa","India","Bihar","2020-04-07 16:35:50.853+00","2020-04-07 16:35:50.853+00",NULL,NULL
1045,"Saharsa","India","Bihar","2020-04-07 16:35:50.873+00","2020-04-07 16:35:50.873+00",NULL,NULL
1046,"Saharsa","India","Bihar","2020-04-07 16:35:50.898+00","2020-04-07 16:35:50.898+00",NULL,NULL
1047,"Jhanjharpur","India","Bihar","2020-04-07 16:35:50.987+00","2020-04-07 16:35:50.987+00",NULL,NULL
1048,"Mansi","India","Bihar","2020-04-07 16:35:50.945+00","2020-04-07 16:35:50.945+00",NULL,NULL
1049,"Barun","India","Bihar","2020-04-07 16:35:51.218+00","2020-04-07 16:35:51.218+00",NULL,NULL
1050,"Daudnagar","India","Bihar","2020-04-07 16:35:51.001+00","2020-04-07 16:35:51.001+00",NULL,NULL
1051,"Madhuban","India","Bihar","2020-04-07 16:35:51.283+00","2020-04-07 16:35:51.283+00",NULL,NULL
1052,"Bhabua","India","Bihar","2020-04-07 16:35:51.596+00","2020-04-07 16:35:51.596+00",NULL,NULL
1053,"East Champaran","India","Bihar","2020-04-07 16:35:51.764+00","2020-04-07 16:35:51.764+00",NULL,NULL
1054,"Katra","India","Bihar","2020-04-07 16:35:51.811+00","2020-04-07 16:35:51.811+00",NULL,NULL
1055,"Kaimur (Bhabua)","India","Bihar","2020-04-07 16:35:59.42+00","2020-04-07 16:35:59.42+00",NULL,NULL
1056,"Nokha","India","Bihar","2020-04-07 16:35:59.431+00","2020-04-07 16:35:59.431+00",NULL,NULL
1057,"Rohtas","India","Bihar","2020-04-07 16:35:59.443+00","2020-04-07 16:35:59.443+00",NULL,NULL
1058,"Bodhgaya","India","Bihar","2020-04-07 16:35:59.499+00","2020-04-07 16:35:59.499+00",NULL,NULL
1059,"Atri","India","Bihar","2020-04-07 16:35:59.58+00","2020-04-07 16:35:59.58+00",NULL,NULL
1060,"Arwal","India","Bihar","2020-04-07 16:35:59.61+00","2020-04-07 16:35:59.61+00",NULL,NULL
1061,"Bakhtiarpur","India","Bihar","2020-04-07 16:35:59.627+00","2020-04-07 16:35:59.627+00",NULL,NULL
1062,"Bind","India","Bihar","2020-04-07 16:35:59.696+00","2020-04-07 16:35:59.696+00",NULL,NULL
1063,"Parwalpur","India","Bihar","2020-04-07 16:35:59.714+00","2020-04-07 16:35:59.714+00",NULL,NULL
1064,"Harnaut","India","Bihar","2020-04-07 16:35:59.732+00","2020-04-07 16:35:59.732+00",NULL,NULL
1065,"Tarari","India","Bihar","2020-04-07 16:35:59.853+00","2020-04-07 16:35:59.853+00",NULL,NULL
1066,"Dumraon","India","Bihar","2020-04-07 16:35:59.873+00","2020-04-07 16:35:59.873+00",NULL,NULL
1067,"Vaishali","India","Bihar","2020-04-07 16:35:59.89+00","2020-04-07 16:35:59.89+00",NULL,NULL
1068,"West Champaran","India","Bihar","2020-04-07 16:35:59.932+00","2020-04-07 16:35:59.932+00",NULL,NULL
1069,"Madhepura","India","Bihar","2020-04-07 16:36:00.074+00","2020-04-07 16:36:00.074+00",NULL,NULL
1070,"Simri Bakhtiarpur","India","Bihar","2020-04-07 16:36:00.05+00","2020-04-07 16:36:00.05+00",NULL,NULL
1071,"Basantpur","India","Bihar","2020-04-07 16:36:00.028+00","2020-04-07 16:36:00.028+00",NULL,NULL
1072,"Raghopur","India","Bihar","2020-04-07 16:36:00.1+00","2020-04-07 16:36:00.1+00",NULL,NULL
1073,"Kahara","India","Bihar","2020-04-07 16:36:00.432+00","2020-04-07 16:36:00.432+00",NULL,NULL
1074,"Tribeniganj","India","Bihar","2020-04-07 16:36:00.635+00","2020-04-07 16:36:00.635+00",NULL,NULL
1075,"Raniganj","India","Bihar","2020-04-07 16:36:00.902+00","2020-04-07 16:36:00.902+00",NULL,NULL
1076,"Haspura","India","Bihar","2020-04-07 16:36:00.935+00","2020-04-07 16:36:00.935+00",NULL,NULL
1077,"Goh","India","Bihar","2020-04-07 16:36:00.914+00","2020-04-07 16:36:00.914+00",NULL,NULL
1078,"Nabinagar","India","Bihar","2020-04-07 16:36:00.971+00","2020-04-07 16:36:00.971+00",NULL,NULL
1079,"Imamgnaj","India","Bihar","2020-04-07 16:36:01.008+00","2020-04-07 16:36:01.008+00",NULL,NULL
1080,"Gurua","India","Bihar","2020-04-07 16:36:01.294+00","2020-04-07 16:36:01.294+00",NULL,NULL
1081,"Amba","India","Bihar","2020-04-07 16:36:01.311+00","2020-04-07 16:36:01.311+00",NULL,NULL
1082,"Rafigang","India","Bihar","2020-04-07 16:36:01.253+00","2020-04-07 16:36:01.253+00",NULL,NULL
1083,"Bankey Bajar","India","Bihar","2020-04-07 16:36:01.332+00","2020-04-07 16:36:01.332+00",NULL,NULL
1084,"Brachatti","India","Bihar","2020-04-07 16:36:01.345+00","2020-04-07 16:36:01.345+00",NULL,NULL
1085,"Kutumba","India","Bihar","2020-04-07 16:36:01.395+00","2020-04-07 16:36:01.395+00",NULL,NULL
1086,"Daunagar","India","Bihar","2020-04-07 16:36:01.365+00","2020-04-07 16:36:01.365+00",NULL,NULL
1087,"Kaler","India","Bihar","2020-04-07 16:36:01.408+00","2020-04-07 16:36:01.408+00",NULL,NULL
1088,"Konch","India","Bihar","2020-04-07 16:36:01.42+00","2020-04-07 16:36:01.42+00",NULL,NULL
1089,"Balia","India","Bihar","2020-04-07 16:36:01.478+00","2020-04-07 16:36:01.478+00",NULL,NULL
1090,"Khagaria","India","Bihar","2020-04-07 16:36:01.499+00","2020-04-07 16:36:01.499+00",NULL,NULL
1091,"Barauni","India","Bihar","2020-04-07 16:36:01.544+00","2020-04-07 16:36:01.544+00",NULL,NULL
1092,"Piru","India","Bihar","2020-04-07 16:36:01.793+00","2020-04-07 16:36:01.793+00",NULL,NULL
1093,"Jagdishpur","India","Bihar","2020-04-07 16:36:01.816+00","2020-04-07 16:36:01.816+00",NULL,NULL
1094,"Piro","India","Bihar","2020-04-07 16:36:01.859+00","2020-04-07 16:36:01.859+00",NULL,NULL
1095,"Shahpur","India","Bihar","2020-04-07 16:36:01.98+00","2020-04-07 16:36:01.98+00",NULL,NULL
1096,"Chausa","India","Bihar","2020-04-07 16:36:02.088+00","2020-04-07 16:36:02.088+00",NULL,NULL
1097,"Rajpur","India","Bihar","2020-04-07 16:36:02.109+00","2020-04-07 16:36:02.109+00",NULL,NULL
1098,"Itarhi","India","Bihar","2020-04-07 16:36:02.151+00","2020-04-07 16:36:02.151+00",NULL,NULL
1099,"Duraon","India","Bihar","2020-04-07 16:36:02.175+00","2020-04-07 16:36:02.175+00",NULL,NULL
1100,"Simri","India","Bihar","2020-04-07 16:36:02.135+00","2020-04-07 16:36:02.135+00",NULL,NULL
1101,"Kesath","India","Bihar","2020-04-07 16:36:02.213+00","2020-04-07 16:36:02.213+00",NULL,NULL
1102,"Koilwar","India","Bihar","2020-04-07 16:36:02.294+00","2020-04-07 16:36:02.294+00",NULL,NULL
1103,"Benipur","India","Bihar","2020-04-07 16:36:02.324+00","2020-04-07 16:36:02.324+00",NULL,NULL
1104,"Biraul","India","Bihar","2020-04-07 16:36:02.543+00","2020-04-07 16:36:02.543+00",NULL,NULL
1105,"Darbhnaga","India","Bihar","2020-04-07 16:36:02.482+00","2020-04-07 16:36:02.482+00",NULL,NULL
1106,"Bankatwa","India","Bihar","2020-04-07 16:36:02.594+00","2020-04-07 16:36:02.594+00",NULL,NULL
1107,"Tetaria","India","Bihar","2020-04-07 16:36:02.608+00","2020-04-07 16:36:02.608+00",NULL,NULL
1108,"Areraj","India","Bihar","2020-04-07 16:36:02.647+00","2020-04-07 16:36:02.647+00",NULL,NULL
1109,"Turkaulia","India","Bihar","2020-04-07 16:36:02.621+00","2020-04-07 16:36:02.621+00",NULL,NULL
1110,"Pakri Dayal","India","Bihar","2020-04-07 16:36:02.66+00","2020-04-07 16:36:02.66+00",NULL,NULL
1111,"Ghorasahan","India","Bihar","2020-04-07 16:36:02.678+00","2020-04-07 16:36:02.678+00",NULL,NULL
1112,"Dhaka","India","Bihar","2020-04-07 16:36:02.779+00","2020-04-07 16:36:02.779+00",NULL,NULL
1113,"Mehsi","India","Bihar","2020-04-07 16:36:02.841+00","2020-04-07 16:36:02.841+00",NULL,NULL
1114,"Sugauli","India","Bihar","2020-04-07 16:36:02.872+00","2020-04-07 16:36:02.872+00",NULL,NULL
1115,"Raxaul","India","Bihar","2020-04-07 16:36:02.884+00","2020-04-07 16:36:02.884+00",NULL,NULL
1116,"Ramgarhwa","India","Bihar","2020-04-07 16:36:02.9+00","2020-04-07 16:36:02.9+00",NULL,NULL
1117,"Banjaria","India","Bihar","2020-04-07 16:36:02.913+00","2020-04-07 16:36:02.913+00",NULL,NULL
1118,"Sangrampur","India","Bihar","2020-04-07 16:36:02.931+00","2020-04-07 16:36:02.931+00",NULL,NULL
1119,"Chakia(Pipra)","India","Bihar","2020-04-07 16:36:02.949+00","2020-04-07 16:36:02.949+00",NULL,NULL
1120,"Kotwa","India","Bihar","2020-04-07 16:36:02.983+00","2020-04-07 16:36:02.983+00",NULL,NULL
1121,"Harsidhi","India","Bihar","2020-04-07 16:36:03.005+00","2020-04-07 16:36:03.005+00",NULL,NULL
1122,"Piprakothi","India","Bihar","2020-04-07 16:36:03.037+00","2020-04-07 16:36:03.037+00",NULL,NULL
1123,"Patahi","India","Bihar","2020-04-07 16:36:03.063+00","2020-04-07 16:36:03.063+00",NULL,NULL
1124,"Kesaria","India","Bihar","2020-04-07 16:36:03.05+00","2020-04-07 16:36:03.05+00",NULL,NULL
1125,"Chiraia","India","Bihar","2020-04-07 16:36:03.08+00","2020-04-07 16:36:03.08+00",NULL,NULL
1126,"Paharpur","India","Bihar","2020-04-07 16:36:03.102+00","2020-04-07 16:36:03.102+00",NULL,NULL
1127,"Phenhara","India","Bihar","2020-04-07 16:36:03.144+00","2020-04-07 16:36:03.144+00",NULL,NULL
1128,"Karpi","India","Bihar","2020-04-07 16:36:03.212+00","2020-04-07 16:36:03.212+00",NULL,NULL
1129,"Fatehpur Block","India","Bihar","2020-04-07 16:36:03.353+00","2020-04-07 16:36:03.353+00",NULL,NULL
1130,"Bodh Gaya","India","Bihar","2020-04-07 16:36:03.328+00","2020-04-07 16:36:03.328+00",NULL,NULL
1131,"Guraru","India","Bihar","2020-04-07 16:36:03.379+00","2020-04-07 16:36:03.379+00",NULL,NULL
1132,"Khizirsarai","India","Bihar","2020-04-07 16:36:03.408+00","2020-04-07 16:36:03.408+00",NULL,NULL
1133,"Hulasganj","India","Bihar","2020-04-07 16:36:03.391+00","2020-04-07 16:36:03.391+00",NULL,NULL
1134,"Tikari","India","Bihar","2020-04-07 16:36:03.426+00","2020-04-07 16:36:03.426+00",NULL,NULL
1135,"Tekari","India","Bihar","2020-04-07 16:36:03.464+00","2020-04-07 16:36:03.464+00",NULL,NULL
1136,"Pandaul","India","Bihar","2020-04-07 16:36:03.536+00","2020-04-07 16:36:03.536+00",NULL,NULL
1137,"Paraiya","India","Bihar","2020-04-07 16:36:03.447+00","2020-04-07 16:36:03.447+00",NULL,NULL
1138,"Benipatti","India","Bihar","2020-04-07 16:36:03.561+00","2020-04-07 16:36:03.561+00",NULL,NULL
1139,"Jaynagar","India","Bihar","2020-04-07 16:36:03.649+00","2020-04-07 16:36:03.649+00",NULL,NULL
1140,"Jainagar","India","Bihar","2020-04-07 16:36:03.676+00","2020-04-07 16:36:03.676+00",NULL,NULL
1141,"Jamalpur","India","Bihar","2020-04-07 16:36:03.994+00","2020-04-07 16:36:03.994+00",NULL,NULL
1142,"Barbigha","India","Bihar","2020-04-07 16:36:04.041+00","2020-04-07 16:36:04.041+00",NULL,NULL
1143,"Shekhopur Sarai","India","Bihar","2020-04-07 16:36:04.055+00","2020-04-07 16:36:04.055+00",NULL,NULL
1144,"Dharhara","India","Bihar","2020-04-07 16:36:04.068+00","2020-04-07 16:36:04.068+00",NULL,NULL
1145,"Bariarpur","India","Bihar","2020-04-07 16:36:04.092+00","2020-04-07 16:36:04.092+00",NULL,NULL
1146,"Haweli Kharagpur","India","Bihar","2020-04-07 16:36:04.105+00","2020-04-07 16:36:04.105+00",NULL,NULL
1147,"Sarmera","India","Bihar","2020-04-07 16:36:04.181+00","2020-04-07 16:36:04.181+00",NULL,NULL
1148,"Sikandra","India","Bihar","2020-04-07 16:36:04.146+00","2020-04-07 16:36:04.146+00",NULL,NULL
1149,"Aliganj","India","Bihar","2020-04-07 16:36:04.206+00","2020-04-07 16:36:04.206+00",NULL,NULL
1150,"Barhiya","India","Bihar","2020-04-07 16:36:04.227+00","2020-04-07 16:36:04.227+00",NULL,NULL
1151,"Mushahari","India","Bihar","2020-04-07 16:36:04.536+00","2020-04-07 16:36:04.536+00",NULL,NULL
1152,"Sheikhpur","India","Bihar","2020-04-07 16:36:04.24+00","2020-04-07 16:36:04.24+00",NULL,NULL
1153,"Aurai","India","Bihar","2020-04-07 16:36:04.566+00","2020-04-07 16:36:04.566+00",NULL,NULL
1154,"Sakra","India","Bihar","2020-04-07 16:36:04.609+00","2020-04-07 16:36:04.609+00",NULL,NULL
1155,"Muraul","India","Bihar","2020-04-07 16:36:04.622+00","2020-04-07 16:36:04.622+00",NULL,NULL
1156,"Ishlampur","India","Bihar","2020-04-07 16:36:04.711+00","2020-04-07 16:36:04.711+00",NULL,NULL
1157,"Nagarnausa","India","Bihar","2020-04-07 16:36:04.696+00","2020-04-07 16:36:04.696+00",NULL,NULL
1158,"Karaipersurai","India","Bihar","2020-04-07 16:36:04.683+00","2020-04-07 16:36:04.683+00",NULL,NULL
1159,"Athmalgola","India","Bihar","2020-04-07 16:36:04.747+00","2020-04-07 16:36:04.747+00",NULL,NULL
1160,"Mokama","India","Bihar","2020-04-07 16:36:04.783+00","2020-04-07 16:36:04.783+00",NULL,NULL
1161,"Barh","India","Bihar","2020-04-07 16:36:04.765+00","2020-04-07 16:36:04.765+00",NULL,NULL
1162,"Pandarak","India","Bihar","2020-04-07 16:36:05.022+00","2020-04-07 16:36:05.022+00",NULL,NULL
1163,"Pandaak","India","Bihar","2020-04-07 16:36:04.804+00","2020-04-07 16:36:04.804+00",NULL,NULL
1164,"Tharthari","India","Bihar","2020-04-07 16:36:05.051+00","2020-04-07 16:36:05.051+00",NULL,NULL
1165,"Ghoswari","India","Bihar","2020-04-07 16:36:05.037+00","2020-04-07 16:36:05.037+00",NULL,NULL
1166,"Silao","India","Bihar","2020-04-07 16:36:05.094+00","2020-04-07 16:36:05.094+00",NULL,NULL
1167,"Rahui","India","Bihar","2020-04-07 16:36:05.128+00","2020-04-07 16:36:05.128+00",NULL,NULL
1168,"Chandi","India","Bihar","2020-04-07 16:36:05.068+00","2020-04-07 16:36:05.068+00",NULL,NULL
1169,"Akorhi Gola","India","Bihar","2020-04-07 16:36:05.846+00","2020-04-07 16:36:05.846+00",NULL,NULL
1170,"Nursarai","India","Bihar","2020-04-07 16:36:05.14+00","2020-04-07 16:36:05.14+00",NULL,NULL
1171,"Chenari","India","Bihar","2020-04-07 16:36:05.912+00","2020-04-07 16:36:05.912+00",NULL,NULL
1172,"Dawath","India","Bihar","2020-04-07 16:36:05.867+00","2020-04-07 16:36:05.867+00",NULL,NULL
1173,"Chainpur","India","Bihar","2020-04-07 16:36:05.932+00","2020-04-07 16:36:05.932+00",NULL,NULL
1174,"Karakat","India","Bihar","2020-04-07 16:36:06.052+00","2020-04-07 16:36:06.052+00",NULL,NULL
1175,"Dinara","India","Bihar","2020-04-07 16:36:05.971+00","2020-04-07 16:36:05.971+00",NULL,NULL
1176,"Tilouthu","India","Bihar","2020-04-07 16:36:06.094+00","2020-04-07 16:36:06.094+00",NULL,NULL
1177,"Koura","India","Bihar","2020-04-07 16:36:06.13+00","2020-04-07 16:36:06.13+00",NULL,NULL
1178,"Mohania","India","Bihar","2020-04-07 16:36:06.155+00","2020-04-07 16:36:06.155+00",NULL,NULL
1179,"Kochas","India","Bihar","2020-04-07 16:36:06.12+00","2020-04-07 16:36:06.12+00",NULL,NULL
1180,"Sheosagar","India","Bihar","2020-04-07 16:36:06.213+00","2020-04-07 16:36:06.213+00",NULL,NULL
1181,"Ramgarh","India","Bihar","2020-04-07 16:36:06.172+00","2020-04-07 16:36:06.172+00",NULL,NULL
1182,"Surajpura","India","Bihar","2020-04-07 16:36:06.227+00","2020-04-07 16:36:06.227+00",NULL,NULL
1183,"Kishanpur","India","Bihar","2020-04-07 16:36:07.237+00","2020-04-07 16:36:07.237+00",NULL,NULL
1184,"Murliganj","India","Bihar","2020-04-07 16:36:07.278+00","2020-04-07 16:36:07.278+00",NULL,NULL
1185,"Patarghat","India","Bihar","2020-04-07 16:36:07.291+00","2020-04-07 16:36:07.291+00",NULL,NULL
1186,"Chhatapur","India","Bihar","2020-04-07 16:36:07.593+00","2020-04-07 16:36:07.593+00",NULL,NULL
1187,"Triveniganj","India","Bihar","2020-04-07 16:36:07.321+00","2020-04-07 16:36:07.321+00",NULL,NULL
1188,"Salkhua","India","Bihar","2020-04-07 16:36:07.613+00","2020-04-07 16:36:07.613+00",NULL,NULL
1189,"Sour Bazar","India","Bihar","2020-04-07 16:36:07.629+00","2020-04-07 16:36:07.629+00",NULL,NULL
1190,"Singheshwar","India","Bihar","2020-04-07 16:36:07.673+00","2020-04-07 16:36:07.673+00",NULL,NULL
1191,"Gamahria","India","Bihar","2020-04-07 16:36:07.799+00","2020-04-07 16:36:07.799+00",NULL,NULL
1192,"Bihariganj","India","Bihar","2020-04-07 16:36:07.854+00","2020-04-07 16:36:07.854+00",NULL,NULL
1193,"Pipra Bazar","India","Bihar","2020-04-07 16:36:07.707+00","2020-04-07 16:36:07.707+00",NULL,NULL
1194,"Ekma","India","Bihar","2020-04-07 16:36:07.892+00","2020-04-07 16:36:07.892+00",NULL,NULL
1195,"Revelganj","India","Bihar","2020-04-07 16:36:07.952+00","2020-04-07 16:36:07.952+00",NULL,NULL
1196,"Jalalpur","India","Bihar","2020-04-07 16:36:07.983+00","2020-04-07 16:36:07.983+00",NULL,NULL
1197,"Baniapur","India","Bihar","2020-04-07 16:36:08.103+00","2020-04-07 16:36:08.103+00",NULL,NULL
1198,"Andar","India","Bihar","2020-04-07 16:36:08.217+00","2020-04-07 16:36:08.217+00",NULL,NULL
1199,"Katra","India","Bihar","2020-04-07 16:36:08.202+00","2020-04-07 16:36:08.202+00",NULL,NULL
1200,"Hasanpura","India","Bihar","2020-04-07 16:36:08.243+00","2020-04-07 16:36:08.243+00",NULL,NULL
1201,"Mahnar","India","Bihar","2020-04-07 16:36:08.492+00","2020-04-07 16:36:08.492+00",NULL,NULL
1202,"Lalganj","India","Bihar","2020-04-07 16:36:08.476+00","2020-04-07 16:36:08.476+00",NULL,NULL
1203,"Sahdei Buzurg","India","Bihar","2020-04-07 16:36:08.567+00","2020-04-07 16:36:08.567+00",NULL,NULL
1204,"Raghopur","India","Bihar","2020-04-07 16:36:08.538+00","2020-04-07 16:36:08.538+00",NULL,NULL
1205,"Rajapakar","India","Bihar","2020-04-07 16:36:08.553+00","2020-04-07 16:36:08.553+00",NULL,NULL
1206,"Paedhi Belsar","India","Bihar","2020-04-07 16:36:08.596+00","2020-04-07 16:36:08.596+00",NULL,NULL
1207,"Bidupur","India","Bihar","2020-04-07 16:36:08.629+00","2020-04-07 16:36:08.629+00",NULL,NULL
1208,"Desari","India","Bihar","2020-04-07 16:36:08.651+00","2020-04-07 16:36:08.651+00",NULL,NULL
1209,"Paliganj","India","Bihar","2020-04-07 16:36:08.792+00","2020-04-07 16:36:08.792+00",NULL,NULL
1210,"Chandigarh","India","Chandigarh","2020-04-07 16:37:18.321+00","2020-04-07 16:37:18.321+00",NULL,NULL
1211,"Ropar","India","Chandigarh","2020-04-07 16:37:18.677+00","2020-04-07 16:37:18.677+00",NULL,NULL
1212,"Durg","India","Chhattisgarh","2020-04-07 16:37:18.72+00","2020-04-07 16:37:18.72+00",NULL,NULL
1213,"Raigarh","India","Chhattisgarh","2020-04-07 16:37:18.734+00","2020-04-07 16:37:18.734+00",NULL,NULL
1214,"Bilaspur","India","Chhattisgarh","2020-04-07 16:37:18.729+00","2020-04-07 16:37:18.729+00",NULL,NULL
1215,"Dondi","India","Chhattisgarh","2020-04-07 16:37:18.747+00","2020-04-07 16:37:18.747+00",NULL,NULL
1216,"Lakhanpur","India","Chhattisgarh","2020-04-07 16:37:18.774+00","2020-04-07 16:37:18.774+00",NULL,NULL
1217,"Kondagaon","India","Chhattisgarh","2020-04-07 16:37:18.779+00","2020-04-07 16:37:18.779+00",NULL,NULL
1218,"Sahaspur Lohara","India","Chhattisgarh","2020-04-07 16:37:18.784+00","2020-04-07 16:37:18.784+00",NULL,NULL
1219,"Simga","India","Chhattisgarh","2020-04-07 16:37:18.79+00","2020-04-07 16:37:18.79+00",NULL,NULL
1220,"Raipur","India","Chhattisgarh","2020-04-07 16:37:18.811+00","2020-04-07 16:37:18.811+00",NULL,NULL
1221,"Pithora","India","Chhattisgarh","2020-04-07 16:37:18.824+00","2020-04-07 16:37:18.824+00",NULL,NULL
1222,"Kasdol","India","Chhattisgarh","2020-04-07 16:37:18.849+00","2020-04-07 16:37:18.849+00",NULL,NULL
1223,"Kharora","India","Chhattisgarh","2020-04-07 16:37:18.868+00","2020-04-07 16:37:18.868+00",NULL,NULL
1224,"Kurud","India","Chhattisgarh","2020-04-07 16:37:18.897+00","2020-04-07 16:37:18.897+00",NULL,NULL
1225,"Baloda Bazar","India","Chhattisgarh","2020-04-07 16:37:18.919+00","2020-04-07 16:37:18.919+00",NULL,NULL
1226,"Mahasamund","India","Chhattisgarh","2020-04-07 16:37:18.933+00","2020-04-07 16:37:18.933+00",NULL,NULL
1227,"Rajim","India","Chhattisgarh","2020-04-07 16:37:18.975+00","2020-04-07 16:37:18.975+00",NULL,NULL
1228,"Nagri","India","Chhattisgarh","2020-04-07 16:37:18.962+00","2020-04-07 16:37:18.962+00",NULL,NULL
1229,"Chhura","India","Chhattisgarh","2020-04-07 16:37:18.988+00","2020-04-07 16:37:18.988+00",NULL,NULL
1230,"Pallari","India","Chhattisgarh","2020-04-07 16:37:19.031+00","2020-04-07 16:37:19.031+00",NULL,NULL
1231,"Arang","India","Chhattisgarh","2020-04-07 16:37:19.064+00","2020-04-07 16:37:19.064+00",NULL,NULL
1232,"Bhatapara","India","Chhattisgarh","2020-04-07 16:37:19.117+00","2020-04-07 16:37:19.117+00",NULL,NULL
1233,"Abhanpur","India","Chhattisgarh","2020-04-07 16:37:19.045+00","2020-04-07 16:37:19.045+00",NULL,NULL
1234,"Bilaigarh","India","Chhattisgarh","2020-04-07 16:37:19.136+00","2020-04-07 16:37:19.136+00",NULL,NULL
1235,"Deobhog","India","Chhattisgarh","2020-04-07 16:37:19.188+00","2020-04-07 16:37:19.188+00",NULL,NULL
1236,"Dhamtari","India","Chhattisgarh","2020-04-07 16:37:19.202+00","2020-04-07 16:37:19.202+00",NULL,NULL
1237,"Gariaband","India","Chhattisgarh","2020-04-07 16:37:19.233+00","2020-04-07 16:37:19.233+00",NULL,NULL
1238,"Phingeshwar","India","Chhattisgarh","2020-04-07 16:37:19.25+00","2020-04-07 16:37:19.25+00",NULL,NULL
1239,"Basna","India","Chhattisgarh","2020-04-07 16:37:19.313+00","2020-04-07 16:37:19.313+00",NULL,NULL
1342,"Delhi","India","Delhi","2020-04-07 16:37:53.573+00","2020-04-07 16:37:53.573+00",NULL,NULL
1240,"Bhatgaon","India","Chhattisgarh","2020-04-07 16:37:19.365+00","2020-04-07 16:37:19.365+00",NULL,NULL
1241,"Saraipali","India","Chhattisgarh","2020-04-07 16:37:19.348+00","2020-04-07 16:37:19.348+00",NULL,NULL
1242,"Pondi Uproda","India","Chhattisgarh","2020-04-07 16:37:19.483+00","2020-04-07 16:37:19.483+00",NULL,NULL
1243,"Dharsiwa","India","Chhattisgarh","2020-04-07 16:37:19.402+00","2020-04-07 16:37:19.402+00",NULL,NULL
1244,"Tamnar","India","Chhattisgarh","2020-04-07 16:37:19.478+00","2020-04-07 16:37:19.478+00",NULL,NULL
1245,"Gharghoda","India","Chhattisgarh","2020-04-07 16:37:19.465+00","2020-04-07 16:37:19.465+00",NULL,NULL
1246,"Janjgir","India","Chhattisgarh","2020-04-07 16:37:19.452+00","2020-04-07 16:37:19.452+00",NULL,NULL
1247,"Korba","India","Chhattisgarh","2020-04-07 16:37:19.508+00","2020-04-07 16:37:19.508+00",NULL,NULL
1248,"Kawardha","India","Chhattisgarh","2020-04-07 16:37:19.516+00","2020-04-07 16:37:19.516+00",NULL,NULL
1249,"Bhairamgarh","India","Chhattisgarh","2020-04-07 16:37:19.522+00","2020-04-07 16:37:19.522+00",NULL,NULL
1250,"Bindranawagarh","India","Chhattisgarh","2020-04-07 16:37:19.548+00","2020-04-07 16:37:19.548+00",NULL,NULL
1251,"Gariaband","India","Chhattisgarh","2020-04-07 16:37:19.561+00","2020-04-07 16:37:19.561+00",NULL,NULL
1252,"GP Village Komakhan of  Mahasa","India","Chhattisgarh","2020-04-07 16:37:19.588+00","2020-04-07 16:37:19.588+00",NULL,NULL
1253,"Kanker","India","Chhattisgarh","2020-04-07 16:37:19.604+00","2020-04-07 16:37:19.604+00",NULL,NULL
1254,"Jagdalpur","India","Chhattisgarh","2020-04-07 16:37:19.623+00","2020-04-07 16:37:19.623+00",NULL,NULL
1255,"Khadgawan","India","Chhattisgarh","2020-04-07 16:37:19.609+00","2020-04-07 16:37:19.609+00",NULL,NULL
1256,"Rajnandgaon","India","Chhattisgarh","2020-04-07 16:37:19.645+00","2020-04-07 16:37:19.645+00",NULL,NULL
1257,"Ambikapur","India","Chhattisgarh","2020-04-07 16:37:19.671+00","2020-04-07 16:37:19.671+00",NULL,NULL
1258,"Pamgarh","India","Chhattisgarh","2020-04-07 16:37:20.069+00","2020-04-07 16:37:20.069+00",NULL,NULL
1259,"Baloda","India","Chhattisgarh","2020-04-07 16:37:20.04+00","2020-04-07 16:37:20.04+00",NULL,NULL
1260,"Nawagarh","India","Chhattisgarh","2020-04-07 16:37:20.082+00","2020-04-07 16:37:20.082+00",NULL,NULL
1261,"Gunderdehi","India","Chhattisgarh","2020-04-07 16:37:20.101+00","2020-04-07 16:37:20.101+00",NULL,NULL
1262,"Dongargarh","India","Chhattisgarh","2020-04-07 16:37:20.127+00","2020-04-07 16:37:20.127+00",NULL,NULL
1263,"Jashpur","India","Chhattisgarh","2020-04-07 16:37:20.137+00","2020-04-07 16:37:20.137+00",NULL,NULL
1264,"Pratappur","India","Chhattisgarh","2020-04-07 16:37:20.172+00","2020-04-07 16:37:20.172+00",NULL,NULL
1265,"Surguja","India","Chhattisgarh","2020-04-07 16:37:20.159+00","2020-04-07 16:37:20.159+00",NULL,NULL
1266,"Konta","India","Chhattisgarh","2020-04-07 16:37:20.243+00","2020-04-07 16:37:20.243+00",NULL,NULL
1267,"Bijapur","India","Chhattisgarh","2020-04-07 16:37:20.23+00","2020-04-07 16:37:20.23+00",NULL,NULL
1268,"Dantewada","India","Chhattisgarh","2020-04-07 16:37:20.281+00","2020-04-07 16:37:20.281+00",NULL,NULL
1269,"Mungeli","India","Chhattisgarh","2020-04-07 16:37:20.34+00","2020-04-07 16:37:20.34+00",NULL,NULL
1270,"Jashpurnagar","India","Chhattisgarh","2020-04-07 16:37:20.402+00","2020-04-07 16:37:20.402+00",NULL,NULL
1271,"Dharmajaigarh","India","Chhattisgarh","2020-04-07 16:37:20.421+00","2020-04-07 16:37:20.421+00",NULL,NULL
1272,"Patan","India","Chhattisgarh","2020-04-07 16:37:20.468+00","2020-04-07 16:37:20.468+00",NULL,NULL
1273,"Kargi Road","India","Chhattisgarh","2020-04-07 16:37:20.608+00","2020-04-07 16:37:20.608+00",NULL,NULL
1274,"Keshkal","India","Chhattisgarh","2020-04-07 16:37:20.794+00","2020-04-07 16:37:20.794+00",NULL,NULL
1275,"Malkharoda","India","Chhattisgarh","2020-04-07 16:37:20.659+00","2020-04-07 16:37:20.659+00",NULL,NULL
1276,"Narharpur","India","Chhattisgarh","2020-04-07 16:37:20.821+00","2020-04-07 16:37:20.821+00",NULL,NULL
1277,"Bhopalpatnam","India","Chhattisgarh","2020-04-07 16:37:20.896+00","2020-04-07 16:37:20.896+00",NULL,NULL
1278,"Charama","India","Chhattisgarh","2020-04-07 16:37:20.838+00","2020-04-07 16:37:20.839+00",NULL,NULL
1279,"Bhanupratappur","India","Chhattisgarh","2020-04-07 16:37:20.946+00","2020-04-07 16:37:20.946+00",NULL,NULL
1280,"Narayanpur","India","Chhattisgarh","2020-04-07 16:37:20.954+00","2020-04-07 16:37:20.954+00",NULL,NULL
1281,"Antagarh","India","Chhattisgarh","2020-04-07 16:37:20.972+00","2020-04-07 16:37:20.972+00",NULL,NULL
1282,"Pakhanjore","India","Chhattisgarh","2020-04-07 16:37:21.003+00","2020-04-07 16:37:21.003+00",NULL,NULL
1283,"Akaltara","India","Chhattisgarh","2020-04-07 16:37:21.063+00","2020-04-07 16:37:21.063+00",NULL,NULL
1284,"Takhatpur","India","Chhattisgarh","2020-04-07 16:37:21.385+00","2020-04-07 16:37:21.385+00",NULL,NULL
1285,"Bilha","India","Chhattisgarh","2020-04-07 16:37:21.354+00","2020-04-07 16:37:21.354+00",NULL,NULL
1286,"Kargiroad","India","Chhattisgarh","2020-04-07 16:37:21.081+00","2020-04-07 16:37:21.081+00",NULL,NULL
1287,"Masturi","India","Chhattisgarh","2020-04-07 16:37:21.407+00","2020-04-07 16:37:21.407+00",NULL,NULL
1288,"Katghora","India","Chhattisgarh","2020-04-07 16:37:21.445+00","2020-04-07 16:37:21.445+00",NULL,NULL
1289,"Lormi","India","Chhattisgarh","2020-04-07 16:37:21.473+00","2020-04-07 16:37:21.473+00",NULL,NULL
1290,"Pendra Road","India","Chhattisgarh","2020-04-07 16:37:21.494+00","2020-04-07 16:37:21.494+00",NULL,NULL
1291,"Pali","India","Chhattisgarh","2020-04-07 16:37:21.537+00","2020-04-07 16:37:21.537+00",NULL,NULL
1292,"Ratanpur","India","Chhattisgarh","2020-04-07 16:37:21.574+00","2020-04-07 16:37:21.574+00",NULL,NULL
1293,"Nawagarh","India","Chhattisgarh","2020-04-07 16:37:21.596+00","2020-04-07 16:37:21.596+00",NULL,NULL
1294,"Sakti","India","Chhattisgarh","2020-04-07 16:37:21.659+00","2020-04-07 16:37:21.659+00",NULL,NULL
1295,"Dabhra","India","Chhattisgarh","2020-04-07 16:37:21.716+00","2020-04-07 16:37:21.716+00",NULL,NULL
1296,"Bemetara","India","Chhattisgarh","2020-04-07 16:37:21.876+00","2020-04-07 16:37:21.876+00",NULL,NULL
1297,"Jaijaipur","India","Chhattisgarh","2020-04-07 16:37:21.738+00","2020-04-07 16:37:21.738+00",NULL,NULL
1298,"Berla","India","Chhattisgarh","2020-04-07 16:37:21.899+00","2020-04-07 16:37:21.899+00",NULL,NULL
1299,"Balod","India","Chhattisgarh","2020-04-07 16:37:21.84+00","2020-04-07 16:37:21.84+00",NULL,NULL
1300,"Dhamdha","India","Chhattisgarh","2020-04-07 16:37:21.945+00","2020-04-07 16:37:21.945+00",NULL,NULL
1301,"Dondi Lohara","India","Chhattisgarh","2020-04-07 16:37:21.959+00","2020-04-07 16:37:21.959+00",NULL,NULL
1302,"Gurur","India","Chhattisgarh","2020-04-07 16:37:21.996+00","2020-04-07 16:37:21.996+00",NULL,NULL
1303,"Nandghat","India","Chhattisgarh","2020-04-07 16:37:22.106+00","2020-04-07 16:37:22.106+00",NULL,NULL
1304,"Saja","India","Chhattisgarh","2020-04-07 16:37:22.056+00","2020-04-07 16:37:22.056+00",NULL,NULL
1305,"Patah","India","Chhattisgarh","2020-04-07 16:37:22.197+00","2020-04-07 16:37:22.197+00",NULL,NULL
1306,"Ambagarh Chowk","India","Chhattisgarh","2020-04-07 16:37:22.294+00","2020-04-07 16:37:22.294+00",NULL,NULL
1307,"Ambagarh Chowki","India","Chhattisgarh","2020-04-07 16:37:22.308+00","2020-04-07 16:37:22.308+00",NULL,NULL
1308,"Chhuikhadan","India","Chhattisgarh","2020-04-07 16:37:22.335+00","2020-04-07 16:37:22.335+00",NULL,NULL
1309,"Chhuria","India","Chhattisgarh","2020-04-07 16:37:22.36+00","2020-04-07 16:37:22.36+00",NULL,NULL
1310,"Dongargaon","India","Chhattisgarh","2020-04-07 16:37:22.381+00","2020-04-07 16:37:22.381+00",NULL,NULL
1311,"Gandai Pandaria","India","Chhattisgarh","2020-04-07 16:37:22.4+00","2020-04-07 16:37:22.4+00",NULL,NULL
1312,"Manpur","India","Chhattisgarh","2020-04-07 16:37:22.444+00","2020-04-07 16:37:22.444+00",NULL,NULL
1313,"Khairagarh Raj","India","Chhattisgarh","2020-04-07 16:37:22.43+00","2020-04-07 16:37:22.43+00",NULL,NULL
1314,"Mohla","India","Chhattisgarh","2020-04-07 16:37:22.457+00","2020-04-07 16:37:22.457+00",NULL,NULL
1315,"Pandaria","India","Chhattisgarh","2020-04-07 16:37:22.491+00","2020-04-07 16:37:22.491+00",NULL,NULL
1316,"Surajpur","India","Chhattisgarh","2020-04-07 16:37:22.559+00","2020-04-07 16:37:22.559+00",NULL,NULL
1317,"Koriya","India","Chhattisgarh","2020-04-07 16:37:22.521+00","2020-04-07 16:37:22.521+00",NULL,NULL
1318,"Baikunthapur","India","Chhattisgarh","2020-04-07 16:37:22.623+00","2020-04-07 16:37:22.623+00",NULL,NULL
1319,"Chirimiri","India","Chhattisgarh","2020-04-07 16:37:22.651+00","2020-04-07 16:37:22.651+00",NULL,NULL
1320,"Manendragarh","India","Chhattisgarh","2020-04-07 16:37:22.582+00","2020-04-07 16:37:22.582+00",NULL,NULL
1321,"Janakpur","India","Chhattisgarh","2020-04-07 16:37:22.722+00","2020-04-07 16:37:22.722+00",NULL,NULL
1322,"Kusmi","India","Chhattisgarh","2020-04-07 16:37:22.766+00","2020-04-07 16:37:22.766+00",NULL,NULL
1323,"Sitapur","India","Chhattisgarh","2020-04-07 16:37:22.867+00","2020-04-07 16:37:22.867+00",NULL,NULL
1324,"Bagicha","India","Chhattisgarh","2020-04-07 16:37:22.907+00","2020-04-07 16:37:22.907+00",NULL,NULL
1325,"Sarangarh","India","Chhattisgarh","2020-04-07 16:37:22.949+00","2020-04-07 16:37:22.949+00",NULL,NULL
1326,"Kunkuri","India","Chhattisgarh","2020-04-07 16:37:22.99+00","2020-04-07 16:37:22.99+00",NULL,NULL
1327,"Pathalgoan","India","Chhattisgarh","2020-04-07 16:37:23.127+00","2020-04-07 16:37:23.127+00",NULL,NULL
1328,"Kunkuri","India","Chhattisgarh","2020-04-07 16:37:23.01+00","2020-04-07 16:37:23.01+00",NULL,NULL
1329,"Saria","India","Chhattisgarh","2020-04-07 16:37:23.167+00","2020-04-07 16:37:23.167+00",NULL,NULL
1330,"Dadra & Nagar Haveli","India","Dadra and Nagar Haveli","2020-04-07 16:37:52.638+00","2020-04-07 16:37:52.638+00",NULL,NULL
1331,"Diu","India","Daman and Diu","2020-04-07 16:37:52.88+00","2020-04-07 16:37:52.88+00",NULL,NULL
1332,"Daman","India","Daman and Diu","2020-04-07 16:37:52.875+00","2020-04-07 16:37:52.875+00",NULL,NULL
1333,"Diu U.T.","India","Daman and Diu","2020-04-07 16:37:52.909+00","2020-04-07 16:37:52.909+00",NULL,NULL
1334,"East Delhi","India","Delhi","2020-04-07 16:37:52.984+00","2020-04-07 16:37:52.984+00",NULL,NULL
1335,"North West Delhi","India","Delhi","2020-04-07 16:37:52.99+00","2020-04-07 16:37:52.99+00",NULL,NULL
1336,"South West Delhi","India","Delhi","2020-04-07 16:37:52.995+00","2020-04-07 16:37:52.995+00",NULL,NULL
1337,"South Delhi","India","Delhi","2020-04-07 16:37:53+00","2020-04-07 16:37:53+00",NULL,NULL
1338,"North East Delhi","India","Delhi","2020-04-07 16:37:53.103+00","2020-04-07 16:37:53.103+00",NULL,NULL
1339,"North Delhi","India","Delhi","2020-04-07 16:37:53.112+00","2020-04-07 16:37:53.112+00",NULL,NULL
1340,"New Delhi","India","Delhi","2020-04-07 16:37:53.15+00","2020-04-07 16:37:53.15+00",NULL,NULL
1341,"New Delhi","India","Delhi","2020-04-07 16:37:53.164+00","2020-04-07 16:37:53.164+00",NULL,NULL
1343,"Delhi","India","Delhi","2020-04-07 16:37:53.589+00","2020-04-07 16:37:53.589+00",NULL,NULL
1344,"New Delhi","India","Delhi","2020-04-07 16:37:54.019+00","2020-04-07 16:37:54.019+00",NULL,NULL
1345,"New Delhi","India","Delhi","2020-04-07 16:37:54.367+00","2020-04-07 16:37:54.367+00",NULL,NULL
1346,"Delhi","India","Delhi","2020-04-07 16:37:54.724+00","2020-04-07 16:37:54.724+00",NULL,NULL
1347,"New Delhi","India","Delhi","2020-04-07 16:37:54.738+00","2020-04-07 16:37:54.738+00",NULL,NULL
1348,"New Delhi Central","India","Delhi","2020-04-07 16:37:55.036+00","2020-04-07 16:37:55.036+00",NULL,NULL
1349,"Bardez","India","Goa","2020-04-07 16:37:56.785+00","2020-04-07 16:37:56.785+00",NULL,NULL
1350,"Mormugao","India","Goa","2020-04-07 16:37:56.792+00","2020-04-07 16:37:56.792+00",NULL,NULL
1351,"Delhi","India","Delhi","2020-04-07 16:37:55.074+00","2020-04-07 16:37:55.074+00",NULL,NULL
1352,"Tiswadi","India","Goa","2020-04-07 16:37:56.814+00","2020-04-07 16:37:56.814+00",NULL,NULL
1353,"Sattari","India","Goa","2020-04-07 16:37:56.848+00","2020-04-07 16:37:56.848+00",NULL,NULL
1354,"Ponda","India","Goa","2020-04-07 16:37:56.894+00","2020-04-07 16:37:56.894+00",NULL,NULL
1355,"Salcete","India","Goa","2020-04-07 16:37:57.002+00","2020-04-07 16:37:57.002+00",NULL,NULL
1356,"Canacona","India","Goa","2020-04-07 16:37:57.062+00","2020-04-07 16:37:57.062+00",NULL,NULL
1357,"Quepem","India","Goa","2020-04-07 16:37:57.087+00","2020-04-07 16:37:57.087+00",NULL,NULL
1358,"Sanguem","India","Goa","2020-04-07 16:37:57.281+00","2020-04-07 16:37:57.281+00",NULL,NULL
1359,"Pernem","India","Goa","2020-04-07 16:37:57.205+00","2020-04-07 16:37:57.205+00",NULL,NULL
1360,"South Goa","India","Goa","2020-04-07 16:37:57.323+00","2020-04-07 16:37:57.323+00",NULL,NULL
1361,"Bicholim","India","Goa","2020-04-07 16:37:57.422+00","2020-04-07 16:37:57.422+00",NULL,NULL
1362,"Ponda","India","Goa","2020-04-07 16:37:57.456+00","2020-04-07 16:37:57.456+00",NULL,NULL
1363,"Vadodara","India","Gujarat","2020-04-07 16:37:58.851+00","2020-04-07 16:37:58.851+00",NULL,NULL
1364,"Thasra","India","Gujarat","2020-04-07 16:37:58.886+00","2020-04-07 16:37:58.886+00",NULL,NULL
1365,"Dasroi","India","Gujarat","2020-04-07 16:37:58.845+00","2020-04-07 16:37:58.845+00",NULL,NULL
1366,"Borsad","India","Gujarat","2020-04-07 16:37:58.891+00","2020-04-07 16:37:58.891+00",NULL,NULL
1367,"Nadiad","India","Gujarat","2020-04-07 16:37:58.906+00","2020-04-07 16:37:58.906+00",NULL,NULL
1368,"Khambhat","India","Gujarat","2020-04-07 16:37:58.919+00","2020-04-07 16:37:58.919+00",NULL,NULL
1369,"Sojitra","India","Gujarat","2020-04-07 16:37:58.933+00","2020-04-07 16:37:58.933+00",NULL,NULL
1370,"Petlad","India","Gujarat","2020-04-07 16:37:58.952+00","2020-04-07 16:37:58.952+00",NULL,NULL
1371,"Tarapur","India","Gujarat","2020-04-07 16:37:58.975+00","2020-04-07 16:37:58.975+00",NULL,NULL
1372,"Matar","India","Gujarat","2020-04-07 16:37:59.025+00","2020-04-07 16:37:59.025+00",NULL,NULL
1373,"Kheda","India","Gujarat","2020-04-07 16:37:59.078+00","2020-04-07 16:37:59.078+00",NULL,NULL
1374,"Kapadvanj","India","Gujarat","2020-04-07 16:37:59.048+00","2020-04-07 16:37:59.048+00",NULL,NULL
1375,"Kapadwanj","India","Gujarat","2020-04-07 16:37:59.063+00","2020-04-07 16:37:59.063+00",NULL,NULL
1376,"Mahemdavad","India","Gujarat","2020-04-07 16:37:59.102+00","2020-04-07 16:37:59.102+00",NULL,NULL
1377,"Kathlal","India","Gujarat","2020-04-07 16:37:59.125+00","2020-04-07 16:37:59.125+00",NULL,NULL
1378,"Anand","India","Gujarat","2020-04-07 16:37:59.274+00","2020-04-07 16:37:59.274+00",NULL,NULL
1379,"Mahudha","India","Gujarat","2020-04-07 16:37:59.154+00","2020-04-07 16:37:59.154+00",NULL,NULL
1380,"Mehmedabad","India","Gujarat","2020-04-07 16:37:59.233+00","2020-04-07 16:37:59.233+00",NULL,NULL
1381,"Jamnagar","India","Gujarat","2020-04-07 16:37:59.436+00","2020-04-07 16:37:59.436+00",NULL,NULL
1382,"Rajkot","India","Gujarat","2020-04-07 16:37:59.441+00","2020-04-07 16:37:59.441+00",NULL,NULL
1383,"Junagadh","India","Gujarat","2020-04-07 16:37:59.472+00","2020-04-07 16:37:59.472+00",NULL,NULL
1384,"Bharuch","India","Gujarat","2020-04-07 16:37:59.446+00","2020-04-07 16:37:59.446+00",NULL,NULL
1385,"Godhra","India","Gujarat","2020-04-07 16:37:59.466+00","2020-04-07 16:37:59.466+00",NULL,NULL
1386,"Kutiyana","India","Gujarat","2020-04-07 16:37:59.477+00","2020-04-07 16:37:59.477+00",NULL,NULL
1387,"Porbandar","India","Gujarat","2020-04-07 16:37:59.493+00","2020-04-07 16:37:59.493+00",NULL,NULL
1388,"Panch Mahals","India","Gujarat","2020-04-07 16:37:59.546+00","2020-04-07 16:37:59.546+00",NULL,NULL
1389,"Bagasara","India","Gujarat","2020-04-07 16:37:59.666+00","2020-04-07 16:37:59.666+00",NULL,NULL
1390,"Dhari","India","Gujarat","2020-04-07 16:37:59.684+00","2020-04-07 16:37:59.684+00",NULL,NULL
1391,"Savarkundla","India","Gujarat","2020-04-07 16:37:59.621+00","2020-04-07 16:37:59.621+00",NULL,NULL
1392,"Babra","India","Gujarat","2020-04-07 16:37:59.703+00","2020-04-07 16:37:59.703+00",NULL,NULL
1393,"Chhotaudepur","India","Gujarat","2020-04-07 16:37:59.581+00","2020-04-07 16:37:59.581+00",NULL,NULL
1394,"Amreli","India","Gujarat","2020-04-07 16:37:59.586+00","2020-04-07 16:37:59.586+00",NULL,NULL
1395,"Lathi","India","Gujarat","2020-04-07 16:37:59.934+00","2020-04-07 16:37:59.934+00",NULL,NULL
1396,"Khambha","India","Gujarat","2020-04-07 16:37:59.955+00","2020-04-07 16:37:59.955+00",NULL,NULL
1397,"Rajula","India","Gujarat","2020-04-07 16:37:59.98+00","2020-04-07 16:37:59.98+00",NULL,NULL
1398,"Kunkvav-vadia","India","Gujarat","2020-04-07 16:38:00.448+00","2020-04-07 16:38:00.448+00",NULL,NULL
1399,"Bagsra","India","Gujarat","2020-04-07 16:38:00.555+00","2020-04-07 16:38:00.555+00",NULL,NULL
1400,"Liliya","India","Gujarat","2020-04-07 16:38:00.008+00","2020-04-07 16:38:00.008+00",NULL,NULL
1401,"Jafrabad","India","Gujarat","2020-04-07 16:38:00.488+00","2020-04-07 16:38:00.488+00",NULL,NULL
1402,"Bardoli","India","Gujarat","2020-04-07 16:38:00.569+00","2020-04-07 16:38:00.569+00",NULL,NULL
1403,"Vagra","India","Gujarat","2020-04-07 16:38:00.626+00","2020-04-07 16:38:00.626+00",NULL,NULL
1404,"Ahmedabad City","India","Gujarat","2020-04-07 16:38:00.606+00","2020-04-07 16:38:00.606+00",NULL,NULL
1405,"City Ahmedabad","India","Gujarat","2020-04-07 16:38:00.686+00","2020-04-07 16:38:00.686+00",NULL,NULL
1406,"Ahmedabad","India","Gujarat","2020-04-07 16:38:00.703+00","2020-04-07 16:38:00.703+00",NULL,NULL
1407,"Savli","India","Gujarat","2020-04-07 16:38:00.721+00","2020-04-07 16:38:00.721+00",NULL,NULL
1408,"Valsad","India","Gujarat","2020-04-07 16:38:00.748+00","2020-04-07 16:38:00.748+00",NULL,NULL
1409,"Gandhi Nagar","India","Gujarat","2020-04-07 16:38:00.731+00","2020-04-07 16:38:00.731+00",NULL,NULL
1410,"Daskroi","India","Gujarat","2020-04-07 16:38:00.745+00","2020-04-07 16:38:00.745+00",NULL,NULL
1411,"Morbi","India","Gujarat","2020-04-07 16:38:00.762+00","2020-04-07 16:38:00.762+00",NULL,NULL
1412,"Mahesana","India","Gujarat","2020-04-07 16:38:00.768+00","2020-04-07 16:38:00.768+00",NULL,NULL
1413,"Tilakwada","India","Gujarat","2020-04-07 16:38:00.807+00","2020-04-07 16:38:00.807+00",NULL,NULL
1414,"Gandhinagar","India","Gujarat","2020-04-07 16:38:00.801+00","2020-04-07 16:38:00.801+00",NULL,NULL
1415,"Panchamahals","India","Gujarat","2020-04-07 16:38:00.79+00","2020-04-07 16:38:00.79+00",NULL,NULL
1416,"Halol","India","Gujarat","2020-04-07 16:38:00.828+00","2020-04-07 16:38:00.828+00",NULL,NULL
1417,"Dahod","India","Gujarat","2020-04-07 16:38:00.835+00","2020-04-07 16:38:00.835+00",NULL,NULL
1418,"Gandhidham","India","Gujarat","2020-04-07 16:38:00.861+00","2020-04-07 16:38:00.861+00",NULL,NULL
1419,"Rahpar","India","Gujarat","2020-04-07 16:38:00.839+00","2020-04-07 16:38:00.839+00",NULL,NULL
1420,"Bhachau","India","Gujarat","2020-04-07 16:38:00.847+00","2020-04-07 16:38:00.847+00",NULL,NULL
1421,"Anjar","India","Gujarat","2020-04-07 16:38:00.872+00","2020-04-07 16:38:00.872+00",NULL,NULL
1422,"Bhuj","India","Gujarat","2020-04-07 16:38:00.885+00","2020-04-07 16:38:00.885+00",NULL,NULL
1423,"Mandvi","India","Gujarat","2020-04-07 16:38:00.934+00","2020-04-07 16:38:00.934+00",NULL,NULL
1424,"Mundra","India","Gujarat","2020-04-07 16:38:00.92+00","2020-04-07 16:38:00.92+00",NULL,NULL
1425,"Abdasa","India","Gujarat","2020-04-07 16:38:00.947+00","2020-04-07 16:38:00.947+00",NULL,NULL
1426,"Mandavi","India","Gujarat","2020-04-07 16:38:00.955+00","2020-04-07 16:38:00.955+00",NULL,NULL
1427,"Lakhapat","India","Gujarat","2020-04-07 16:38:00.97+00","2020-04-07 16:38:00.97+00",NULL,NULL
1428,"Chorasi","India","Gujarat","2020-04-07 16:38:01.184+00","2020-04-07 16:38:01.184+00",NULL,NULL
1429,"Nakhatrana","India","Gujarat","2020-04-07 16:38:01.044+00","2020-04-07 16:38:01.044+00",NULL,NULL
1430,"Lakhpat","India","Gujarat","2020-04-07 16:38:01.155+00","2020-04-07 16:38:01.155+00",NULL,NULL
1431,"Surat","India","Gujarat","2020-04-07 16:38:01.195+00","2020-04-07 16:38:01.195+00",NULL,NULL
1432,"Umarpada","India","Gujarat","2020-04-07 16:38:01.215+00","2020-04-07 16:38:01.215+00",NULL,NULL
1433,"Olpad","India","Gujarat","2020-04-07 16:38:01.206+00","2020-04-07 16:38:01.206+00",NULL,NULL
1434,"Surat City","India","Gujarat","2020-04-07 16:38:01.225+00","2020-04-07 16:38:01.225+00",NULL,NULL
1435,"Variav","India","Gujarat","2020-04-07 16:38:01.281+00","2020-04-07 16:38:01.281+00",NULL,NULL
1436,"Mangrol","India","Gujarat","2020-04-07 16:38:01.314+00","2020-04-07 16:38:01.314+00",NULL,NULL
1437,"Sayan","India","Gujarat","2020-04-07 16:38:01.376+00","2020-04-07 16:38:01.376+00",NULL,NULL
1438,"Zankhvav","India","Gujarat","2020-04-07 16:38:01.428+00","2020-04-07 16:38:01.428+00",NULL,NULL
1439,"Vankal","India","Gujarat","2020-04-07 16:38:01.405+00","2020-04-07 16:38:01.405+00",NULL,NULL
1440,"Velachha","India","Gujarat","2020-04-07 16:38:01.42+00","2020-04-07 16:38:01.42+00",NULL,NULL
1441,"Halvad","India","Gujarat","2020-04-07 16:38:01.466+00","2020-04-07 16:38:01.466+00",NULL,NULL
1442,"Choryasi","India","Gujarat","2020-04-07 16:38:01.448+00","2020-04-07 16:38:01.448+00",NULL,NULL
1443,"Kotda Sangani","India","Gujarat","2020-04-07 16:38:01.497+00","2020-04-07 16:38:01.497+00",NULL,NULL
1444,"Kachch","India","Gujarat","2020-04-07 16:38:01.586+00","2020-04-07 16:38:01.586+00",NULL,NULL
1445,"Kachchh","India","Gujarat","2020-04-07 16:38:01.602+00","2020-04-07 16:38:01.602+00",NULL,NULL
1446,"Bhavnagar","India","Gujarat","2020-04-07 16:38:01.634+00","2020-04-07 16:38:01.634+00",NULL,NULL
1447,"Palanpur","India","Gujarat","2020-04-07 16:38:01.613+00","2020-04-07 16:38:01.613+00",NULL,NULL
1448,"Bardoli","India","Gujarat","2020-04-07 16:38:01.624+00","2020-04-07 16:38:01.624+00",NULL,NULL
1449,"Kalol","India","Gujarat","2020-04-07 16:38:01.655+00","2020-04-07 16:38:01.655+00",NULL,NULL
1450,"Dholka","India","Gujarat","2020-04-07 16:38:01.669+00","2020-04-07 16:38:01.669+00",NULL,NULL
1451,"Kalavad","India","Gujarat","2020-04-07 16:38:01.709+00","2020-04-07 16:38:01.709+00",NULL,NULL
1452,"Navsari","India","Gujarat","2020-04-07 16:38:01.742+00","2020-04-07 16:38:01.742+00",NULL,NULL
1453,"Gandevi","India","Gujarat","2020-04-07 16:38:01.756+00","2020-04-07 16:38:01.756+00",NULL,NULL
1454,"Patan","India","Gujarat","2020-04-07 16:38:01.782+00","2020-04-07 16:38:01.782+00",NULL,NULL
1455,"Himatnagar","India","Gujarat","2020-04-07 16:38:01.796+00","2020-04-07 16:38:01.796+00",NULL,NULL
1456,"Ahmadabad City","India","Gujarat","2020-04-07 16:38:02.11+00","2020-04-07 16:38:02.11+00",NULL,NULL
1457,"Wadhwanicity","India","Gujarat","2020-04-07 16:38:01.814+00","2020-04-07 16:38:01.814+00",NULL,NULL
1458,"Dabhoi","India","Gujarat","2020-04-07 16:38:01.835+00","2020-04-07 16:38:01.835+00",NULL,NULL
1459,"Sihor","India","Gujarat","2020-04-07 16:38:02.146+00","2020-04-07 16:38:02.146+00",NULL,NULL
1460,"Songadh","India","Gujarat","2020-04-07 16:38:02.175+00","2020-04-07 16:38:02.175+00",NULL,NULL
1461,"Satlasana","India","Gujarat","2020-04-07 16:38:02.3+00","2020-04-07 16:38:02.3+00",NULL,NULL
1462,"Valod","India","Gujarat","2020-04-07 16:38:02.393+00","2020-04-07 16:38:02.393+00",NULL,NULL
1463,"Dohad","India","Gujarat","2020-04-07 16:38:02.323+00","2020-04-07 16:38:02.323+00",NULL,NULL
1464,"Wadhwan","India","Gujarat","2020-04-07 16:38:02.378+00","2020-04-07 16:38:02.378+00",NULL,NULL
1465,"Nadod","India","Gujarat","2020-04-07 16:38:02.432+00","2020-04-07 16:38:02.432+00",NULL,NULL
1466,"Dediapada","India","Gujarat","2020-04-07 16:38:02.462+00","2020-04-07 16:38:02.462+00",NULL,NULL
1467,"Paddhari","India","Gujarat","2020-04-07 16:38:02.408+00","2020-04-07 16:38:02.408+00",NULL,NULL
1468,"Ankleshwar","India","Gujarat","2020-04-07 16:38:02.447+00","2020-04-07 16:38:02.447+00",NULL,NULL
1469,"Modasa","India","Gujarat","2020-04-07 16:38:02.51+00","2020-04-07 16:38:02.51+00",NULL,NULL
1470,"Malpur","India","Gujarat","2020-04-07 16:38:02.496+00","2020-04-07 16:38:02.496+00",NULL,NULL
1471,"Khambhalia","India","Gujarat","2020-04-07 16:38:02.529+00","2020-04-07 16:38:02.529+00",NULL,NULL
1472,"Birpur","India","Gujarat","2020-04-07 16:38:02.55+00","2020-04-07 16:38:02.55+00",NULL,NULL
1473,"Lakhtar","India","Gujarat","2020-04-07 16:38:02.628+00","2020-04-07 16:38:02.628+00",NULL,NULL
1474,"Mandvi","India","Gujarat","2020-04-07 16:38:02.569+00","2020-04-07 16:38:02.569+00",NULL,NULL
1475,"Limbdi","India","Gujarat","2020-04-07 16:38:02.647+00","2020-04-07 16:38:02.647+00",NULL,NULL
1476,"Vijapur","India","Gujarat","2020-04-07 16:38:02.726+00","2020-04-07 16:38:02.726+00",NULL,NULL
1477,"Jalalpore","India","Gujarat","2020-04-07 16:38:02.79+00","2020-04-07 16:38:02.79+00",NULL,NULL
1478,"Wadhwancity","India","Gujarat","2020-04-07 16:38:02.669+00","2020-04-07 16:38:02.669+00",NULL,NULL
1479,"Vansda","India","Gujarat","2020-04-07 16:38:02.814+00","2020-04-07 16:38:02.814+00",NULL,NULL
1480,"Chikhli","India","Gujarat","2020-04-07 16:38:02.832+00","2020-04-07 16:38:02.832+00",NULL,NULL
1481,"Fatepura","India","Gujarat","2020-04-07 16:38:02.916+00","2020-04-07 16:38:02.916+00",NULL,NULL
1482,"Dascroi","India","Gujarat","2020-04-07 16:38:02.94+00","2020-04-07 16:38:02.94+00",NULL,NULL
1483,"Kalol","India","Gujarat","2020-04-07 16:38:03.08+00","2020-04-07 16:38:03.08+00",NULL,NULL
1484,"Jhalod","India","Gujarat","2020-04-07 16:38:04.392+00","2020-04-07 16:38:04.392+00",NULL,NULL
1485,"Kadana","India","Gujarat","2020-04-07 16:38:04.448+00","2020-04-07 16:38:04.448+00",NULL,NULL
1486,"Devgadbaria","India","Gujarat","2020-04-07 16:38:04.661+00","2020-04-07 16:38:04.661+00",NULL,NULL
1487,"Santrampur","India","Gujarat","2020-04-07 16:38:04.604+00","2020-04-07 16:38:04.604+00",NULL,NULL
1488,"Limkheda","India","Gujarat","2020-04-07 16:38:04.676+00","2020-04-07 16:38:04.676+00",NULL,NULL
1489,"Mansa","India","Gujarat","2020-04-07 16:38:04.907+00","2020-04-07 16:38:04.907+00",NULL,NULL
1490,"Jetpur","India","Gujarat","2020-04-07 16:38:05.839+00","2020-04-07 16:38:05.839+00",NULL,NULL
1491,"Banaskantha","India","Gujarat","2020-04-07 16:38:06.484+00","2020-04-07 16:38:06.484+00",NULL,NULL
1492,"Jasdan","India","Gujarat","2020-04-07 16:38:06.613+00","2020-04-07 16:38:06.613+00",NULL,NULL
1493,"Narmada","India","Gujarat","2020-04-07 16:38:06.65+00","2020-04-07 16:38:06.65+00",NULL,NULL
1494,"Anklesvar","India","Gujarat","2020-04-07 16:38:07.501+00","2020-04-07 16:38:07.501+00",NULL,NULL
1495,"Nandod","India","Gujarat","2020-04-07 16:38:07.873+00","2020-04-07 16:38:07.873+00",NULL,NULL
1496,"Sagbara","India","Gujarat","2020-04-07 16:38:07.937+00","2020-04-07 16:38:07.937+00",NULL,NULL
1497,"Umbergaon","India","Gujarat","2020-04-07 16:38:08.05+00","2020-04-07 16:38:08.05+00",NULL,NULL
1498,"TALAJA","India","Gujarat","2020-04-07 16:38:08.185+00","2020-04-07 16:38:08.185+00",NULL,NULL
1499,"Palitana","India","Gujarat","2020-04-07 16:38:08.094+00","2020-04-07 16:38:08.094+00",NULL,NULL
1500,"Becharaji","India","Gujarat","2020-04-07 16:38:08.228+00","2020-04-07 16:38:08.228+00",NULL,NULL
1501,"Unjha","India","Gujarat","2020-04-07 16:38:08.25+00","2020-04-07 16:38:08.25+00",NULL,NULL
1502,"Naswadi","India","Gujarat","2020-04-07 16:38:08.311+00","2020-04-07 16:38:08.311+00",NULL,NULL
1503,"Padra","India","Gujarat","2020-04-07 16:38:08.53+00","2020-04-07 16:38:08.53+00",NULL,NULL
1504,"Pardi","India","Gujarat","2020-04-07 16:38:08.565+00","2020-04-07 16:38:08.565+00",NULL,NULL
1505,"Morvi","India","Gujarat","2020-04-07 16:38:08.7+00","2020-04-07 16:38:08.7+00",NULL,NULL
1506,"Karjan","India","Gujarat","2020-04-07 16:38:08.726+00","2020-04-07 16:38:08.726+00",NULL,NULL
1507,"Malia(m)","India","Gujarat","2020-04-07 16:38:08.812+00","2020-04-07 16:38:08.812+00",NULL,NULL
1508,"Sinor","India","Gujarat","2020-04-07 16:38:09.372+00","2020-04-07 16:38:09.372+00",NULL,NULL
1509,"Sankheda","India","Gujarat","2020-04-07 16:38:09.427+00","2020-04-07 16:38:09.427+00",NULL,NULL
1510,"Pavijetpur","India","Gujarat","2020-04-07 16:38:09.443+00","2020-04-07 16:38:09.443+00",NULL,NULL
1511,"Gariyadhar","India","Gujarat","2020-04-07 16:38:09.457+00","2020-04-07 16:38:09.457+00",NULL,NULL
1512,"Chotila","India","Gujarat","2020-04-07 16:38:09.523+00","2020-04-07 16:38:09.523+00",NULL,NULL
1513,"Vallabhipur","India","Gujarat","2020-04-07 16:38:09.497+00","2020-04-07 16:38:09.497+00",NULL,NULL
1514,"Bharuch","India","Gujarat","2020-04-07 16:38:09.563+00","2020-04-07 16:38:09.563+00",NULL,NULL
1515,"Malia","India","Gujarat","2020-04-07 16:38:09.655+00","2020-04-07 16:38:09.655+00",NULL,NULL
1516,"Bayad","India","Gujarat","2020-04-07 16:38:09.641+00","2020-04-07 16:38:09.641+00",NULL,NULL
1517,"Vadgam","India","Gujarat","2020-04-07 16:38:09.674+00","2020-04-07 16:38:09.674+00",NULL,NULL
1518,"Dhandhuka","India","Gujarat","2020-04-07 16:38:09.697+00","2020-04-07 16:38:09.697+00",NULL,NULL
1519,"Barwala","India","Gujarat","2020-04-07 16:38:09.729+00","2020-04-07 16:38:09.729+00",NULL,NULL
1520,"Patan-Veraval","India","Gujarat","2020-04-07 16:38:09.748+00","2020-04-07 16:38:09.748+00",NULL,NULL
1521,"Keshod","India","Gujarat","2020-04-07 16:38:09.766+00","2020-04-07 16:38:09.766+00",NULL,NULL
1522,"Bhesan","India","Gujarat","2020-04-07 16:38:09.786+00","2020-04-07 16:38:09.786+00",NULL,NULL
1523,"Visnagar","India","Gujarat","2020-04-07 16:38:10.001+00","2020-04-07 16:38:10.001+00",NULL,NULL
1524,"Mendarda","India","Gujarat","2020-04-07 16:38:09.915+00","2020-04-07 16:38:09.915+00",NULL,NULL
1525,"Kadi","India","Gujarat","2020-04-07 16:38:10.031+00","2020-04-07 16:38:10.031+00",NULL,NULL
1526,"Kheralu","India","Gujarat","2020-04-07 16:38:10.073+00","2020-04-07 16:38:10.073+00",NULL,NULL
1527,"Vadnagar","India","Gujarat","2020-04-07 16:38:10.18+00","2020-04-07 16:38:10.18+00",NULL,NULL
1528,"Khanpur","India","Gujarat","2020-04-07 16:38:10.446+00","2020-04-07 16:38:10.446+00",NULL,NULL
1529,"Ghoghmba","India","Gujarat","2020-04-07 16:38:10.469+00","2020-04-07 16:38:10.469+00",NULL,NULL
1530,"Lunawada","India","Gujarat","2020-04-07 16:38:10.516+00","2020-04-07 16:38:10.516+00",NULL,NULL
1531,"Jambughoda","India","Gujarat","2020-04-07 16:38:10.489+00","2020-04-07 16:38:10.489+00",NULL,NULL
1532,"Morva Hadaf","India","Gujarat","2020-04-07 16:38:10.541+00","2020-04-07 16:38:10.541+00",NULL,NULL
1533,"Shehera","India","Gujarat","2020-04-07 16:38:10.566+00","2020-04-07 16:38:10.566+00",NULL,NULL
1534,"Devgadh Baria","India","Gujarat","2020-04-07 16:38:10.613+00","2020-04-07 16:38:10.613+00",NULL,NULL
1535,"Dhanpur","India","Gujarat","2020-04-07 16:38:10.628+00","2020-04-07 16:38:10.628+00",NULL,NULL
1536,"Chanasma","India","Gujarat","2020-04-07 16:38:10.745+00","2020-04-07 16:38:10.745+00",NULL,NULL
1537,"Garbada","India","Gujarat","2020-04-07 16:38:10.66+00","2020-04-07 16:38:10.66+00",NULL,NULL
1538,"Harij","India","Gujarat","2020-04-07 16:38:10.819+00","2020-04-07 16:38:10.819+00",NULL,NULL
1539,"Sami","India","Gujarat","2020-04-07 16:38:10.875+00","2020-04-07 16:38:10.875+00",NULL,NULL
1540,"Sidhpur","India","Gujarat","2020-04-07 16:38:10.84+00","2020-04-07 16:38:10.84+00",NULL,NULL
1541,"Santalpur","India","Gujarat","2020-04-07 16:38:10.894+00","2020-04-07 16:38:10.894+00",NULL,NULL
1542,"Radhanpur","India","Gujarat","2020-04-07 16:38:10.988+00","2020-04-07 16:38:10.988+00",NULL,NULL
1543,"Manavadar","India","Gujarat","2020-04-07 16:38:11.098+00","2020-04-07 16:38:11.098+00",NULL,NULL
1544,"Mangrol","India","Gujarat","2020-04-07 16:38:11.115+00","2020-04-07 16:38:11.115+00",NULL,NULL
1545,"Wankaner","India","Gujarat","2020-04-07 16:38:11.241+00","2020-04-07 16:38:11.241+00",NULL,NULL
1546,"Maliya","India","Gujarat","2020-04-07 16:38:11.282+00","2020-04-07 16:38:11.282+00",NULL,NULL
1547,"Kotda Sanghani","India","Gujarat","2020-04-07 16:38:11.347+00","2020-04-07 16:38:11.347+00",NULL,NULL
1548,"Tankara","India","Gujarat","2020-04-07 16:38:11.456+00","2020-04-07 16:38:11.456+00",NULL,NULL
1549,"Sardhar","India","Gujarat","2020-04-07 16:38:11.44+00","2020-04-07 16:38:11.44+00",NULL,NULL
1550,"Dhansura","India","Gujarat","2020-04-07 16:38:11.472+00","2020-04-07 16:38:11.472+00",NULL,NULL
1551,"Idar","India","Gujarat","2020-04-07 16:38:11.488+00","2020-04-07 16:38:11.488+00",NULL,NULL
1552,"Bhiloda","India","Gujarat","2020-04-07 16:38:11.512+00","2020-04-07 16:38:11.512+00",NULL,NULL
1553,"Talod","India","Gujarat","2020-04-07 16:38:11.592+00","2020-04-07 16:38:11.592+00",NULL,NULL
1554,"Khedbrahma","India","Gujarat","2020-04-07 16:38:11.642+00","2020-04-07 16:38:11.642+00",NULL,NULL
1555,"Vijaynagar","India","Gujarat","2020-04-07 16:38:11.657+00","2020-04-07 16:38:11.657+00",NULL,NULL
1556,"Prantij","India","Gujarat","2020-04-07 16:38:11.725+00","2020-04-07 16:38:11.725+00",NULL,NULL
1557,"Meghraj","India","Gujarat","2020-04-07 16:38:11.691+00","2020-04-07 16:38:11.691+00",NULL,NULL
1558,"Vadali","India","Gujarat","2020-04-07 16:38:11.798+00","2020-04-07 16:38:11.798+00",NULL,NULL
1559,"Halvad","India","Gujarat","2020-04-07 16:38:11.92+00","2020-04-07 16:38:11.92+00",NULL,NULL
1560,"Dhrangsadhra","India","Gujarat","2020-04-07 16:38:11.879+00","2020-04-07 16:38:11.879+00",NULL,NULL
1561,"Dasada","India","Gujarat","2020-04-07 16:38:11.838+00","2020-04-07 16:38:11.838+00",NULL,NULL
1562,"Muli","India","Gujarat","2020-04-07 16:38:11.98+00","2020-04-07 16:38:11.98+00",NULL,NULL
1563,"Dhrangadhra","India","Gujarat","2020-04-07 16:38:12.012+00","2020-04-07 16:38:12.012+00",NULL,NULL
1564,"Sayla","India","Gujarat","2020-04-07 16:38:12.037+00","2020-04-07 16:38:12.037+00",NULL,NULL
1565,"Bodeli","India","Gujarat","2020-04-07 16:38:12.195+00","2020-04-07 16:38:12.195+00",NULL,NULL
1566,"Vaghodia","India","Gujarat","2020-04-07 16:38:12.366+00","2020-04-07 16:38:12.366+00",NULL,NULL
1567,"Nasvadi","India","Gujarat","2020-04-07 16:38:12.248+00","2020-04-07 16:38:12.248+00",NULL,NULL
1568,"Umargam","India","Gujarat","2020-04-07 16:38:12.793+00","2020-04-07 16:38:12.793+00",NULL,NULL
1569,"Dharampur","India","Gujarat","2020-04-07 16:38:12.761+00","2020-04-07 16:38:12.761+00",NULL,NULL
1570,"Una","India","Gujarat","2020-04-07 16:38:12.809+00","2020-04-07 16:38:12.809+00",NULL,NULL
1571,"Talala","India","Gujarat","2020-04-07 16:38:12.861+00","2020-04-07 16:38:12.861+00",NULL,NULL
1572,"Kodinar","India","Gujarat","2020-04-07 16:38:12.833+00","2020-04-07 16:38:12.833+00",NULL,NULL
1573,"Sutrapada","India","Gujarat","2020-04-07 16:38:12.882+00","2020-04-07 16:38:12.882+00",NULL,NULL
1574,"Dungri","India","Gujarat","2020-04-07 16:38:12.93+00","2020-04-07 16:38:12.93+00",NULL,NULL
1575,"Hanuman Bhagda","India","Gujarat","2020-04-07 16:38:12.949+00","2020-04-07 16:38:12.949+00",NULL,NULL
1576,"Anklav","India","Gujarat","2020-04-07 16:38:13.655+00","2020-04-07 16:38:13.655+00",NULL,NULL
1577,"Umargarm","India","Gujarat","2020-04-07 16:38:13+00","2020-04-07 16:38:13+00",NULL,NULL
1578,"Umreth","India","Gujarat","2020-04-07 16:38:13.825+00","2020-04-07 16:38:13.825+00",NULL,NULL
1579,"Balasinor","India","Gujarat","2020-04-07 16:38:13.79+00","2020-04-07 16:38:13.79+00",NULL,NULL
1580,"Dantiwada","India","Gujarat","2020-04-07 16:38:13.955+00","2020-04-07 16:38:13.955+00",NULL,NULL
1581,"Shri Amirgadh","India","Gujarat","2020-04-07 16:38:14+00","2020-04-07 16:38:14+00",NULL,NULL
1582,"Vav","India","Gujarat","2020-04-07 16:38:14.49+00","2020-04-07 16:38:14.49+00",NULL,NULL
1583,"Tharad","India","Gujarat","2020-04-07 16:38:14.513+00","2020-04-07 16:38:14.513+00",NULL,NULL
1584,"Kankrej","India","Gujarat","2020-04-07 16:38:14.026+00","2020-04-07 16:38:14.026+00",NULL,NULL
1585,"Danta","India","Gujarat","2020-04-07 16:38:14.561+00","2020-04-07 16:38:14.561+00",NULL,NULL
1586,"Bhabhar","India","Gujarat","2020-04-07 16:38:14.59+00","2020-04-07 16:38:14.59+00",NULL,NULL
1587,"Disa","India","Gujarat","2020-04-07 16:38:14.61+00","2020-04-07 16:38:14.61+00",NULL,NULL
1588,"Dhanera","India","Gujarat","2020-04-07 16:38:14.688+00","2020-04-07 16:38:14.688+00",NULL,NULL
1589,"Deodar","India","Gujarat","2020-04-07 16:38:14.729+00","2020-04-07 16:38:14.729+00",NULL,NULL
1590,"Vyara","India","Gujarat","2020-04-07 16:38:14.773+00","2020-04-07 16:38:14.773+00",NULL,NULL
1591,"Mahuva","India","Gujarat","2020-04-07 16:38:14.789+00","2020-04-07 16:38:14.789+00",NULL,NULL
1592,"Kamrej","India","Gujarat","2020-04-07 16:38:14.804+00","2020-04-07 16:38:14.804+00",NULL,NULL
1593,"Nijhar","India","Gujarat","2020-04-07 16:38:14.829+00","2020-04-07 16:38:14.829+00",NULL,NULL
1594,"Nizar","India","Gujarat","2020-04-07 16:38:14.862+00","2020-04-07 16:38:14.862+00",NULL,NULL
1595,"Palsana","India","Gujarat","2020-04-07 16:38:14.886+00","2020-04-07 16:38:14.886+00",NULL,NULL
1596,"Fort Songadh","India","Gujarat","2020-04-07 16:38:14.925+00","2020-04-07 16:38:14.925+00",NULL,NULL
1597,"Ahwa","India","Gujarat","2020-04-07 16:38:14.932+00","2020-04-07 16:38:14.932+00",NULL,NULL
1598,"Uchchhal","India","Gujarat","2020-04-07 16:38:15.024+00","2020-04-07 16:38:15.024+00",NULL,NULL
1599,"Valod","India","Gujarat","2020-04-07 16:38:15.052+00","2020-04-07 16:38:15.052+00",NULL,NULL
1600,"Vyara","India","Gujarat","2020-04-07 16:38:15.096+00","2020-04-07 16:38:15.096+00",NULL,NULL
1601,"Ahwa","India","Gujarat","2020-04-07 16:38:15.115+00","2020-04-07 16:38:15.115+00",NULL,NULL
1602,"Songadh","India","Gujarat","2020-04-07 16:38:15.166+00","2020-04-07 16:38:15.166+00",NULL,NULL
1603,"Jhagadia","India","Gujarat","2020-04-07 16:38:15.231+00","2020-04-07 16:38:15.231+00",NULL,NULL
1604,"Valia","India","Gujarat","2020-04-07 16:38:15.284+00","2020-04-07 16:38:15.284+00",NULL,NULL
1605,"Hansot","India","Gujarat","2020-04-07 16:38:15.339+00","2020-04-07 16:38:15.339+00",NULL,NULL
1606,"Jambusar","India","Gujarat","2020-04-07 16:38:15.299+00","2020-04-07 16:38:15.299+00",NULL,NULL
1607,"Amod","India","Gujarat","2020-04-07 16:38:15.355+00","2020-04-07 16:38:15.355+00",NULL,NULL
1608,"Ankleshwar","India","Gujarat","2020-04-07 16:38:15.445+00","2020-04-07 16:38:15.445+00",NULL,NULL
1609,"Sagbara","India","Gujarat","2020-04-07 16:38:15.539+00","2020-04-07 16:38:15.539+00",NULL,NULL
1610,"Mahuva","India","Gujarat","2020-04-07 16:38:15.655+00","2020-04-07 16:38:15.655+00",NULL,NULL
1611,"Gadhada","India","Gujarat","2020-04-07 16:38:15.786+00","2020-04-07 16:38:15.786+00",NULL,NULL
1612,"Botad","India","Gujarat","2020-04-07 16:38:15.757+00","2020-04-07 16:38:15.757+00",NULL,NULL
1613,"Umrala","India","Gujarat","2020-04-07 16:38:15.838+00","2020-04-07 16:38:15.838+00",NULL,NULL
1614,"Gadhada Sn","India","Gujarat","2020-04-07 16:38:15.801+00","2020-04-07 16:38:15.801+00",NULL,NULL
1615,"Gogha","India","Gujarat","2020-04-07 16:38:16.069+00","2020-04-07 16:38:16.069+00",NULL,NULL
1616,"Vallabhiopur","India","Gujarat","2020-04-07 16:38:16.203+00","2020-04-07 16:38:16.203+00",NULL,NULL
1617,"Viramgam","India","Gujarat","2020-04-07 16:38:16.243+00","2020-04-07 16:38:16.243+00",NULL,NULL
1618,"Sanand","India","Gujarat","2020-04-07 16:38:16.258+00","2020-04-07 16:38:16.258+00",NULL,NULL
1619,"Dehgam","India","Gujarat","2020-04-07 16:38:16.325+00","2020-04-07 16:38:16.325+00",NULL,NULL
1620,"Bavla","India","Gujarat","2020-04-07 16:38:16.345+00","2020-04-07 16:38:16.345+00",NULL,NULL
1621,"Gandhinagar","India","Gujarat","2020-04-07 16:38:16.545+00","2020-04-07 16:38:16.545+00",NULL,NULL
1622,"Detroj-rampura","India","Gujarat","2020-04-07 16:38:16.574+00","2020-04-07 16:38:16.574+00",NULL,NULL
1623,"Ranpur","India","Gujarat","2020-04-07 16:38:16.628+00","2020-04-07 16:38:16.628+00",NULL,NULL
1624,"Mandal","India","Gujarat","2020-04-07 16:38:16.705+00","2020-04-07 16:38:16.705+00",NULL,NULL
1625,"Upleta","India","Gujarat","2020-04-07 16:38:16.893+00","2020-04-07 16:38:16.893+00",NULL,NULL
1626,"Lodhika","India","Gujarat","2020-04-07 16:38:16.942+00","2020-04-07 16:38:16.942+00",NULL,NULL
1627,"Kotda","India","Gujarat","2020-04-07 16:38:16.908+00","2020-04-07 16:38:16.908+00",NULL,NULL
1628,"Dhoraji","India","Gujarat","2020-04-07 16:38:16.971+00","2020-04-07 16:38:16.971+00",NULL,NULL
1629,"Gondal","India","Gujarat","2020-04-07 16:38:16.996+00","2020-04-07 16:38:16.996+00",NULL,NULL
1630,"Kalyanpur","India","Gujarat","2020-04-07 16:38:17.172+00","2020-04-07 16:38:17.172+00",NULL,NULL
1631,"Jamkandorna","India","Gujarat","2020-04-07 16:38:17.078+00","2020-04-07 16:38:17.079+00",NULL,NULL
1632,"Jamjodhpur","India","Gujarat","2020-04-07 16:38:17.195+00","2020-04-07 16:38:17.195+00",NULL,NULL
1633,"Lalpur","India","Gujarat","2020-04-07 16:38:17.259+00","2020-04-07 16:38:17.259+00",NULL,NULL
1634,"Okhamandal","India","Gujarat","2020-04-07 16:38:17.285+00","2020-04-07 16:38:17.285+00",NULL,NULL
1635,"Bhanvad","India","Gujarat","2020-04-07 16:38:17.333+00","2020-04-07 16:38:17.333+00",NULL,NULL
1636,"Jodia","India","Gujarat","2020-04-07 16:38:17.353+00","2020-04-07 16:38:17.353+00",NULL,NULL
1637,"Jodiya","India","Gujarat","2020-04-07 16:38:17.384+00","2020-04-07 16:38:17.384+00",NULL,NULL
1638,"Dhrol","India","Gujarat","2020-04-07 16:38:17.4+00","2020-04-07 16:38:17.4+00",NULL,NULL
1639,"Faridabad","India","Haryana","2020-04-07 16:39:07.309+00","2020-04-07 16:39:07.309+00",NULL,NULL
1640,"Sonipat","India","Haryana","2020-04-07 16:39:07.219+00","2020-04-07 16:39:07.219+00",NULL,NULL
1641,"Gurgaon","India","Haryana","2020-04-07 16:39:07.314+00","2020-04-07 16:39:07.314+00",NULL,NULL
1642,"Gohana","India","Haryana","2020-04-07 16:39:07.356+00","2020-04-07 16:39:07.356+00",NULL,NULL
1643,"Kharkhoda","India","Haryana","2020-04-07 16:39:07.445+00","2020-04-07 16:39:07.445+00",NULL,NULL
1644,"Ambala","India","Haryana","2020-04-07 16:39:07.537+00","2020-04-07 16:39:07.537+00",NULL,NULL
1645,"Rohtak","India","Haryana","2020-04-07 16:39:07.498+00","2020-04-07 16:39:07.498+00",NULL,NULL
1646,"Kundli","India","Haryana","2020-04-07 16:39:07.554+00","2020-04-07 16:39:07.554+00",NULL,NULL
1647,"Kaithal","India","Haryana","2020-04-07 16:39:07.584+00","2020-04-07 16:39:07.584+00",NULL,NULL
1648,"Jhajjar","India","Haryana","2020-04-07 16:39:07.611+00","2020-04-07 16:39:07.611+00",NULL,NULL
1649,"Bahadurgarh","India","Haryana","2020-04-07 16:39:07.636+00","2020-04-07 16:39:07.636+00",NULL,NULL
1650,"Mehem","India","Haryana","2020-04-07 16:39:07.806+00","2020-04-07 16:39:07.806+00",NULL,NULL
1651,"Hisar","India","Haryana","2020-04-07 16:39:07.862+00","2020-04-07 16:39:07.862+00",NULL,NULL
1652,"Manesar","India","Haryana","2020-04-07 16:39:07.892+00","2020-04-07 16:39:07.892+00",NULL,NULL
1653,"Barara","India","Haryana","2020-04-07 16:39:07.91+00","2020-04-07 16:39:07.91+00",NULL,NULL
1654,"Jagadhri","India","Haryana","2020-04-07 16:39:07.917+00","2020-04-07 16:39:07.917+00",NULL,NULL
1655,"Panchkula","India","Haryana","2020-04-07 16:39:07.923+00","2020-04-07 16:39:07.923+00",NULL,NULL
1656,"Yamuna Nagar","India","Haryana","2020-04-07 16:39:07.945+00","2020-04-07 16:39:07.945+00",NULL,NULL
1657,"Karnal","India","Haryana","2020-04-07 16:39:07.982+00","2020-04-07 16:39:07.982+00",NULL,NULL
1658,"shahabad","India","Haryana","2020-04-07 16:39:07.992+00","2020-04-07 16:39:07.992+00",NULL,NULL
1659,"Thanesar","India","Haryana","2020-04-07 16:39:08.033+00","2020-04-07 16:39:08.033+00",NULL,NULL
1660,"Ambala city","India","Haryana","2020-04-07 16:39:08.052+00","2020-04-07 16:39:08.052+00",NULL,NULL
1661,"Bhiwani","India","Haryana","2020-04-07 16:39:08.067+00","2020-04-07 16:39:08.067+00",NULL,NULL
1662,"Mahendragarh","India","Haryana","2020-04-07 16:39:08.099+00","2020-04-07 16:39:08.099+00",NULL,NULL
1663,"Panipat","India","Haryana","2020-04-07 16:39:08.105+00","2020-04-07 16:39:08.105+00",NULL,NULL
1664,"Nuh","India","Haryana","2020-04-07 16:39:08.094+00","2020-04-07 16:39:08.094+00",NULL,NULL
1665,"Fatehabad","India","Haryana","2020-04-07 16:39:08.115+00","2020-04-07 16:39:08.115+00",NULL,NULL
1666,"Jind","India","Haryana","2020-04-07 16:39:08.223+00","2020-04-07 16:39:08.223+00",NULL,NULL
1667,"Civil Line","India","Haryana","2020-04-07 16:39:08.197+00","2020-04-07 16:39:08.197+00",NULL,NULL
1668,"Sirsa","India","Haryana","2020-04-07 16:39:08.12+00","2020-04-07 16:39:08.12+00",NULL,NULL
1669,"Jakhal Mandi","India","Haryana","2020-04-07 16:39:08.298+00","2020-04-07 16:39:08.298+00",NULL,NULL
1670,"Dahina","India","Haryana","2020-04-07 16:39:08.317+00","2020-04-07 16:39:08.317+00",NULL,NULL
2390,"Ranni","India","Kerala","2020-04-07 16:43:06.189+00","2020-04-07 16:43:06.189+00",NULL,NULL
1671,"Palwal","India","Haryana","2020-04-07 16:39:08.337+00","2020-04-07 16:39:08.337+00",NULL,NULL
1672,"Ladwa","India","Haryana","2020-04-07 16:39:08.364+00","2020-04-07 16:39:08.364+00",NULL,NULL
1673,"Charkhi Dadri","India","Haryana","2020-04-07 16:39:08.834+00","2020-04-07 16:39:08.834+00",NULL,NULL
1674,"Bawal","India","Haryana","2020-04-07 16:39:08.395+00","2020-04-07 16:39:08.395+00",NULL,NULL
1675,"Gharunda","India","Haryana","2020-04-07 16:39:09.126+00","2020-04-07 16:39:09.126+00",NULL,NULL
1676,"Tohana","India","Haryana","2020-04-07 16:39:09.168+00","2020-04-07 16:39:09.168+00",NULL,NULL
1677,"Loharu","India","Haryana","2020-04-07 16:39:09.183+00","2020-04-07 16:39:09.183+00",NULL,NULL
1678,"Rewari","India","Haryana","2020-04-07 16:39:09.189+00","2020-04-07 16:39:09.189+00",NULL,NULL
1679,"Punhana","India","Haryana","2020-04-07 16:39:09.214+00","2020-04-07 16:39:09.214+00",NULL,NULL
1680,"Haillymandi","India","Haryana","2020-04-07 16:39:09.23+00","2020-04-07 16:39:09.23+00",NULL,NULL
1681,"Satnali","India","Haryana","2020-04-07 16:39:09.252+00","2020-04-07 16:39:09.252+00",NULL,NULL
1682,"Sohna","India","Haryana","2020-04-07 16:39:09.269+00","2020-04-07 16:39:09.269+00",NULL,NULL
1683,"Tauru","India","Haryana","2020-04-07 16:39:09.296+00","2020-04-07 16:39:09.296+00",NULL,NULL
1684,"Ballabgarh","India","Haryana","2020-04-07 16:39:09.319+00","2020-04-07 16:39:09.319+00",NULL,NULL
1685,"Ambala City","India","Haryana","2020-04-07 16:39:11.567+00","2020-04-07 16:39:11.567+00",NULL,NULL
1686,"Mandi Ateli","India","Haryana","2020-04-07 16:39:11.48+00","2020-04-07 16:39:11.48+00",NULL,NULL
1687,"Narnaul","India","Haryana","2020-04-07 16:39:11.501+00","2020-04-07 16:39:11.501+00",NULL,NULL
1688,"Kalka","India","Haryana","2020-04-07 16:39:11.845+00","2020-04-07 16:39:11.845+00",NULL,NULL
1689,"Chhachhrauli","India","Haryana","2020-04-07 16:39:11.728+00","2020-04-07 16:39:11.728+00",NULL,NULL
1690,"Mundhal","India","Haryana","2020-04-07 16:39:12.088+00","2020-04-07 16:39:12.088+00",NULL,NULL
1691,"Siwani","India","Haryana","2020-04-07 16:39:12.121+00","2020-04-07 16:39:12.121+00",NULL,NULL
1692,"Achina","India","Haryana","2020-04-07 16:39:12.146+00","2020-04-07 16:39:12.146+00",NULL,NULL
1693,"Baund","India","Haryana","2020-04-07 16:39:12.162+00","2020-04-07 16:39:12.162+00",NULL,NULL
1694,"Ch-dadri","India","Haryana","2020-04-07 16:39:12.26+00","2020-04-07 16:39:12.26+00",NULL,NULL
1695,"Bawani Khera","India","Haryana","2020-04-07 16:39:12.207+00","2020-04-07 16:39:12.207+00",NULL,NULL
1696,"Dadri","India","Haryana","2020-04-07 16:39:12.282+00","2020-04-07 16:39:12.282+00",NULL,NULL
1697,"Hathin","India","Haryana","2020-04-07 16:39:12.374+00","2020-04-07 16:39:12.374+00",NULL,NULL
1698,"Hodal","India","Haryana","2020-04-07 16:39:12.396+00","2020-04-07 16:39:12.396+00",NULL,NULL
1699,"Palam Road","India","Haryana","2020-04-07 16:39:12.711+00","2020-04-07 16:39:12.711+00",NULL,NULL
1700,"Bawania","India","Haryana","2020-04-07 16:39:12.903+00","2020-04-07 16:39:12.903+00",NULL,NULL
1701,"Galleria Dlf-iv","India","Haryana","2020-04-07 16:39:12.88+00","2020-04-07 16:39:12.88+00",NULL,NULL
1702,"Dharan","India","Haryana","2020-04-07 16:39:12.927+00","2020-04-07 16:39:12.927+00",NULL,NULL
1703,"Guriani","India","Haryana","2020-04-07 16:39:12.979+00","2020-04-07 16:39:12.979+00",NULL,NULL
1704,"Dharuhera","India","Haryana","2020-04-07 16:39:12.996+00","2020-04-07 16:39:12.996+00",NULL,NULL
1705,"Kanina","India","Haryana","2020-04-07 16:39:13.033+00","2020-04-07 16:39:13.033+00",NULL,NULL
1706,"Khol","India","Haryana","2020-04-07 16:39:13.051+00","2020-04-07 16:39:13.051+00",NULL,NULL
1707,"Kund","India","Haryana","2020-04-07 16:39:13.106+00","2020-04-07 16:39:13.106+00",NULL,NULL
1708,"Khori","India","Haryana","2020-04-07 16:39:13.07+00","2020-04-07 16:39:13.07+00",NULL,NULL
1709,"Mohindergarh","India","Haryana","2020-04-07 16:39:13.131+00","2020-04-07 16:39:13.131+00",NULL,NULL
1710,"Nahar","India","Haryana","2020-04-07 16:39:13.151+00","2020-04-07 16:39:13.151+00",NULL,NULL
1711,"Nangal Sirohi","India","Haryana","2020-04-07 16:39:13.422+00","2020-04-07 16:39:13.422+00",NULL,NULL
1712,"Air Force","India","Haryana","2020-04-07 16:39:13.172+00","2020-04-07 16:39:13.172+00",NULL,NULL
1713,"Palhawas","India","Haryana","2020-04-07 16:39:13.457+00","2020-04-07 16:39:13.457+00",NULL,NULL
1714,"Dlf Qe","India","Haryana","2020-04-07 16:39:13.562+00","2020-04-07 16:39:13.562+00",NULL,NULL
1715,"Industrial Complex Dundahera","India","Haryana","2020-04-07 16:39:13.665+00","2020-04-07 16:39:13.665+00",NULL,NULL
1716,"Industrial Estate","India","Haryana","2020-04-07 16:39:13.68+00","2020-04-07 16:39:13.68+00",NULL,NULL
1717,"Dlf Ph-ii","India","Haryana","2020-04-07 16:39:13.696+00","2020-04-07 16:39:13.696+00",NULL,NULL
1718,"Dlf Ph-iii","India","Haryana","2020-04-07 16:39:13.712+00","2020-04-07 16:39:13.712+00",NULL,NULL
1719,"M.dabwali","India","Haryana","2020-04-07 16:39:13.805+00","2020-04-07 16:39:13.805+00",NULL,NULL
1720,"Hansi","India","Haryana","2020-04-07 16:39:13.767+00","2020-04-07 16:39:13.767+00",NULL,NULL
1721,"Kunjpura","India","Haryana","2020-04-07 16:39:14.217+00","2020-04-07 16:39:14.217+00",NULL,NULL
1722,"Hisar","India","Haryana","2020-04-07 16:39:14.092+00","2020-04-07 16:39:14.092+00",NULL,NULL
1723,"Narwana","India","Haryana","2020-04-07 16:39:14.358+00","2020-04-07 16:39:14.358+00",NULL,NULL
1724,"Nilokheri","India","Haryana","2020-04-07 16:39:14.268+00","2020-04-07 16:39:14.268+00",NULL,NULL
1725,"Safidon","India","Haryana","2020-04-07 16:39:14.39+00","2020-04-07 16:39:14.39+00",NULL,NULL
1726,"Assandh","India","Haryana","2020-04-07 16:39:14.418+00","2020-04-07 16:39:14.418+00",NULL,NULL
1727,"Indri","India","Haryana","2020-04-07 16:39:14.564+00","2020-04-07 16:39:14.564+00",NULL,NULL
1728,"Guhla","India","Haryana","2020-04-07 16:39:14.675+00","2020-04-07 16:39:14.675+00",NULL,NULL
1729,"Pundri","India","Haryana","2020-04-07 16:39:14.692+00","2020-04-07 16:39:14.692+00",NULL,NULL
1730,"Solan","India","Himachal Pradesh","2020-04-07 16:39:36.909+00","2020-04-07 16:39:36.909+00",NULL,NULL
1731,"Pehowa","India","Haryana","2020-04-07 16:39:14.737+00","2020-04-07 16:39:14.737+00",NULL,NULL
1732,"Kangra","India","Himachal Pradesh","2020-04-07 16:39:36.966+00","2020-04-07 16:39:36.966+00",NULL,NULL
1733,"Dehra","India","Himachal Pradesh","2020-04-07 16:39:36.982+00","2020-04-07 16:39:36.982+00",NULL,NULL
1734,"Bilaspur (HP)","India","Himachal Pradesh","2020-04-07 16:39:37.265+00","2020-04-07 16:39:37.265+00",NULL,NULL
1735,"Qasba Kotla","India","Himachal Pradesh","2020-04-07 16:39:37.001+00","2020-04-07 16:39:37.001+00",NULL,NULL
1736,"Baroh","India","Himachal Pradesh","2020-04-07 16:39:37.226+00","2020-04-07 16:39:37.226+00",NULL,NULL
1737,"Nahan(T)","India","Himachal Pradesh","2020-04-07 16:39:37.272+00","2020-04-07 16:39:37.272+00",NULL,NULL
1738,"Solan(T)","India","Himachal Pradesh","2020-04-07 16:39:37.309+00","2020-04-07 16:39:37.309+00",NULL,NULL
1739,"Haroli","India","Himachal Pradesh","2020-04-07 16:39:37.327+00","2020-04-07 16:39:37.327+00",NULL,NULL
1740,"Chamba","India","Himachal Pradesh","2020-04-07 16:39:37.316+00","2020-04-07 16:39:37.316+00",NULL,NULL
1741,"Shimla","India","Himachal Pradesh","2020-04-07 16:39:37.332+00","2020-04-07 16:39:37.332+00",NULL,NULL
1742,"Chachiot","India","Himachal Pradesh","2020-04-07 16:39:37.339+00","2020-04-07 16:39:37.339+00",NULL,NULL
1743,"Poanta Sahib","India","Himachal Pradesh","2020-04-07 16:39:37.356+00","2020-04-07 16:39:37.356+00",NULL,NULL
1744,"Sangrah","India","Himachal Pradesh","2020-04-07 16:39:37.377+00","2020-04-07 16:39:37.377+00",NULL,NULL
1745,"Kandaghat","India","Himachal Pradesh","2020-04-07 16:39:37.413+00","2020-04-07 16:39:37.413+00",NULL,NULL
1746,"Arki","India","Himachal Pradesh","2020-04-07 16:39:37.395+00","2020-04-07 16:39:37.395+00",NULL,NULL
1747,"Palampur","India","Himachal Pradesh","2020-04-07 16:39:37.43+00","2020-04-07 16:39:37.43+00",NULL,NULL
1748,"Jaiinghpur","India","Himachal Pradesh","2020-04-07 16:39:37.447+00","2020-04-07 16:39:37.447+00",NULL,NULL
1749,"Baijnath","India","Himachal Pradesh","2020-04-07 16:39:37.683+00","2020-04-07 16:39:37.683+00",NULL,NULL
1750,"Jaisinghpur","India","Himachal Pradesh","2020-04-07 16:39:37.751+00","2020-04-07 16:39:37.751+00",NULL,NULL
1751,"Nurpur","India","Himachal Pradesh","2020-04-07 16:39:37.783+00","2020-04-07 16:39:37.783+00",NULL,NULL
1752,"Shahpur","India","Himachal Pradesh","2020-04-07 16:39:37.857+00","2020-04-07 16:39:37.857+00",NULL,NULL
1753,"Indora So","India","Himachal Pradesh","2020-04-07 16:39:37.875+00","2020-04-07 16:39:37.875+00",NULL,NULL
1754,"Dharamsala","India","Himachal Pradesh","2020-04-07 16:39:38.098+00","2020-04-07 16:39:38.098+00",NULL,NULL
1755,"Indora","India","Himachal Pradesh","2020-04-07 16:39:38.127+00","2020-04-07 16:39:38.127+00",NULL,NULL
1756,"Harcahkian","India","Himachal Pradesh","2020-04-07 16:39:38.154+00","2020-04-07 16:39:38.154+00",NULL,NULL
1757,"Jasinghpur","India","Himachal Pradesh","2020-04-07 16:39:38.291+00","2020-04-07 16:39:38.291+00",NULL,NULL
1758,"Chamba(T)","India","Himachal Pradesh","2020-04-07 16:39:38.379+00","2020-04-07 16:39:38.379+00",NULL,NULL
1759,"Shapur/jawali","India","Himachal Pradesh","2020-04-07 16:39:38.189+00","2020-04-07 16:39:38.189+00",NULL,NULL
1760,"Kangra(T)","India","Himachal Pradesh","2020-04-07 16:39:38.414+00","2020-04-07 16:39:38.414+00",NULL,NULL
1761,"Hamirpur","India","Himachal Pradesh","2020-04-07 16:39:38.429+00","2020-04-07 16:39:38.429+00",NULL,NULL
1762,"Dehra Gopipur","India","Himachal Pradesh","2020-04-07 16:39:38.398+00","2020-04-07 16:39:38.398+00",NULL,NULL
1763,"Barsar","India","Himachal Pradesh","2020-04-07 16:39:38.461+00","2020-04-07 16:39:38.461+00",NULL,NULL
1764,"Bilaspur","India","Himachal Pradesh","2020-04-07 16:39:38.445+00","2020-04-07 16:39:38.445+00",NULL,NULL
1765,"Kullu","India","Himachal Pradesh","2020-04-07 16:39:38.483+00","2020-04-07 16:39:38.483+00",NULL,NULL
1766,"Mandi(T)","India","Himachal Pradesh","2020-04-07 16:39:38.477+00","2020-04-07 16:39:38.477+00",NULL,NULL
1767,"Rampur Bushahr","India","Himachal Pradesh","2020-04-07 16:39:38.537+00","2020-04-07 16:39:38.537+00",NULL,NULL
1768,"Sundarnagar(T)","India","Himachal Pradesh","2020-04-07 16:39:38.499+00","2020-04-07 16:39:38.499+00",NULL,NULL
1769,"Lahaul","India","Himachal Pradesh","2020-04-07 16:39:38.518+00","2020-04-07 16:39:38.518+00",NULL,NULL
1770,"Kalpa(T)","India","Himachal Pradesh","2020-04-07 16:39:38.543+00","2020-04-07 16:39:38.543+00",NULL,NULL
1771,"Shimla Urban(T)","India","Himachal Pradesh","2020-04-07 16:39:38.562+00","2020-04-07 16:39:38.562+00",NULL,NULL
1772,"Una","India","Himachal Pradesh","2020-04-07 16:39:38.602+00","2020-04-07 16:39:38.602+00",NULL,NULL
1773,"Sarkaghat","India","Himachal Pradesh","2020-04-07 16:39:38.619+00","2020-04-07 16:39:38.619+00",NULL,NULL
1774,"Jhandutha","India","Himachal Pradesh","2020-04-07 16:39:38.636+00","2020-04-07 16:39:38.636+00",NULL,NULL
1775,"Theog","India","Himachal Pradesh","2020-04-07 16:39:38.67+00","2020-04-07 16:39:38.67+00",NULL,NULL
1776,"Sujanpur Tira","India","Himachal Pradesh","2020-04-07 16:39:38.652+00","2020-04-07 16:39:38.652+00",NULL,NULL
1777,"Balichowki","India","Himachal Pradesh","2020-04-07 16:39:38.686+00","2020-04-07 16:39:38.686+00",NULL,NULL
1778,"Kasauli(T)","India","Himachal Pradesh","2020-04-07 16:39:38.702+00","2020-04-07 16:39:38.702+00",NULL,NULL
1779,"Paonta","India","Himachal Pradesh","2020-04-07 16:39:38.755+00","2020-04-07 16:39:38.755+00",NULL,NULL
1780,"Choupal","India","Himachal Pradesh","2020-04-07 16:39:38.773+00","2020-04-07 16:39:38.773+00",NULL,NULL
1781,"Sunni","India","Himachal Pradesh","2020-04-07 16:39:38.791+00","2020-04-07 16:39:38.791+00",NULL,NULL
1782,"Ghumarwin","India","Himachal Pradesh","2020-04-07 16:39:38.84+00","2020-04-07 16:39:38.84+00",NULL,NULL
1783,"Karsog","India","Himachal Pradesh","2020-04-07 16:39:38.812+00","2020-04-07 16:39:38.812+00",NULL,NULL
1784,"Bhoranj","India","Himachal Pradesh","2020-04-07 16:39:38.867+00","2020-04-07 16:39:38.867+00",NULL,NULL
1785,"Dera Gopipur(T)","India","Himachal Pradesh","2020-04-07 16:39:38.946+00","2020-04-07 16:39:38.946+00",NULL,NULL
1786,"Amb","India","Himachal Pradesh","2020-04-07 16:39:38.89+00","2020-04-07 16:39:38.89+00",NULL,NULL
1787,"Jawali(T)","India","Himachal Pradesh","2020-04-07 16:39:39.034+00","2020-04-07 16:39:39.034+00",NULL,NULL
1788,"Sirmaur","India","Himachal Pradesh","2020-04-07 16:39:39.141+00","2020-04-07 16:39:39.141+00",NULL,NULL
1789,"Kotkhai","India","Himachal Pradesh","2020-04-07 16:39:39.695+00","2020-04-07 16:39:39.695+00",NULL,NULL
1790,"Nadaun","India","Himachal Pradesh","2020-04-07 16:39:39.948+00","2020-04-07 16:39:39.948+00",NULL,NULL
1791,"Shillai","India","Himachal Pradesh","2020-04-07 16:39:40.115+00","2020-04-07 16:39:40.115+00",NULL,NULL
1792,"Bangana","India","Himachal Pradesh","2020-04-07 16:39:40.255+00","2020-04-07 16:39:40.255+00",NULL,NULL
1793,"Bhatiyat","India","Himachal Pradesh","2020-04-07 16:39:40.271+00","2020-04-07 16:39:40.271+00",NULL,NULL
1794,"Bharmour","India","Himachal Pradesh","2020-04-07 16:39:40.314+00","2020-04-07 16:39:40.314+00",NULL,NULL
1795,"Bhalei","India","Himachal Pradesh","2020-04-07 16:39:40.332+00","2020-04-07 16:39:40.332+00",NULL,NULL
1796,"Churah","India","Himachal Pradesh","2020-04-07 16:39:40.293+00","2020-04-07 16:39:40.293+00",NULL,NULL
1797,"Dalhousie(T)","India","Himachal Pradesh","2020-04-07 16:39:40.376+00","2020-04-07 16:39:40.376+00",NULL,NULL
1798,"Holi","India","Himachal Pradesh","2020-04-07 16:39:40.416+00","2020-04-07 16:39:40.416+00",NULL,NULL
1799,"Dal Housia","India","Himachal Pradesh","2020-04-07 16:39:40.559+00","2020-04-07 16:39:40.559+00",NULL,NULL
1800,"Pangi","India","Himachal Pradesh","2020-04-07 16:39:40.578+00","2020-04-07 16:39:40.578+00",NULL,NULL
1801,"Sihunta","India","Himachal Pradesh","2020-04-07 16:39:40.617+00","2020-04-07 16:39:40.617+00",NULL,NULL
1802,"Salooni","India","Himachal Pradesh","2020-04-07 16:39:40.634+00","2020-04-07 16:39:40.634+00",NULL,NULL
1803,"Khundian","India","Himachal Pradesh","2020-04-07 16:39:40.886+00","2020-04-07 16:39:40.886+00",NULL,NULL
1804,"Jaswan(T)","India","Himachal Pradesh","2020-04-07 16:39:40.977+00","2020-04-07 16:39:40.977+00",NULL,NULL
1805,"Rakkar","India","Himachal Pradesh","2020-04-07 16:39:40.959+00","2020-04-07 16:39:40.959+00",NULL,NULL
1806,"Qusba Kotla","India","Himachal Pradesh","2020-04-07 16:39:41.026+00","2020-04-07 16:39:41.026+00",NULL,NULL
1807,"Fatehpur(T)","India","Himachal Pradesh","2020-04-07 16:39:41.061+00","2020-04-07 16:39:41.061+00",NULL,NULL
1808,"Fatehpur","India","Himachal Pradesh","2020-04-07 16:39:41.096+00","2020-04-07 16:39:41.096+00",NULL,NULL
1809,"Naina Devi","India","Himachal Pradesh","2020-04-07 16:39:41.303+00","2020-04-07 16:39:41.303+00",NULL,NULL
1810,"Jhandutta","India","Himachal Pradesh","2020-04-07 16:39:41.257+00","2020-04-07 16:39:41.257+00",NULL,NULL
1811,"Blaspur","India","Himachal Pradesh","2020-04-07 16:39:41.359+00","2020-04-07 16:39:41.359+00",NULL,NULL
1812,"Sujanpur","India","Himachal Pradesh","2020-04-07 16:39:41.406+00","2020-04-07 16:39:41.406+00",NULL,NULL
1813,"Hamirpur(T)","India","Himachal Pradesh","2020-04-07 16:39:41.454+00","2020-04-07 16:39:41.454+00",NULL,NULL
1814,"Nadaun(T)","India","Himachal Pradesh","2020-04-07 16:39:41.491+00","2020-04-07 16:39:41.491+00",NULL,NULL
1815,"Jhanduta(T)","India","Himachal Pradesh","2020-04-07 16:39:41.389+00","2020-04-07 16:39:41.389+00",NULL,NULL
1816,"Bijhari","India","Himachal Pradesh","2020-04-07 16:39:41.541+00","2020-04-07 16:39:41.541+00",NULL,NULL
1817,"Bhoranj(T)","India","Himachal Pradesh","2020-04-07 16:39:41.655+00","2020-04-07 16:39:41.655+00",NULL,NULL
1818,"Tira Sujanpur(T)","India","Himachal Pradesh","2020-04-07 16:39:41.703+00","2020-04-07 16:39:41.703+00",NULL,NULL
1819,"Sunder Nagar","India","Himachal Pradesh","2020-04-07 16:39:41.806+00","2020-04-07 16:39:41.806+00",NULL,NULL
1820,"Thunag","India","Himachal Pradesh","2020-04-07 16:39:41.828+00","2020-04-07 16:39:41.828+00",NULL,NULL
1821,"Udaipur","India","Himachal Pradesh","2020-04-07 16:39:41.895+00","2020-04-07 16:39:41.895+00",NULL,NULL
1822,"Padhar(T)","India","Himachal Pradesh","2020-04-07 16:39:41.948+00","2020-04-07 16:39:41.948+00",NULL,NULL
1823,"Sarkaghat(T)","India","Himachal Pradesh","2020-04-07 16:39:41.985+00","2020-04-07 16:39:41.985+00",NULL,NULL
1824,"Sadar Mandi","India","Himachal Pradesh","2020-04-07 16:39:41.969+00","2020-04-07 16:39:41.969+00",NULL,NULL
1825,"Jogindernagar","India","Himachal Pradesh","2020-04-07 16:39:42.011+00","2020-04-07 16:39:42.011+00",NULL,NULL
1826,"Sadar","India","Himachal Pradesh","2020-04-07 16:39:42.05+00","2020-04-07 16:39:42.05+00",NULL,NULL
1827,"Joginder Nagar","India","Himachal Pradesh","2020-04-07 16:39:42.105+00","2020-04-07 16:39:42.105+00",NULL,NULL
1828,"Sandhol(S.T)","India","Himachal Pradesh","2020-04-07 16:39:42.174+00","2020-04-07 16:39:42.174+00",NULL,NULL
1829,"Kotli(S.T)","India","Himachal Pradesh","2020-04-07 16:39:42.243+00","2020-04-07 16:39:42.243+00",NULL,NULL
1830,"Manali(T)","India","Himachal Pradesh","2020-04-07 16:39:42.357+00","2020-04-07 16:39:42.357+00",NULL,NULL
1831,"Kullu(T)","India","Himachal Pradesh","2020-04-07 16:39:42.339+00","2020-04-07 16:39:42.339+00",NULL,NULL
1832,"Banjar","India","Himachal Pradesh","2020-04-07 16:39:42.378+00","2020-04-07 16:39:42.378+00",NULL,NULL
1833,"Naggar","India","Himachal Pradesh","2020-04-07 16:39:42.413+00","2020-04-07 16:39:42.413+00",NULL,NULL
1834,"Sainj(S.T)","India","Himachal Pradesh","2020-04-07 16:39:42.443+00","2020-04-07 16:39:42.443+00",NULL,NULL
1835,"Nichar(T)","India","Himachal Pradesh","2020-04-07 16:39:42.536+00","2020-04-07 16:39:42.536+00",NULL,NULL
1836,"Kumharsain(T)","India","Himachal Pradesh","2020-04-07 16:39:42.519+00","2020-04-07 16:39:42.519+00",NULL,NULL
1837,"Sangla(T)","India","Himachal Pradesh","2020-04-07 16:39:42.559+00","2020-04-07 16:39:42.559+00",NULL,NULL
1838,"Spiti       (T)","India","Himachal Pradesh","2020-04-07 16:39:42.583+00","2020-04-07 16:39:42.583+00",NULL,NULL
1839,"Hangrang","India","Himachal Pradesh","2020-04-07 16:39:42.599+00","2020-04-07 16:39:42.599+00",NULL,NULL
1840,"Morang(T)","India","Himachal Pradesh","2020-04-07 16:39:42.618+00","2020-04-07 16:39:42.618+00",NULL,NULL
1841,"Pooh","India","Himachal Pradesh","2020-04-07 16:39:42.649+00","2020-04-07 16:39:42.649+00",NULL,NULL
1842,"Poo(T)","India","Himachal Pradesh","2020-04-07 16:39:42.689+00","2020-04-07 16:39:42.689+00",NULL,NULL
1843,"Spiti","India","Himachal Pradesh","2020-04-07 16:39:42.713+00","2020-04-07 16:39:42.713+00",NULL,NULL
1844,"Anni","India","Himachal Pradesh","2020-04-07 16:39:42.759+00","2020-04-07 16:39:42.759+00",NULL,NULL
1845,"Nirmand","India","Himachal Pradesh","2020-04-07 16:39:42.776+00","2020-04-07 16:39:42.776+00",NULL,NULL
1846,"Nankhari(S.T)","India","Himachal Pradesh","2020-04-07 16:39:42.928+00","2020-04-07 16:39:42.928+00",NULL,NULL
1847,"Ani(S.T)","India","Himachal Pradesh","2020-04-07 16:39:42.884+00","2020-04-07 16:39:42.884+00",NULL,NULL
1848,"Kumarsain","India","Himachal Pradesh","2020-04-07 16:39:42.799+00","2020-04-07 16:39:42.799+00",NULL,NULL
1849,"Rampur(T)","India","Himachal Pradesh","2020-04-07 16:39:42.82+00","2020-04-07 16:39:42.82+00",NULL,NULL
1850,"Nankhari","India","Himachal Pradesh","2020-04-07 16:39:42.974+00","2020-04-07 16:39:42.974+00",NULL,NULL
1851,"Chopal","India","Himachal Pradesh","2020-04-07 16:39:43.028+00","2020-04-07 16:39:43.028+00",NULL,NULL
1852,"Jubbal","India","Himachal Pradesh","2020-04-07 16:39:43.071+00","2020-04-07 16:39:43.071+00",NULL,NULL
1853,"Suni","India","Himachal Pradesh","2020-04-07 16:39:43.102+00","2020-04-07 16:39:43.102+00",NULL,NULL
1854,"Chirgaon","India","Himachal Pradesh","2020-04-07 16:39:43.125+00","2020-04-07 16:39:43.125+00",NULL,NULL
1855,"Kothkhai","India","Himachal Pradesh","2020-04-07 16:39:43.16+00","2020-04-07 16:39:43.16+00",NULL,NULL
1856,"Dodra Kawar","India","Himachal Pradesh","2020-04-07 16:39:43.189+00","2020-04-07 16:39:43.189+00",NULL,NULL
1857,"Rohru","India","Himachal Pradesh","2020-04-07 16:39:43.269+00","2020-04-07 16:39:43.269+00",NULL,NULL
1858,"Nahan","India","Himachal Pradesh","2020-04-07 16:39:43.376+00","2020-04-07 16:39:43.376+00",NULL,NULL
1859,"Rajgarh","India","Himachal Pradesh","2020-04-07 16:39:43.64+00","2020-04-07 16:39:43.64+00",NULL,NULL
1860,"Nohra","India","Himachal Pradesh","2020-04-07 16:39:43.618+00","2020-04-07 16:39:43.618+00",NULL,NULL
1861,"Pachhad","India","Himachal Pradesh","2020-04-07 16:39:43.666+00","2020-04-07 16:39:43.666+00",NULL,NULL
1862,"Kasauli","India","Himachal Pradesh","2020-04-07 16:39:43.714+00","2020-04-07 16:39:43.714+00",NULL,NULL
1863,"Ramshahar","India","Himachal Pradesh","2020-04-07 16:39:43.771+00","2020-04-07 16:39:43.771+00",NULL,NULL
1864,"Bharwain(S.T)","India","Himachal Pradesh","2020-04-07 16:39:43.83+00","2020-04-07 16:39:43.83+00",NULL,NULL
1865,"Una(T)","India","Himachal Pradesh","2020-04-07 16:39:43.899+00","2020-04-07 16:39:43.899+00",NULL,NULL
1866,"Bangana(T)","India","Himachal Pradesh","2020-04-07 16:39:43.863+00","2020-04-07 16:39:43.863+00",NULL,NULL
1867,"Leh","India","Jammu and Kashmir","2020-04-07 16:40:06.669+00","2020-04-07 16:40:06.669+00",NULL,NULL
1868,"Amb(T)","India","Himachal Pradesh","2020-04-07 16:39:43.918+00","2020-04-07 16:39:43.918+00",NULL,NULL
1869,"Jammu","India","Jammu and Kashmir","2020-04-07 16:40:06.673+00","2020-04-07 16:40:06.673+00",NULL,NULL
3653,"Banga","India","Punjab","2020-04-07 16:51:27.354+00","2020-04-07 16:51:27.354+00",NULL,NULL
1870,"Ranbirsinghpora","India","Jammu and Kashmir","2020-04-07 16:40:06.763+00","2020-04-07 16:40:06.763+00",NULL,NULL
1871,"Samba","India","Jammu and Kashmir","2020-04-07 16:40:06.82+00","2020-04-07 16:40:06.82+00",NULL,NULL
1872,"Rajouri","India","Jammu and Kashmir","2020-04-07 16:40:06.826+00","2020-04-07 16:40:06.826+00",NULL,NULL
1873,"Poonch","India","Jammu and Kashmir","2020-04-07 16:40:06.857+00","2020-04-07 16:40:06.857+00",NULL,NULL
1874,"Rajouri","India","Jammu and Kashmir","2020-04-07 16:40:07.103+00","2020-04-07 16:40:07.103+00",NULL,NULL
1875,"Kargil","India","Jammu and Kashmir","2020-04-07 16:40:07.112+00","2020-04-07 16:40:07.112+00",NULL,NULL
1876,"Jammu","India","Jammu and Kashmir","2020-04-07 16:40:07.082+00","2020-04-07 16:40:07.082+00",NULL,NULL
1877,"Nobra","India","Jammu and Kashmir","2020-04-07 16:40:07.132+00","2020-04-07 16:40:07.132+00",NULL,NULL
1878,"Drass","India","Jammu and Kashmir","2020-04-07 16:40:07.148+00","2020-04-07 16:40:07.148+00",NULL,NULL
1879,"Khalsi","India","Jammu and Kashmir","2020-04-07 16:40:07.193+00","2020-04-07 16:40:07.193+00",NULL,NULL
1880,"Mulbek","India","Jammu and Kashmir","2020-04-07 16:40:07.217+00","2020-04-07 16:40:07.217+00",NULL,NULL
1881,"Zanskar","India","Jammu and Kashmir","2020-04-07 16:40:07.246+00","2020-04-07 16:40:07.246+00",NULL,NULL
1882,"Sankoo","India","Jammu and Kashmir","2020-04-07 16:40:07.26+00","2020-04-07 16:40:07.26+00",NULL,NULL
1883,"Mahore","India","Jammu and Kashmir","2020-04-07 16:40:07.279+00","2020-04-07 16:40:07.279+00",NULL,NULL
1884,"Bhaderwah","India","Jammu and Kashmir","2020-04-07 16:40:07.305+00","2020-04-07 16:40:07.305+00",NULL,NULL
1885,"Ramban","India","Jammu and Kashmir","2020-04-07 16:40:07.282+00","2020-04-07 16:40:07.282+00",NULL,NULL
1886,"Udhampur","India","Jammu and Kashmir","2020-04-07 16:40:07.339+00","2020-04-07 16:40:07.339+00",NULL,NULL
1887,"Doda","India","Jammu and Kashmir","2020-04-07 16:40:07.364+00","2020-04-07 16:40:07.364+00",NULL,NULL
1888,"Kishtwar","India","Jammu and Kashmir","2020-04-07 16:40:07.374+00","2020-04-07 16:40:07.374+00",NULL,NULL
1889,"Reasi","India","Jammu and Kashmir","2020-04-07 16:40:07.384+00","2020-04-07 16:40:07.384+00",NULL,NULL
1890,"Chenani","India","Jammu and Kashmir","2020-04-07 16:40:07.415+00","2020-04-07 16:40:07.415+00",NULL,NULL
1891,"Ramnagar","India","Jammu and Kashmir","2020-04-07 16:40:07.428+00","2020-04-07 16:40:07.428+00",NULL,NULL
1892,"Bani","India","Jammu and Kashmir","2020-04-07 16:40:07.517+00","2020-04-07 16:40:07.517+00",NULL,NULL
1893,"Kathua","India","Jammu and Kashmir","2020-04-07 16:40:07.534+00","2020-04-07 16:40:07.534+00",NULL,NULL
1894,"Billawar","India","Jammu and Kashmir","2020-04-07 16:40:07.573+00","2020-04-07 16:40:07.573+00",NULL,NULL
1895,"Basoli","India","Jammu and Kashmir","2020-04-07 16:40:07.552+00","2020-04-07 16:40:07.552+00",NULL,NULL
1896,"Hiranagar","India","Jammu and Kashmir","2020-04-07 16:40:07.619+00","2020-04-07 16:40:07.619+00",NULL,NULL
1897,"Thathri","India","Jammu and Kashmir","2020-04-07 16:40:07.717+00","2020-04-07 16:40:07.717+00",NULL,NULL
1898,"Pulwama","India","Jammu and Kashmir","2020-04-07 16:40:07.732+00","2020-04-07 16:40:07.732+00",NULL,NULL
1899,"Srinagar","India","Jammu and Kashmir","2020-04-07 16:40:07.751+00","2020-04-07 16:40:07.751+00",NULL,NULL
1900,"Ananthnag","India","Jammu and Kashmir","2020-04-07 16:40:07.779+00","2020-04-07 16:40:07.779+00",NULL,NULL
1901,"Tangmarg","India","Jammu and Kashmir","2020-04-07 16:40:07.787+00","2020-04-07 16:40:07.787+00",NULL,NULL
1902,"Wuyan","India","Jammu and Kashmir","2020-04-07 16:40:07.846+00","2020-04-07 16:40:07.846+00",NULL,NULL
1903,"Damhal Hanji Pora","India","Jammu and Kashmir","2020-04-07 16:40:07.8+00","2020-04-07 16:40:07.8+00",NULL,NULL
1904,"Sathu","India","Jammu and Kashmir","2020-04-07 16:40:07.875+00","2020-04-07 16:40:07.875+00",NULL,NULL
1905,"Pampore","India","Jammu and Kashmir","2020-04-07 16:40:07.913+00","2020-04-07 16:40:07.913+00",NULL,NULL
1906,"Khrew","India","Jammu and Kashmir","2020-04-07 16:40:07.943+00","2020-04-07 16:40:07.943+00",NULL,NULL
1907,"Qazigund","India","Jammu and Kashmir","2020-04-07 16:40:08.027+00","2020-04-07 16:40:08.027+00",NULL,NULL
1908,"Tral","India","Jammu and Kashmir","2020-04-07 16:40:08.046+00","2020-04-07 16:40:08.046+00",NULL,NULL
1909,"Yaripora","India","Jammu and Kashmir","2020-04-07 16:40:08.067+00","2020-04-07 16:40:08.067+00",NULL,NULL
1910,"Shopin","India","Jammu and Kashmir","2020-04-07 16:40:09.195+00","2020-04-07 16:40:09.195+00",NULL,NULL
1911,"Achabal","India","Jammu and Kashmir","2020-04-07 16:40:08.084+00","2020-04-07 16:40:08.084+00",NULL,NULL
1912,"Kokernag","India","Jammu and Kashmir","2020-04-07 16:40:08.942+00","2020-04-07 16:40:08.942+00",NULL,NULL
1913,"Achan","India","Jammu and Kashmir","2020-04-07 16:40:09.233+00","2020-04-07 16:40:09.233+00",NULL,NULL
1914,"Dooru","India","Jammu and Kashmir","2020-04-07 16:40:09.215+00","2020-04-07 16:40:09.215+00",NULL,NULL
1915,"Martand","India","Jammu and Kashmir","2020-04-07 16:40:09.251+00","2020-04-07 16:40:09.251+00",NULL,NULL
1916,"Awantipora","India","Jammu and Kashmir","2020-04-07 16:40:09.269+00","2020-04-07 16:40:09.269+00",NULL,NULL
1917,"Kulgam","India","Jammu and Kashmir","2020-04-07 16:40:09.29+00","2020-04-07 16:40:09.29+00",NULL,NULL
1918,"Dialgam","India","Jammu and Kashmir","2020-04-07 16:40:09.318+00","2020-04-07 16:40:09.318+00",NULL,NULL
1919,"Pahalgam","India","Jammu and Kashmir","2020-04-07 16:40:09.335+00","2020-04-07 16:40:09.335+00",NULL,NULL
1920,"Bagh Mehtab","India","Jammu and Kashmir","2020-04-07 16:40:09.353+00","2020-04-07 16:40:09.353+00",NULL,NULL
1921,"Verinaag","India","Jammu and Kashmir","2020-04-07 16:40:09.582+00","2020-04-07 16:40:09.582+00",NULL,NULL
1922,"Sanat Nagar","India","Jammu and Kashmir","2020-04-07 16:40:09.359+00","2020-04-07 16:40:09.359+00",NULL,NULL
1923,"Khanabal","India","Jammu and Kashmir","2020-04-07 16:40:09.856+00","2020-04-07 16:40:09.856+00",NULL,NULL
1924,"Kangan","India","Jammu and Kashmir","2020-04-07 16:40:09.876+00","2020-04-07 16:40:09.876+00",NULL,NULL
1925,"Ganderbal","India","Jammu and Kashmir","2020-04-07 16:40:10.11+00","2020-04-07 16:40:10.11+00",NULL,NULL
1926,"Budgam","India","Jammu and Kashmir","2020-04-07 16:40:10.144+00","2020-04-07 16:40:10.144+00",NULL,NULL
1927,"Parimpora","India","Jammu and Kashmir","2020-04-07 16:40:10.167+00","2020-04-07 16:40:10.167+00",NULL,NULL
1928,"Chadoora","India","Jammu and Kashmir","2020-04-07 16:40:10.207+00","2020-04-07 16:40:10.207+00",NULL,NULL
1929,"Gulmarg","India","Jammu and Kashmir","2020-04-07 16:40:10.282+00","2020-04-07 16:40:10.282+00",NULL,NULL
1930,"Zainakote","India","Jammu and Kashmir","2020-04-07 16:40:10.185+00","2020-04-07 16:40:10.185+00",NULL,NULL
1931,"Noushera","India","Jammu and Kashmir","2020-04-07 16:40:10.246+00","2020-04-07 16:40:10.246+00",NULL,NULL
1932,"Kashmir University","India","Jammu and Kashmir","2020-04-07 16:40:10.305+00","2020-04-07 16:40:10.305+00",NULL,NULL
1933,"Char-sharief","India","Jammu and Kashmir","2020-04-07 16:40:10.326+00","2020-04-07 16:40:10.326+00",NULL,NULL
1934,"Magam","India","Jammu and Kashmir","2020-04-07 16:40:10.344+00","2020-04-07 16:40:10.344+00",NULL,NULL
1935,"Hyderpora","India","Jammu and Kashmir","2020-04-07 16:40:10.362+00","2020-04-07 16:40:10.362+00",NULL,NULL
1936,"Central Market","India","Jammu and Kashmir","2020-04-07 16:40:10.379+00","2020-04-07 16:40:10.379+00",NULL,NULL
1937,"Natipora","India","Jammu and Kashmir","2020-04-07 16:40:10.416+00","2020-04-07 16:40:10.416+00",NULL,NULL
1938,"Pantha Chowk","India","Jammu and Kashmir","2020-04-07 16:40:10.398+00","2020-04-07 16:40:10.398+00",NULL,NULL
1939,"Jawahar Nagar","India","Jammu and Kashmir","2020-04-07 16:40:10.438+00","2020-04-07 16:40:10.438+00",NULL,NULL
1940,"Batrara","India","Jammu and Kashmir","2020-04-07 16:40:10.488+00","2020-04-07 16:40:10.488+00",NULL,NULL
1941,"Beerwah","India","Jammu and Kashmir","2020-04-07 16:40:10.461+00","2020-04-07 16:40:10.461+00",NULL,NULL
1942,"WAGOORA","India","Jammu and Kashmir","2020-04-07 16:40:10.512+00","2020-04-07 16:40:10.512+00",NULL,NULL
1943,"Reasi","India","Jammu and Kashmir","2020-04-07 16:40:10.649+00","2020-04-07 16:40:10.649+00",NULL,NULL
1944,"Len","India","Jammu and Kashmir","2020-04-07 16:40:10.674+00","2020-04-07 16:40:10.674+00",NULL,NULL
1945,"Aloosa","India","Jammu and Kashmir","2020-04-07 16:40:10.748+00","2020-04-07 16:40:10.748+00",NULL,NULL
1946,"Billawer","India","Jammu and Kashmir","2020-04-07 16:40:10.766+00","2020-04-07 16:40:10.767+00",NULL,NULL
1947,"Rajauri","India","Jammu and Kashmir","2020-04-07 16:40:10.859+00","2020-04-07 16:40:10.859+00",NULL,NULL
1948,"Baramulla","India","Jammu and Kashmir","2020-04-07 16:40:10.895+00","2020-04-07 16:40:10.895+00",NULL,NULL
1949,"SOGAM","India","Jammu and Kashmir","2020-04-07 16:40:10.969+00","2020-04-07 16:40:10.969+00",NULL,NULL
1950,"Sorore","India","Jammu and Kashmir","2020-04-07 16:40:12.92+00","2020-04-07 16:40:12.92+00",NULL,NULL
1951,"Bandipora","India","Jammu and Kashmir","2020-04-07 16:40:14.83+00","2020-04-07 16:40:14.83+00",NULL,NULL
1952,"Kupwara","India","Jammu and Kashmir","2020-04-07 16:40:15.007+00","2020-04-07 16:40:15.007+00",NULL,NULL
1953,"Pattan","India","Jammu and Kashmir","2020-04-07 16:40:15.056+00","2020-04-07 16:40:15.056+00",NULL,NULL
1954,"Sopore","India","Jammu and Kashmir","2020-04-07 16:40:15.076+00","2020-04-07 16:40:15.076+00",NULL,NULL
1955,"Sumbal","India","Jammu and Kashmir","2020-04-07 16:40:15.094+00","2020-04-07 16:40:15.094+00",NULL,NULL
1956,"Handwara","India","Jammu and Kashmir","2020-04-07 16:40:15.121+00","2020-04-07 16:40:15.121+00",NULL,NULL
1957,"Gurez","India","Jammu and Kashmir","2020-04-07 16:40:15.156+00","2020-04-07 16:40:15.156+00",NULL,NULL
1958,"Sonawari","India","Jammu and Kashmir","2020-04-07 16:40:15.179+00","2020-04-07 16:40:15.179+00",NULL,NULL
1959,"Uri","India","Jammu and Kashmir","2020-04-07 16:40:15.206+00","2020-04-07 16:40:15.206+00",NULL,NULL
1960,"Handwara","India","Jammu and Kashmir","2020-04-07 16:40:15.228+00","2020-04-07 16:40:15.228+00",NULL,NULL
1961,"Koderma","India","Jharkhand","2020-04-07 16:40:32.203+00","2020-04-07 16:40:32.203+00",NULL,NULL
1962,"Ramgarh","India","Jharkhand","2020-04-07 16:40:32.211+00","2020-04-07 16:40:32.211+00",NULL,NULL
1963,"Bokaro","India","Jharkhand","2020-04-07 16:40:32.223+00","2020-04-07 16:40:32.223+00",NULL,NULL
1964,"Ranchi","India","Jharkhand","2020-04-07 16:40:32.218+00","2020-04-07 16:40:32.218+00",NULL,NULL
1965,"Dumka","India","Jharkhand","2020-04-07 16:40:32.229+00","2020-04-07 16:40:32.229+00",NULL,NULL
1966,"Palamau","India","Jharkhand","2020-04-07 16:40:32.234+00","2020-04-07 16:40:32.234+00",NULL,NULL
1967,"Bhawanathpur","India","Jharkhand","2020-04-07 16:40:32.24+00","2020-04-07 16:40:32.24+00",NULL,NULL
1968,"Mahuwadand","India","Jharkhand","2020-04-07 16:40:32.245+00","2020-04-07 16:40:32.245+00",NULL,NULL
1969,"Dhanbad","India","Jharkhand","2020-04-07 16:40:32.306+00","2020-04-07 16:40:32.306+00",NULL,NULL
1970,"Moubhandar","India","Jharkhand","2020-04-07 16:40:32.422+00","2020-04-07 16:40:32.422+00",NULL,NULL
1971,"Mango","India","Jharkhand","2020-04-07 16:40:32.399+00","2020-04-07 16:40:32.399+00",NULL,NULL
1972,"Mosabani","India","Jharkhand","2020-04-07 16:40:32.433+00","2020-04-07 16:40:32.433+00",NULL,NULL
1973,"Jamshedpur","India","Jharkhand","2020-04-07 16:40:32.451+00","2020-04-07 16:40:32.451+00",NULL,NULL
1974,"Patamda","India","Jharkhand","2020-04-07 16:40:32.475+00","2020-04-07 16:40:32.475+00",NULL,NULL
1975,"Rahargora","India","Jharkhand","2020-04-07 16:40:32.487+00","2020-04-07 16:40:32.487+00",NULL,NULL
1976,"R.c.project","India","Jharkhand","2020-04-07 16:40:32.497+00","2020-04-07 16:40:32.497+00",NULL,NULL
1977,"Jamshedpur","India","Jharkhand","2020-04-07 16:40:32.502+00","2020-04-07 16:40:32.502+00",NULL,NULL
1978,"Sakchi","India","Jharkhand","2020-04-07 16:40:32.513+00","2020-04-07 16:40:32.513+00",NULL,NULL
1979,"Tiruldih","India","Jharkhand","2020-04-07 16:40:32.758+00","2020-04-07 16:40:32.758+00",NULL,NULL
1980,"Sundarnagar","India","Jharkhand","2020-04-07 16:40:32.527+00","2020-04-07 16:40:32.527+00",NULL,NULL
1981,"Chaibasa","India","Jharkhand","2020-04-07 16:40:32.764+00","2020-04-07 16:40:32.764+00",NULL,NULL
1982,"Barajamda","India","Jharkhand","2020-04-07 16:40:32.813+00","2020-04-07 16:40:32.813+00",NULL,NULL
1983,"Chakradharpur","India","Jharkhand","2020-04-07 16:40:32.844+00","2020-04-07 16:40:32.844+00",NULL,NULL
1984,"Chiria","India","Jharkhand","2020-04-07 16:40:32.916+00","2020-04-07 16:40:32.916+00",NULL,NULL
1985,"Danguaposi","India","Jharkhand","2020-04-07 16:40:32.946+00","2020-04-07 16:40:32.946+00",NULL,NULL
1986,"Goilkera","India","Jharkhand","2020-04-07 16:40:32.975+00","2020-04-07 16:40:32.975+00",NULL,NULL
1987,"Gua","India","Jharkhand","2020-04-07 16:40:32.997+00","2020-04-07 16:40:32.997+00",NULL,NULL
1988,"Hatgamaria","India","Jharkhand","2020-04-07 16:40:33.022+00","2020-04-07 16:40:33.022+00",NULL,NULL
1989,"Jagannathpur","India","Jharkhand","2020-04-07 16:40:33.045+00","2020-04-07 16:40:33.045+00",NULL,NULL
1990,"Jhinkpani","India","Jharkhand","2020-04-07 16:40:33.063+00","2020-04-07 16:40:33.063+00",NULL,NULL
1991,"Kharsawangarh","India","Jharkhand","2020-04-07 16:40:33.082+00","2020-04-07 16:40:33.082+00",NULL,NULL
1992,"Kiriburu","India","Jharkhand","2020-04-07 16:40:33.105+00","2020-04-07 16:40:33.105+00",NULL,NULL
1993,"Megahatuburu","India","Jharkhand","2020-04-07 16:40:33.346+00","2020-04-07 16:40:33.346+00",NULL,NULL
1994,"Manoharpur","India","Jharkhand","2020-04-07 16:40:33.123+00","2020-04-07 16:40:33.123+00",NULL,NULL
1995,"Noamundi","India","Jharkhand","2020-04-07 16:40:33.778+00","2020-04-07 16:40:33.778+00",NULL,NULL
1996,"Seraikella","India","Jharkhand","2020-04-07 16:40:33.802+00","2020-04-07 16:40:33.802+00",NULL,NULL
1997,"Sini","India","Jharkhand","2020-04-07 16:40:33.82+00","2020-04-07 16:40:33.82+00",NULL,NULL
1998,"Sonua","India","Jharkhand","2020-04-07 16:40:33.845+00","2020-04-07 16:40:33.845+00",NULL,NULL
1999,"Azadnagar","India","Jharkhand","2020-04-07 16:40:33.867+00","2020-04-07 16:40:33.867+00",NULL,NULL
2000,"Amda","India","Jharkhand","2020-04-07 16:40:33.885+00","2020-04-07 16:40:33.885+00",NULL,NULL
2001,"Baharagora","India","Jharkhand","2020-04-07 16:40:33.906+00","2020-04-07 16:40:33.906+00",NULL,NULL
2002,"Baridih Colony","India","Jharkhand","2020-04-07 16:40:33.928+00","2020-04-07 16:40:33.928+00",NULL,NULL
2003,"Chakulia","India","Jharkhand","2020-04-07 16:40:33.986+00","2020-04-07 16:40:33.986+00",NULL,NULL
2004,"Chandil","India","Jharkhand","2020-04-07 16:40:34.006+00","2020-04-07 16:40:34.006+00",NULL,NULL
2005,"Chowka","India","Jharkhand","2020-04-07 16:40:34.036+00","2020-04-07 16:40:34.036+00",NULL,NULL
2006,"Dhalbhumgarh","India","Jharkhand","2020-04-07 16:40:34.058+00","2020-04-07 16:40:34.058+00",NULL,NULL
2007,"Gamharia","India","Jharkhand","2020-04-07 16:40:34.076+00","2020-04-07 16:40:34.076+00",NULL,NULL
2008,"Ghatsila","India","Jharkhand","2020-04-07 16:40:34.095+00","2020-04-07 16:40:34.095+00",NULL,NULL
2009,"Golmuri","India","Jharkhand","2020-04-07 16:40:34.116+00","2020-04-07 16:40:34.116+00",NULL,NULL
2010,"Seraikela-kharsawan","India","Jharkhand","2020-04-07 16:40:34.134+00","2020-04-07 16:40:34.134+00",NULL,NULL
2011,"Gobindpur","India","Jharkhand","2020-04-07 16:40:34.632+00","2020-04-07 16:40:34.632+00",NULL,NULL
2012,"Agrico","India","Jharkhand","2020-04-07 16:40:34.606+00","2020-04-07 16:40:34.606+00",NULL,NULL
2013,"A.i .area","India","Jharkhand","2020-04-07 16:40:34.152+00","2020-04-07 16:40:34.152+00",NULL,NULL
2014,"Jadugoda","India","Jharkhand","2020-04-07 16:40:34.684+00","2020-04-07 16:40:34.684+00",NULL,NULL
2015,"Jugsalai","India","Jharkhand","2020-04-07 16:40:34.711+00","2020-04-07 16:40:34.711+00",NULL,NULL
2016,"Kadma","India","Jharkhand","2020-04-07 16:40:34.732+00","2020-04-07 16:40:34.732+00",NULL,NULL
2017,"Kandra","India","Jharkhand","2020-04-07 16:40:34.766+00","2020-04-07 16:40:34.766+00",NULL,NULL
2018,"Mahulia","India","Jharkhand","2020-04-07 16:40:34.787+00","2020-04-07 16:40:34.787+00",NULL,NULL
2019,"Deoghar","India","Jharkhand","2020-04-07 16:40:34.792+00","2020-04-07 16:40:34.792+00",NULL,NULL
2020,"Garhwa","India","Jharkhand","2020-04-07 16:40:34.811+00","2020-04-07 16:40:34.811+00",NULL,NULL
2021,"Jamtara","India","Jharkhand","2020-04-07 16:40:34.856+00","2020-04-07 16:40:34.856+00",NULL,NULL
2022,"Sahibganj","India","Jharkhand","2020-04-07 16:40:34.825+00","2020-04-07 16:40:34.825+00",NULL,NULL
2023,"Madhupur","India","Jharkhand","2020-04-07 16:40:34.888+00","2020-04-07 16:40:34.888+00",NULL,NULL
2024,"Lohardaga","India","Jharkhand","2020-04-07 16:40:34.904+00","2020-04-07 16:40:34.904+00",NULL,NULL
2025,"Nala","India","Jharkhand","2020-04-07 16:40:34.931+00","2020-04-07 16:40:34.931+00",NULL,NULL
2026,"Masalia","India","Jharkhand","2020-04-07 16:40:34.997+00","2020-04-07 16:40:34.997+00",NULL,NULL
2027,"East Singhbhum","India","Jharkhand","2020-04-07 16:40:35.068+00","2020-04-07 16:40:35.068+00",NULL,NULL
2028,"Daltoganj","India","Jharkhand","2020-04-07 16:40:35.042+00","2020-04-07 16:40:35.042+00",NULL,NULL
2029,"Hunterganj","India","Jharkhand","2020-04-07 16:40:35.074+00","2020-04-07 16:40:35.074+00",NULL,NULL
2030,"Mango Notified Area","India","Jharkhand","2020-04-07 16:40:35.115+00","2020-04-07 16:40:35.115+00",NULL,NULL
2031,"Giridih","India","Jharkhand","2020-04-07 16:40:35.162+00","2020-04-07 16:40:35.162+00",NULL,NULL
2032,"Hazaribagh","India","Jharkhand","2020-04-07 16:40:35.169+00","2020-04-07 16:40:35.169+00",NULL,NULL
2033,"Ramgarh Cantt","India","Jharkhand","2020-04-07 16:40:35.188+00","2020-04-07 16:40:35.188+00",NULL,NULL
2034,"Gumla","India","Jharkhand","2020-04-07 16:40:35.202+00","2020-04-07 16:40:35.202+00",NULL,NULL
2035,"Raidih","India","Jharkhand","2020-04-07 16:40:35.261+00","2020-04-07 16:40:35.261+00",NULL,NULL
2036,"Sisai","India","Jharkhand","2020-04-07 16:40:35.287+00","2020-04-07 16:40:35.287+00",NULL,NULL
2037,"Palkot","India","Jharkhand","2020-04-07 16:40:35.31+00","2020-04-07 16:40:35.31+00",NULL,NULL
2038,"Chas","India","Jharkhand","2020-04-07 16:40:35.729+00","2020-04-07 16:40:35.729+00",NULL,NULL
2039,"Karon","India","Jharkhand","2020-04-07 16:40:35.748+00","2020-04-07 16:40:35.748+00",NULL,NULL
2040,"Kolebira","India","Jharkhand","2020-04-07 16:40:35.754+00","2020-04-07 16:40:35.754+00",NULL,NULL
2041,"Basia","India","Jharkhand","2020-04-07 16:40:35.777+00","2020-04-07 16:40:35.777+00",NULL,NULL
2042,"Khijri","India","Jharkhand","2020-04-07 16:40:35.801+00","2020-04-07 16:40:35.801+00",NULL,NULL
2043,"Ormanjhi","India","Jharkhand","2020-04-07 16:40:35.848+00","2020-04-07 16:40:35.848+00",NULL,NULL
2044,"Kanke","India","Jharkhand","2020-04-07 16:40:35.822+00","2020-04-07 16:40:35.822+00",NULL,NULL
2045,"Kuru","India","Jharkhand","2020-04-07 16:40:35.875+00","2020-04-07 16:40:35.875+00",NULL,NULL
2046,"B.S.City RS","India","Jharkhand","2020-04-07 16:40:36.29+00","2020-04-07 16:40:36.29+00",NULL,NULL
2047,"Chandankiyari","India","Jharkhand","2020-04-07 16:40:36.176+00","2020-04-07 16:40:36.176+00",NULL,NULL
2048,"Bhojudih","India","Jharkhand","2020-04-07 16:40:36.326+00","2020-04-07 16:40:36.326+00",NULL,NULL
2049,"Kasmar","India","Jharkhand","2020-04-07 16:40:36.35+00","2020-04-07 16:40:36.35+00",NULL,NULL
2050,"Karra","India","Jharkhand","2020-04-07 16:40:36.459+00","2020-04-07 16:40:36.459+00",NULL,NULL
2051,"Torpa","India","Jharkhand","2020-04-07 16:40:36.483+00","2020-04-07 16:40:36.483+00",NULL,NULL
2052,"Khunti","India","Jharkhand","2020-04-07 16:40:36.545+00","2020-04-07 16:40:36.545+00",NULL,NULL
2053,"Ratu","India","Jharkhand","2020-04-07 16:40:36.592+00","2020-04-07 16:40:36.592+00",NULL,NULL
2054,"Nagri","India","Jharkhand","2020-04-07 16:40:36.57+00","2020-04-07 16:40:36.57+00",NULL,NULL
2055,"Itki","India","Jharkhand","2020-04-07 16:40:36.619+00","2020-04-07 16:40:36.619+00",NULL,NULL
2056,"Namkum","India","Jharkhand","2020-04-07 16:40:36.683+00","2020-04-07 16:40:36.683+00",NULL,NULL
2057,"Mandar","India","Jharkhand","2020-04-07 16:40:36.665+00","2020-04-07 16:40:36.665+00",NULL,NULL
2058,"Bundu","India","Jharkhand","2020-04-07 16:40:36.745+00","2020-04-07 16:40:36.745+00",NULL,NULL
2059,"Tamar","India","Jharkhand","2020-04-07 16:40:36.712+00","2020-04-07 16:40:36.712+00",NULL,NULL
2060,"Chitarpur","India","Jharkhand","2020-04-07 16:40:36.876+00","2020-04-07 16:40:36.876+00",NULL,NULL
2061,"Thethaitangar","India","Jharkhand","2020-04-07 16:40:36.908+00","2020-04-07 16:40:36.908+00",NULL,NULL
2062,"Hazaribag","India","Jharkhand","2020-04-07 16:40:45.201+00","2020-04-07 16:40:45.201+00",NULL,NULL
2063,"Giridh","India","Jharkhand","2020-04-07 16:40:45.155+00","2020-04-07 16:40:45.155+00",NULL,NULL
2064,"Chatra","India","Jharkhand","2020-04-07 16:40:45.227+00","2020-04-07 16:40:45.227+00",NULL,NULL
2065,"Pakur","India","Jharkhand","2020-04-07 16:40:45.272+00","2020-04-07 16:40:45.272+00",NULL,NULL
2066,"Patan","India","Jharkhand","2020-04-07 16:40:45.756+00","2020-04-07 16:40:45.756+00",NULL,NULL
2067,"Chandwara","India","Jharkhand","2020-04-07 16:40:46.002+00","2020-04-07 16:40:46.002+00",NULL,NULL
2068,"Patratu","India","Jharkhand","2020-04-07 16:40:46.282+00","2020-04-07 16:40:46.282+00",NULL,NULL
2069,"Katkamsandi","India","Jharkhand","2020-04-07 16:40:46.302+00","2020-04-07 16:40:46.302+00",NULL,NULL
2070,"Chas","India","Jharkhand","2020-04-07 16:40:46.342+00","2020-04-07 16:40:46.342+00",NULL,NULL
2071,"Pathergama","India","Jharkhand","2020-04-07 16:40:46.456+00","2020-04-07 16:40:46.456+00",NULL,NULL
2072,"Borio","India","Jharkhand","2020-04-07 16:40:46.531+00","2020-04-07 16:40:46.531+00",NULL,NULL
2073,"Maheshpur","India","Jharkhand","2020-04-07 16:40:46.55+00","2020-04-07 16:40:46.55+00",NULL,NULL
2074,"Chanho","India","Jharkhand","2020-04-07 16:40:46.594+00","2020-04-07 16:40:46.594+00",NULL,NULL
2075,"Lapung","India","Jharkhand","2020-04-07 16:40:47.058+00","2020-04-07 16:40:47.058+00",NULL,NULL
2076,"Bermo","India","Jharkhand","2020-04-07 16:40:47.359+00","2020-04-07 16:40:47.359+00",NULL,NULL
2077,"Bagodar","India","Jharkhand","2020-04-07 16:40:47.683+00","2020-04-07 16:40:47.683+00",NULL,NULL
2078,"Barhi","India","Jharkhand","2020-04-07 16:40:47.832+00","2020-04-07 16:40:47.832+00",NULL,NULL
2079,"Barkagaon","India","Jharkhand","2020-04-07 16:40:47.85+00","2020-04-07 16:40:47.85+00",NULL,NULL
2080,"Barkatha","India","Jharkhand","2020-04-07 16:40:47.868+00","2020-04-07 16:40:47.868+00",NULL,NULL
2081,"Bishungarh","India","Jharkhand","2020-04-07 16:40:47.943+00","2020-04-07 16:40:47.943+00",NULL,NULL
2082,"Churchu","India","Jharkhand","2020-04-07 16:40:47.986+00","2020-04-07 16:40:47.986+00",NULL,NULL
2083,"Mandu","India","Jharkhand","2020-04-07 16:40:48.082+00","2020-04-07 16:40:48.082+00",NULL,NULL
2084,"Kodarma","India","Jharkhand","2020-04-07 16:40:48.057+00","2020-04-07 16:40:48.057+00",NULL,NULL
2085,"Ichak","India","Jharkhand","2020-04-07 16:40:48.1+00","2020-04-07 16:40:48.1+00",NULL,NULL
2086,"Itkhori","India","Jharkhand","2020-04-07 16:40:48.118+00","2020-04-07 16:40:48.118+00",NULL,NULL
2087,"Jainagar","India","Jharkhand","2020-04-07 16:40:48.137+00","2020-04-07 16:40:48.137+00",NULL,NULL
2088,"Bishnugarh","India","Jharkhand","2020-04-07 16:40:48.219+00","2020-04-07 16:40:48.219+00",NULL,NULL
2089,"Tandwa","India","Jharkhand","2020-04-07 16:40:48.324+00","2020-04-07 16:40:48.324+00",NULL,NULL
2090,"Markacho","India","Jharkhand","2020-04-07 16:40:48.24+00","2020-04-07 16:40:48.24+00",NULL,NULL
2091,"Padma","India","Jharkhand","2020-04-07 16:40:48.263+00","2020-04-07 16:40:48.263+00",NULL,NULL
2092,"Churchu","India","Jharkhand","2020-04-07 16:40:48.557+00","2020-04-07 16:40:48.557+00",NULL,NULL
2093,"Simaria","India","Jharkhand","2020-04-07 16:40:49.14+00","2020-04-07 16:40:49.14+00",NULL,NULL
2094,"Gola","India","Jharkhand","2020-04-07 16:40:49.171+00","2020-04-07 16:40:49.171+00",NULL,NULL
2095,"Silli","India","Jharkhand","2020-04-07 16:40:49.76+00","2020-04-07 16:40:49.76+00",NULL,NULL
2096,"Bharno","India","Jharkhand","2020-04-07 16:40:49.952+00","2020-04-07 16:40:49.952+00",NULL,NULL
2097,"Bishunpur","India","Jharkhand","2020-04-07 16:40:49.979+00","2020-04-07 16:40:49.979+00",NULL,NULL
2098,"Simdega","India","Jharkhand","2020-04-07 16:40:50.113+00","2020-04-07 16:40:50.113+00",NULL,NULL
2099,"Toto","India","Jharkhand","2020-04-07 16:40:50.072+00","2020-04-07 16:40:50.072+00",NULL,NULL
2100,"Noadih","India","Jharkhand","2020-04-07 16:40:50.052+00","2020-04-07 16:40:50.052+00",NULL,NULL
2101,"Chainpur","India","Jharkhand","2020-04-07 16:40:50.002+00","2020-04-07 16:40:50.002+00",NULL,NULL
2102,"Bano","India","Jharkhand","2020-04-07 16:40:50.142+00","2020-04-07 16:40:50.142+00",NULL,NULL
2103,"Kurdeg","India","Jharkhand","2020-04-07 16:40:50.17+00","2020-04-07 16:40:50.17+00",NULL,NULL
2104,"Taljhari","India","Jharkhand","2020-04-07 16:40:50.184+00","2020-04-07 16:40:50.184+00",NULL,NULL
2105,"Mohanpur","India","Jharkhand","2020-04-07 16:40:50.211+00","2020-04-07 16:40:50.211+00",NULL,NULL
2106,"Pakuria","India","Jharkhand","2020-04-07 16:40:50.308+00","2020-04-07 16:40:50.308+00",NULL,NULL
2107,"Kundahit","India","Jharkhand","2020-04-07 16:40:50.273+00","2020-04-07 16:40:50.273+00",NULL,NULL
2108,"Jarmundi","India","Jharkhand","2020-04-07 16:40:50.228+00","2020-04-07 16:40:50.228+00",NULL,NULL
2109,"Saraiyahat","India","Jharkhand","2020-04-07 16:40:50.327+00","2020-04-07 16:40:50.327+00",NULL,NULL
2110,"Godda","India","Jharkhand","2020-04-07 16:40:50.554+00","2020-04-07 16:40:50.554+00",NULL,NULL
2111,"Meharma","India","Jharkhand","2020-04-07 16:40:50.819+00","2020-04-07 16:40:50.819+00",NULL,NULL
2112,"Kathikund","India","Jharkhand","2020-04-07 16:40:50.838+00","2020-04-07 16:40:50.838+00",NULL,NULL
2113,"Amrapara","India","Jharkhand","2020-04-07 16:40:50.869+00","2020-04-07 16:40:50.869+00",NULL,NULL
2114,"Mahgama","India","Jharkhand","2020-04-07 16:40:50.888+00","2020-04-07 16:40:50.888+00",NULL,NULL
2115,"Rajmahal","India","Jharkhand","2020-04-07 16:40:50.911+00","2020-04-07 16:40:50.911+00",NULL,NULL
2116,"Barharwa","India","Jharkhand","2020-04-07 16:40:50.929+00","2020-04-07 16:40:50.929+00",NULL,NULL
2117,"Sarath","India","Jharkhand","2020-04-07 16:40:50.952+00","2020-04-07 16:40:50.952+00",NULL,NULL
2118,"Barhait","India","Jharkhand","2020-04-07 16:40:50.987+00","2020-04-07 16:40:50.987+00",NULL,NULL
2119,"Doghar","India","Jharkhand","2020-04-07 16:40:51.359+00","2020-04-07 16:40:51.359+00",NULL,NULL
2120,"Boarijore","India","Jharkhand","2020-04-07 16:40:51.383+00","2020-04-07 16:40:51.383+00",NULL,NULL
2121,"Pathna","India","Jharkhand","2020-04-07 16:40:51.283+00","2020-04-07 16:40:51.283+00",NULL,NULL
2122,"Poraiyahat","India","Jharkhand","2020-04-07 16:40:51.421+00","2020-04-07 16:40:51.421+00",NULL,NULL
2123,"Sarwan","India","Jharkhand","2020-04-07 16:40:51.47+00","2020-04-07 16:40:51.47+00",NULL,NULL
2124,"Shikaripara","India","Jharkhand","2020-04-07 16:40:51.496+00","2020-04-07 16:40:51.496+00",NULL,NULL
2125,"Palojori","India","Jharkhand","2020-04-07 16:40:51.541+00","2020-04-07 16:40:51.541+00",NULL,NULL
2126,"Balumath","India","Jharkhand","2020-04-07 16:40:51.565+00","2020-04-07 16:40:51.565+00",NULL,NULL
2127,"Barwadih","India","Jharkhand","2020-04-07 16:40:51.586+00","2020-04-07 16:40:51.586+00",NULL,NULL
2128,"Chandwa","India","Jharkhand","2020-04-07 16:40:51.658+00","2020-04-07 16:40:51.658+00",NULL,NULL
2129,"Bachra","India","Jharkhand","2020-04-07 16:40:51.629+00","2020-04-07 16:40:51.629+00",NULL,NULL
2130,"Chhatarpur","India","Jharkhand","2020-04-07 16:40:51.679+00","2020-04-07 16:40:51.679+00",NULL,NULL
2131,"Latehar","India","Jharkhand","2020-04-07 16:40:51.713+00","2020-04-07 16:40:51.713+00",NULL,NULL
2132,"Daltonganj","India","Jharkhand","2020-04-07 16:40:51.732+00","2020-04-07 16:40:51.732+00",NULL,NULL
2133,"Dakra","India","Jharkhand","2020-04-07 16:40:51.75+00","2020-04-07 16:40:51.75+00",NULL,NULL
2134,"Harihar Ganj","India","Jharkhand","2020-04-07 16:40:51.784+00","2020-04-07 16:40:51.784+00",NULL,NULL
2135,"Japla","India","Jharkhand","2020-04-07 16:40:51.803+00","2020-04-07 16:40:51.803+00",NULL,NULL
2136,"Mander","India","Jharkhand","2020-04-07 16:40:51.835+00","2020-04-07 16:40:51.835+00",NULL,NULL
2137,"Lesliganj","India","Jharkhand","2020-04-07 16:40:51.861+00","2020-04-07 16:40:51.861+00",NULL,NULL
2138,"Nagar Utari","India","Jharkhand","2020-04-07 16:40:51.89+00","2020-04-07 16:40:51.89+00",NULL,NULL
2139,"Panki","India","Jharkhand","2020-04-07 16:40:51.91+00","2020-04-07 16:40:51.91+00",NULL,NULL
2140,"Bisrampur","India","Jharkhand","2020-04-07 16:40:51.963+00","2020-04-07 16:40:51.963+00",NULL,NULL
2141,"Meral","India","Jharkhand","2020-04-07 16:40:52.032+00","2020-04-07 16:40:52.032+00",NULL,NULL
2142,"Ranka Raj","India","Jharkhand","2020-04-07 16:40:52.052+00","2020-04-07 16:40:52.052+00",NULL,NULL
2143,"Satbarwa","India","Jharkhand","2020-04-07 16:40:52.077+00","2020-04-07 16:40:52.077+00",NULL,NULL
2144,"Hubli","India","Karnataka","2020-04-07 16:41:38.557+00","2020-04-07 16:41:38.557+00",NULL,NULL
2145,"Tumkur","India","Karnataka","2020-04-07 16:41:38.567+00","2020-04-07 16:41:38.567+00",NULL,NULL
2146,"Sagar","India","Karnataka","2020-04-07 16:41:38.573+00","2020-04-07 16:41:38.573+00",NULL,NULL
2147,"Shimoga","India","Karnataka","2020-04-07 16:41:38.593+00","2020-04-07 16:41:38.593+00",NULL,NULL
2148,"Karwar","India","Karnataka","2020-04-07 16:41:38.599+00","2020-04-07 16:41:38.599+00",NULL,NULL
2149,"Hassan","India","Karnataka","2020-04-07 16:41:38.605+00","2020-04-07 16:41:38.605+00",NULL,NULL
2150,"Bangalore South","India","Karnataka","2020-04-07 16:41:38.611+00","2020-04-07 16:41:38.611+00",NULL,NULL
2151,"Sullia","India","Karnataka","2020-04-07 16:41:38.621+00","2020-04-07 16:41:38.621+00",NULL,NULL
2152,"Nanjangud","India","Karnataka","2020-04-07 16:41:38.627+00","2020-04-07 16:41:38.627+00",NULL,NULL
2153,"Belagavi","India","Karnataka","2020-04-07 16:41:38.633+00","2020-04-07 16:41:38.633+00",NULL,NULL
2154,"Belgaum","India","Karnataka","2020-04-07 16:41:38.653+00","2020-04-07 16:41:38.653+00",NULL,NULL
2155,"Bangalore North","India","Karnataka","2020-04-07 16:41:38.719+00","2020-04-07 16:41:38.719+00",NULL,NULL
2156,"Anekal","India","Karnataka","2020-04-07 16:41:38.684+00","2020-04-07 16:41:38.684+00",NULL,NULL
2157,"Bangalore South","India","Karnataka","2020-04-07 16:41:38.915+00","2020-04-07 16:41:38.915+00",NULL,NULL
2158,"Bengaluru","India","Karnataka","2020-04-07 16:41:38.792+00","2020-04-07 16:41:38.792+00",NULL,NULL
2159,"Tirthahalli","India","Karnataka","2020-04-07 16:41:39.113+00","2020-04-07 16:41:39.113+00",NULL,NULL
2160,"Bagepalli","India","Karnataka","2020-04-07 16:41:39.165+00","2020-04-07 16:41:39.165+00",NULL,NULL
2161,"Hosanagar","India","Karnataka","2020-04-07 16:41:39.133+00","2020-04-07 16:41:39.133+00",NULL,NULL
2162,"Honavar","India","Karnataka","2020-04-07 16:41:39.159+00","2020-04-07 16:41:39.159+00",NULL,NULL
2163,"Bellary","India","Karnataka","2020-04-07 16:41:39.171+00","2020-04-07 16:41:39.171+00",NULL,NULL
2164,"Harapanahalli","India","Karnataka","2020-04-07 16:41:39.181+00","2020-04-07 16:41:39.181+00",NULL,NULL
2165,"Mysore","India","Karnataka","2020-04-07 16:41:39.226+00","2020-04-07 16:41:39.226+00",NULL,NULL
2166,"Mangalore","India","Karnataka","2020-04-07 16:41:39.248+00","2020-04-07 16:41:39.248+00",NULL,NULL
2167,"Tarikere","India","Karnataka","2020-04-07 16:41:39.254+00","2020-04-07 16:41:39.254+00",NULL,NULL
2168,"Narasimharajapura","India","Karnataka","2020-04-07 16:41:39.281+00","2020-04-07 16:41:39.281+00",NULL,NULL
2169,"Hungund","India","Karnataka","2020-04-07 16:41:39.288+00","2020-04-07 16:41:39.288+00",NULL,NULL
2170,"Bantval","India","Karnataka","2020-04-07 16:41:39.307+00","2020-04-07 16:41:39.307+00",NULL,NULL
2171,"Gundlupet","India","Karnataka","2020-04-07 16:41:39.401+00","2020-04-07 16:41:39.401+00",NULL,NULL
2172,"Khanapur","India","Karnataka","2020-04-07 16:41:39.369+00","2020-04-07 16:41:39.369+00",NULL,NULL
2173,"Kollegal","India","Karnataka","2020-04-07 16:41:39.498+00","2020-04-07 16:41:39.498+00",NULL,NULL
2174,"Chamarajanagara","India","Karnataka","2020-04-07 16:41:39.433+00","2020-04-07 16:41:39.433+00",NULL,NULL
2175,"T Narasipura","India","Karnataka","2020-04-07 16:41:39.521+00","2020-04-07 16:41:39.521+00",NULL,NULL
2176,"Kollegal","India","Karnataka","2020-04-07 16:41:39.794+00","2020-04-07 16:41:39.794+00",NULL,NULL
2177,"Yelandur","India","Karnataka","2020-04-07 16:41:39.823+00","2020-04-07 16:41:39.823+00",NULL,NULL
2178,"Periyapatna","India","Karnataka","2020-04-07 16:41:40.154+00","2020-04-07 16:41:40.154+00",NULL,NULL
2179,"Hunsur","India","Karnataka","2020-04-07 16:41:40.175+00","2020-04-07 16:41:40.175+00",NULL,NULL
2180,"K R Nagar","India","Karnataka","2020-04-07 16:41:40.198+00","2020-04-07 16:41:40.198+00",NULL,NULL
2181,"Srirangapatna","India","Karnataka","2020-04-07 16:41:40.34+00","2020-04-07 16:41:40.34+00",NULL,NULL
2182,"Mandya","India","Karnataka","2020-04-07 16:41:40.32+00","2020-04-07 16:41:40.32+00",NULL,NULL
2183,"H D Kote","India","Karnataka","2020-04-07 16:41:40.228+00","2020-04-07 16:41:40.228+00",NULL,NULL
2184,"Malavalli","India","Karnataka","2020-04-07 16:41:40.37+00","2020-04-07 16:41:40.37+00",NULL,NULL
2185,"Maddur","India","Karnataka","2020-04-07 16:41:40.39+00","2020-04-07 16:41:40.39+00",NULL,NULL
2186,"K.r.pete","India","Karnataka","2020-04-07 16:41:40.579+00","2020-04-07 16:41:40.579+00",NULL,NULL
2187,"Nagamangala","India","Karnataka","2020-04-07 16:41:40.601+00","2020-04-07 16:41:40.601+00",NULL,NULL
2188,"Shrirangapattana","India","Karnataka","2020-04-07 16:41:40.682+00","2020-04-07 16:41:40.682+00",NULL,NULL
2189,"Pandavapura","India","Karnataka","2020-04-07 16:41:40.647+00","2020-04-07 16:41:40.647+00",NULL,NULL
2190,"Alur","India","Karnataka","2020-04-07 16:41:41.385+00","2020-04-07 16:41:41.385+00",NULL,NULL
2191,"Belur","India","Karnataka","2020-04-07 16:41:41.427+00","2020-04-07 16:41:41.427+00",NULL,NULL
2192,"Arkalgud","India","Karnataka","2020-04-07 16:41:41.45+00","2020-04-07 16:41:41.45+00",NULL,NULL
2193,"Sakleshpur","India","Karnataka","2020-04-07 16:41:41.677+00","2020-04-07 16:41:41.677+00",NULL,NULL
2194,"Arakalagud","India","Karnataka","2020-04-07 16:41:41.834+00","2020-04-07 16:41:41.834+00",NULL,NULL
2195,"Holenarsipur","India","Karnataka","2020-04-07 16:41:41.755+00","2020-04-07 16:41:41.755+00",NULL,NULL
2196,"Arsikere","India","Karnataka","2020-04-07 16:41:41.915+00","2020-04-07 16:41:41.915+00",NULL,NULL
2197,"Channarayapatna","India","Karnataka","2020-04-07 16:41:41.94+00","2020-04-07 16:41:41.94+00",NULL,NULL
2198,"Dharwad","India","Karnataka","2020-04-07 16:41:42.053+00","2020-04-07 16:41:42.053+00",NULL,NULL
2199,"Kalgahtagi","India","Karnataka","2020-04-07 16:41:42.195+00","2020-04-07 16:41:42.195+00",NULL,NULL
2200,"Kalghatgi","India","Karnataka","2020-04-07 16:41:42.227+00","2020-04-07 16:41:42.227+00",NULL,NULL
2201,"Kalghatagi","India","Karnataka","2020-04-07 16:41:42.253+00","2020-04-07 16:41:42.253+00",NULL,NULL
2202,"Kundgol","India","Karnataka","2020-04-07 16:41:42.316+00","2020-04-07 16:41:42.316+00",NULL,NULL
2203,"Badami","India","Karnataka","2020-04-07 16:41:42.46+00","2020-04-07 16:41:42.46+00",NULL,NULL
2204,"Navalgund","India","Karnataka","2020-04-07 16:41:42.272+00","2020-04-07 16:41:42.272+00",NULL,NULL
2205,"Bagalkot","India","Karnataka","2020-04-07 16:41:42.495+00","2020-04-07 16:41:42.495+00",NULL,NULL
2206,"Hungund Taluk","India","Karnataka","2020-04-07 16:41:42.556+00","2020-04-07 16:41:42.556+00",NULL,NULL
2207,"Jamkhandi","India","Karnataka","2020-04-07 16:41:42.674+00","2020-04-07 16:41:42.674+00",NULL,NULL
2208,"Mudhol","India","Karnataka","2020-04-07 16:41:42.765+00","2020-04-07 16:41:42.765+00",NULL,NULL
2209,"Bilgi","India","Karnataka","2020-04-07 16:41:42.78+00","2020-04-07 16:41:42.78+00",NULL,NULL
2210,"Sampgaon","India","Karnataka","2020-04-07 16:41:43.208+00","2020-04-07 16:41:43.208+00",NULL,NULL
2211,"Bailhongal","India","Karnataka","2020-04-07 16:41:43.238+00","2020-04-07 16:41:43.238+00",NULL,NULL
2212,"Saundatti","India","Karnataka","2020-04-07 16:41:43.271+00","2020-04-07 16:41:43.271+00",NULL,NULL
2213,"Parasgad","India","Karnataka","2020-04-07 16:41:43.336+00","2020-04-07 16:41:43.336+00",NULL,NULL
2214,"Ramdurg","India","Karnataka","2020-04-07 16:41:43.364+00","2020-04-07 16:41:43.364+00",NULL,NULL
2215,"Sandur","India","Karnataka","2020-04-07 16:41:44.745+00","2020-04-07 16:41:44.745+00",NULL,NULL
2216,"Siruguppa","India","Karnataka","2020-04-07 16:41:44.815+00","2020-04-07 16:41:44.815+00",NULL,NULL
2217,"Kudligi","India","Karnataka","2020-04-07 16:41:44.792+00","2020-04-07 16:41:44.792+00",NULL,NULL
2218,"Hospet","India","Karnataka","2020-04-07 16:41:44.937+00","2020-04-07 16:41:44.937+00",NULL,NULL
2219,"Hagaribommanahalli","India","Karnataka","2020-04-07 16:41:44.97+00","2020-04-07 16:41:44.97+00",NULL,NULL
2220,"Hb Halli","India","Karnataka","2020-04-07 16:41:45.007+00","2020-04-07 16:41:45.007+00",NULL,NULL
2221,"Hadagalli","India","Karnataka","2020-04-07 16:41:45.139+00","2020-04-07 16:41:45.139+00",NULL,NULL
2222,"Huvinahadagali","India","Karnataka","2020-04-07 16:41:45.056+00","2020-04-07 16:41:45.056+00",NULL,NULL
2223,"Huvinagadagali","India","Karnataka","2020-04-07 16:41:45.365+00","2020-04-07 16:41:45.365+00",NULL,NULL
2224,"Aurad (b)","India","Karnataka","2020-04-07 16:41:45.42+00","2020-04-07 16:41:45.42+00",NULL,NULL
2225,"Basavakalyan","India","Karnataka","2020-04-07 16:41:45.444+00","2020-04-07 16:41:45.444+00",NULL,NULL
2226,"Bidar","India","Karnataka","2020-04-07 16:41:45.497+00","2020-04-07 16:41:45.497+00",NULL,NULL
2227,"Bhalki","India","Karnataka","2020-04-07 16:41:45.469+00","2020-04-07 16:41:45.469+00",NULL,NULL
2228,"Homnabad","India","Karnataka","2020-04-07 16:41:45.539+00","2020-04-07 16:41:45.539+00",NULL,NULL
2229,"Humnabad","India","Karnataka","2020-04-07 16:41:45.765+00","2020-04-07 16:41:45.765+00",NULL,NULL
2230,"Basavana Bagevadi","India","Karnataka","2020-04-07 16:41:45.886+00","2020-04-07 16:41:45.886+00",NULL,NULL
2231,"Bijapur","India","Karnataka","2020-04-07 16:41:45.909+00","2020-04-07 16:41:45.909+00",NULL,NULL
2232,"Muddebihal","India","Karnataka","2020-04-07 16:41:45.995+00","2020-04-07 16:41:45.995+00",NULL,NULL
2233,"B.bagewadi","India","Karnataka","2020-04-07 16:41:46.037+00","2020-04-07 16:41:46.037+00",NULL,NULL
2234,"Indi","India","Karnataka","2020-04-07 16:41:46.544+00","2020-04-07 16:41:46.544+00",NULL,NULL
2235,"Sindgi","India","Karnataka","2020-04-07 16:41:46.565+00","2020-04-07 16:41:46.565+00",NULL,NULL
2236,"Channapatna","India","Karnataka","2020-04-07 16:41:46.67+00","2020-04-07 16:41:46.67+00",NULL,NULL
2237,"Banglorenorth","India","Karnataka","2020-04-07 16:41:46.657+00","2020-04-07 16:41:46.657+00",NULL,NULL
2238,"Ramanagara","India","Karnataka","2020-04-07 16:41:46.693+00","2020-04-07 16:41:46.693+00",NULL,NULL
2239,"Devanahalli","India","Karnataka","2020-04-07 16:41:46.72+00","2020-04-07 16:41:46.72+00",NULL,NULL
2240,"Nelamangala","India","Karnataka","2020-04-07 16:41:46.74+00","2020-04-07 16:41:46.74+00",NULL,NULL
2241,"Doddaballapura","India","Karnataka","2020-04-07 16:41:46.764+00","2020-04-07 16:41:46.764+00",NULL,NULL
2242,"Kanakapura","India","Karnataka","2020-04-07 16:41:46.819+00","2020-04-07 16:41:46.819+00",NULL,NULL
2243,"Hosakote","India","Karnataka","2020-04-07 16:41:46.844+00","2020-04-07 16:41:46.844+00",NULL,NULL
2244,"Magadi","India","Karnataka","2020-04-07 16:41:46.904+00","2020-04-07 16:41:46.904+00",NULL,NULL
2245,"Magadi","India","Karnataka","2020-04-07 16:41:46.881+00","2020-04-07 16:41:46.881+00",NULL,NULL
2246,"Dodballapura","India","Karnataka","2020-04-07 16:41:46.931+00","2020-04-07 16:41:46.931+00",NULL,NULL
2247,"Kanakapaura","India","Karnataka","2020-04-07 16:41:46.989+00","2020-04-07 16:41:46.989+00",NULL,NULL
2248,"Hoskote","India","Karnataka","2020-04-07 16:41:46.95+00","2020-04-07 16:41:46.95+00",NULL,NULL
2249,"Bangaloresouth","India","Karnataka","2020-04-07 16:41:47.025+00","2020-04-07 16:41:47.025+00",NULL,NULL
2250,"Chikmagalur","India","Karnataka","2020-04-07 16:41:47.106+00","2020-04-07 16:41:47.106+00",NULL,NULL
2251,"Mudigere","India","Karnataka","2020-04-07 16:41:47.127+00","2020-04-07 16:41:47.127+00",NULL,NULL
2252,"Kadur","India","Karnataka","2020-04-07 16:41:47.148+00","2020-04-07 16:41:47.148+00",NULL,NULL
2253,"Koppa","India","Karnataka","2020-04-07 16:41:47.31+00","2020-04-07 16:41:47.31+00",NULL,NULL
2254,"Sringeri","India","Karnataka","2020-04-07 16:41:47.593+00","2020-04-07 16:41:47.593+00",NULL,NULL
2255,"Athani","India","Karnataka","2020-04-07 16:41:47.622+00","2020-04-07 16:41:47.622+00",NULL,NULL
2256,"Chikodi","India","Karnataka","2020-04-07 16:41:47.762+00","2020-04-07 16:41:47.762+00",NULL,NULL
2257,"Hukeri","India","Karnataka","2020-04-07 16:41:47.997+00","2020-04-07 16:41:47.997+00",NULL,NULL
2258,"Gokak","India","Karnataka","2020-04-07 16:41:47.972+00","2020-04-07 16:41:47.972+00",NULL,NULL
2259,"Raibag","India","Karnataka","2020-04-07 16:41:47.656+00","2020-04-07 16:41:47.656+00",NULL,NULL
2260,"Hangal","India","Karnataka","2020-04-07 16:41:48.161+00","2020-04-07 16:41:48.161+00",NULL,NULL
2261,"Haveri","India","Karnataka","2020-04-07 16:41:48.19+00","2020-04-07 16:41:48.19+00",NULL,NULL
2262,"Shiggaon","India","Karnataka","2020-04-07 16:41:48.25+00","2020-04-07 16:41:48.25+00",NULL,NULL
2263,"Byadgi","India","Karnataka","2020-04-07 16:41:48.274+00","2020-04-07 16:41:48.274+00",NULL,NULL
2264,"Ranebennur","India","Karnataka","2020-04-07 16:41:48.297+00","2020-04-07 16:41:48.297+00",NULL,NULL
2265,"Hirekerur","India","Karnataka","2020-04-07 16:41:48.569+00","2020-04-07 16:41:48.569+00",NULL,NULL
2266,"Ranibennur","India","Karnataka","2020-04-07 16:41:48.686+00","2020-04-07 16:41:48.686+00",NULL,NULL
2267,"Kumta","India","Karnataka","2020-04-07 16:41:48.813+00","2020-04-07 16:41:48.813+00",NULL,NULL
2268,"Ankola","India","Karnataka","2020-04-07 16:41:48.766+00","2020-04-07 16:41:48.766+00",NULL,NULL
2269,"Savanur","India","Karnataka","2020-04-07 16:41:48.621+00","2020-04-07 16:41:48.621+00",NULL,NULL
2270,"Uttara Kannada","India","Karnataka","2020-04-07 16:41:48.854+00","2020-04-07 16:41:48.854+00",NULL,NULL
2271,"Bhatkal","India","Karnataka","2020-04-07 16:41:48.944+00","2020-04-07 16:41:48.944+00",NULL,NULL
2272,"Virajpet","India","Karnataka","2020-04-07 16:41:49.285+00","2020-04-07 16:41:49.285+00",NULL,NULL
2273,"Madikeri","India","Karnataka","2020-04-07 16:41:49.318+00","2020-04-07 16:41:49.318+00",NULL,NULL
2274,"Somvarpet","India","Karnataka","2020-04-07 16:41:49.34+00","2020-04-07 16:41:49.34+00",NULL,NULL
2275,"Bangarapet","India","Karnataka","2020-04-07 16:41:49.482+00","2020-04-07 16:41:49.482+00",NULL,NULL
2276,"Kolar","India","Karnataka","2020-04-07 16:41:49.82+00","2020-04-07 16:41:49.82+00",NULL,NULL
2277,"Chintamani","India","Karnataka","2020-04-07 16:41:49.511+00","2020-04-07 16:41:49.511+00",NULL,NULL
2278,"Somwarpet","India","Karnataka","2020-04-07 16:41:49.376+00","2020-04-07 16:41:49.376+00",NULL,NULL
2279,"Bangarpet","India","Karnataka","2020-04-07 16:41:49.459+00","2020-04-07 16:41:49.459+00",NULL,NULL
2280,"Srinivaspur","India","Karnataka","2020-04-07 16:41:49.906+00","2020-04-07 16:41:49.906+00",NULL,NULL
2281,"Mulbagal","India","Karnataka","2020-04-07 16:41:49.848+00","2020-04-07 16:41:49.848+00",NULL,NULL
2282,"Malur","India","Karnataka","2020-04-07 16:41:50.146+00","2020-04-07 16:41:50.146+00",NULL,NULL
2283,"Srinivasapura","India","Karnataka","2020-04-07 16:41:50.244+00","2020-04-07 16:41:50.245+00",NULL,NULL
2284,"Chickballapur","India","Karnataka","2020-04-07 16:41:50.265+00","2020-04-07 16:41:50.265+00",NULL,NULL
2285,"Chickballapur","India","Karnataka","2020-04-07 16:41:50.28+00","2020-04-07 16:41:50.28+00",NULL,NULL
2286,"Gauribidanur","India","Karnataka","2020-04-07 16:41:50.299+00","2020-04-07 16:41:50.299+00",NULL,NULL
2287,"Gudibanda","India","Karnataka","2020-04-07 16:41:50.346+00","2020-04-07 16:41:50.346+00",NULL,NULL
2288,"Gauribidanur","India","Karnataka","2020-04-07 16:41:50.323+00","2020-04-07 16:41:50.323+00",NULL,NULL
2289,"Sidlaghatta","India","Karnataka","2020-04-07 16:41:50.409+00","2020-04-07 16:41:50.409+00",NULL,NULL
2290,"Chik Ballapur","India","Karnataka","2020-04-07 16:41:50.389+00","2020-04-07 16:41:50.389+00",NULL,NULL
2291,"Karkala","India","Karnataka","2020-04-07 16:41:50.504+00","2020-04-07 16:41:50.504+00",NULL,NULL
2292,"Dakshina Kannada","India","Karnataka","2020-04-07 16:41:50.55+00","2020-04-07 16:41:50.55+00",NULL,NULL
2293,"Bantwal","India","Karnataka","2020-04-07 16:41:50.701+00","2020-04-07 16:41:50.701+00",NULL,NULL
2294,"Belthangady","India","Karnataka","2020-04-07 16:41:50.859+00","2020-04-07 16:41:50.859+00",NULL,NULL
2295,"Puttur","India","Karnataka","2020-04-07 16:41:50.827+00","2020-04-07 16:41:50.827+00",NULL,NULL
2296,"Beltangadi","India","Karnataka","2020-04-07 16:41:50.89+00","2020-04-07 16:41:50.89+00",NULL,NULL
2297,"Sindhanur","India","Karnataka","2020-04-07 16:41:51.375+00","2020-04-07 16:41:51.375+00",NULL,NULL
2298,"Sulya","India","Karnataka","2020-04-07 16:41:51.355+00","2020-04-07 16:41:51.355+00",NULL,NULL
2299,"Deodurga","India","Karnataka","2020-04-07 16:41:51.386+00","2020-04-07 16:41:51.386+00",NULL,NULL
2300,"Karkal","India","Karnataka","2020-04-07 16:41:51.028+00","2020-04-07 16:41:51.028+00",NULL,NULL
2301,"Raichur","India","Karnataka","2020-04-07 16:41:51.408+00","2020-04-07 16:41:51.408+00",NULL,NULL
2302,"Lingasugur","India","Karnataka","2020-04-07 16:41:51.42+00","2020-04-07 16:41:51.42+00",NULL,NULL
2303,"Channagiri","India","Karnataka","2020-04-07 16:41:51.851+00","2020-04-07 16:41:51.851+00",NULL,NULL
2304,"Manvi","India","Karnataka","2020-04-07 16:41:51.699+00","2020-04-07 16:41:51.699+00",NULL,NULL
2305,"Lingsugur","India","Karnataka","2020-04-07 16:41:51.443+00","2020-04-07 16:41:51.443+00",NULL,NULL
2306,"Thirthahalli","India","Karnataka","2020-04-07 16:41:51.871+00","2020-04-07 16:41:51.871+00",NULL,NULL
2307,"Honnali","India","Karnataka","2020-04-07 16:41:51.892+00","2020-04-07 16:41:51.892+00",NULL,NULL
2308,"Hosanagara","India","Karnataka","2020-04-07 16:41:51.959+00","2020-04-07 16:41:51.959+00",NULL,NULL
2309,"Shikarpur","India","Karnataka","2020-04-07 16:41:51.92+00","2020-04-07 16:41:51.92+00",NULL,NULL
2310,"Sorab","India","Karnataka","2020-04-07 16:41:52.308+00","2020-04-07 16:41:52.308+00",NULL,NULL
2311,"Bhadravathi","India","Karnataka","2020-04-07 16:41:52.417+00","2020-04-07 16:41:52.417+00",NULL,NULL
2312,"Bhadravati","India","Karnataka","2020-04-07 16:41:52.437+00","2020-04-07 16:41:52.437+00",NULL,NULL
2313,"Sirsi","India","Karnataka","2020-04-07 16:41:53.447+00","2020-04-07 16:41:53.447+00",NULL,NULL
2314,"Haliyal","India","Karnataka","2020-04-07 16:41:53.42+00","2020-04-07 16:41:53.42+00",NULL,NULL
2315,"Bangalore North","India","Karnataka","2020-04-07 16:41:52.737+00","2020-04-07 16:41:52.737+00",NULL,NULL
2316,"Siddapur","India","Karnataka","2020-04-07 16:41:53.478+00","2020-04-07 16:41:53.478+00",NULL,NULL
2317,"Supa","India","Karnataka","2020-04-07 16:41:53.503+00","2020-04-07 16:41:53.503+00",NULL,NULL
2318,"Joida","India","Karnataka","2020-04-07 16:41:53.599+00","2020-04-07 16:41:53.599+00",NULL,NULL
2319,"Mundgod","India","Karnataka","2020-04-07 16:41:53.654+00","2020-04-07 16:41:53.654+00",NULL,NULL
2320,"Yellapur","India","Karnataka","2020-04-07 16:41:53.578+00","2020-04-07 16:41:53.578+00",NULL,NULL
2321,"Madhugiri","India","Karnataka","2020-04-07 16:41:53.774+00","2020-04-07 16:41:53.774+00",NULL,NULL
2322,"Sira","India","Karnataka","2020-04-07 16:41:53.817+00","2020-04-07 16:41:53.817+00",NULL,NULL
2323,"Gubbi","India","Karnataka","2020-04-07 16:41:54.278+00","2020-04-07 16:41:54.278+00",NULL,NULL
2324,"Pavagada","India","Karnataka","2020-04-07 16:41:53.843+00","2020-04-07 16:41:53.843+00",NULL,NULL
2325,"Koratagere","India","Karnataka","2020-04-07 16:41:53.867+00","2020-04-07 16:41:53.867+00",NULL,NULL
2326,"Kunigal","India","Karnataka","2020-04-07 16:41:54.303+00","2020-04-07 16:41:54.303+00",NULL,NULL
2327,"Turuvekere","India","Karnataka","2020-04-07 16:41:54.325+00","2020-04-07 16:41:54.325+00",NULL,NULL
2328,"Chiknayakanhalli","India","Karnataka","2020-04-07 16:41:54.376+00","2020-04-07 16:41:54.376+00",NULL,NULL
2329,"Tiptur","India","Karnataka","2020-04-07 16:41:54.347+00","2020-04-07 16:41:54.347+00",NULL,NULL
2330,"Udupi","India","Karnataka","2020-04-07 16:41:54.761+00","2020-04-07 16:41:54.761+00",NULL,NULL
2331,"C N Halli","India","Karnataka","2020-04-07 16:41:54.483+00","2020-04-07 16:41:54.483+00",NULL,NULL
2332,"C.n. Halli","India","Karnataka","2020-04-07 16:41:54.436+00","2020-04-07 16:41:54.436+00",NULL,NULL
2333,"C.n.hally","India","Karnataka","2020-04-07 16:41:54.411+00","2020-04-07 16:41:54.411+00",NULL,NULL
2334,"Kundapura","India","Karnataka","2020-04-07 16:41:54.897+00","2020-04-07 16:41:54.897+00",NULL,NULL
2335,"Kundpaura","India","Karnataka","2020-04-07 16:41:54.971+00","2020-04-07 16:41:54.971+00",NULL,NULL
2336,"Hiriyur","India","Karnataka","2020-04-07 16:41:55.232+00","2020-04-07 16:41:55.232+00",NULL,NULL
2337,"Davanagere","India","Karnataka","2020-04-07 16:41:55.257+00","2020-04-07 16:41:55.257+00",NULL,NULL
2338,"Hasadurga","India","Karnataka","2020-04-07 16:41:55.298+00","2020-04-07 16:41:55.298+00",NULL,NULL
2339,"Hosadurga","India","Karnataka","2020-04-07 16:41:55.278+00","2020-04-07 16:41:55.278+00",NULL,NULL
2340,"Holalkere","India","Karnataka","2020-04-07 16:41:55.638+00","2020-04-07 16:41:55.638+00",NULL,NULL
2341,"Challakere","India","Karnataka","2020-04-07 16:41:55.561+00","2020-04-07 16:41:55.561+00",NULL,NULL
2342,"Chitradurga","India","Karnataka","2020-04-07 16:41:55.318+00","2020-04-07 16:41:55.318+00",NULL,NULL
2343,"Molakalmuru","India","Karnataka","2020-04-07 16:41:55.672+00","2020-04-07 16:41:55.672+00",NULL,NULL
2344,"Davanangere","India","Karnataka","2020-04-07 16:41:55.809+00","2020-04-07 16:41:55.809+00",NULL,NULL
2345,"Jagalur","India","Karnataka","2020-04-07 16:41:55.852+00","2020-04-07 16:41:55.852+00",NULL,NULL
2346,"Harihara","India","Karnataka","2020-04-07 16:41:55.881+00","2020-04-07 16:41:55.881+00",NULL,NULL
2347,"Shiratti","India","Karnataka","2020-04-07 16:41:56.064+00","2020-04-07 16:41:56.064+00",NULL,NULL
2348,"Ron","India","Karnataka","2020-04-07 16:41:56.086+00","2020-04-07 16:41:56.086+00",NULL,NULL
2349,"Gadag","India","Karnataka","2020-04-07 16:41:56.044+00","2020-04-07 16:41:56.044+00",NULL,NULL
2350,"Mundargi","India","Karnataka","2020-04-07 16:41:56.106+00","2020-04-07 16:41:56.106+00",NULL,NULL
2351,"Nargund","India","Karnataka","2020-04-07 16:41:56.176+00","2020-04-07 16:41:56.176+00",NULL,NULL
2352,"Shirhatti","India","Karnataka","2020-04-07 16:41:56.239+00","2020-04-07 16:41:56.239+00",NULL,NULL
2353,"Koppal","India","Karnataka","2020-04-07 16:41:56.255+00","2020-04-07 16:41:56.255+00",NULL,NULL
2354,"Yelburga","India","Karnataka","2020-04-07 16:41:56.275+00","2020-04-07 16:41:56.275+00",NULL,NULL
2355,"Gangavati","India","Karnataka","2020-04-07 16:41:56.537+00","2020-04-07 16:41:56.537+00",NULL,NULL
2356,"Kushtagi","India","Karnataka","2020-04-07 16:41:56.506+00","2020-04-07 16:41:56.506+00",NULL,NULL
2357,"Shahpur","India","Karnataka","2020-04-07 16:41:56.797+00","2020-04-07 16:41:56.797+00",NULL,NULL
2358,"Gangavthi","India","Karnataka","2020-04-07 16:41:56.722+00","2020-04-07 16:41:56.722+00",NULL,NULL
2359,"Gangavathi","India","Karnataka","2020-04-07 16:41:56.697+00","2020-04-07 16:41:56.697+00",NULL,NULL
2360,"Shorapur","India","Karnataka","2020-04-07 16:41:56.818+00","2020-04-07 16:41:56.818+00",NULL,NULL
2361,"Chittapur","India","Karnataka","2020-04-07 16:41:56.824+00","2020-04-07 16:41:56.824+00",NULL,NULL
2362,"Yadgiri","India","Karnataka","2020-04-07 16:41:56.848+00","2020-04-07 16:41:56.848+00",NULL,NULL
2363,"Sedam","India","Karnataka","2020-04-07 16:41:56.89+00","2020-04-07 16:41:56.89+00",NULL,NULL
2364,"Shahapur","India","Karnataka","2020-04-07 16:41:56.934+00","2020-04-07 16:41:56.934+00",NULL,NULL
2365,"Yadgir","India","Karnataka","2020-04-07 16:41:57.053+00","2020-04-07 16:41:57.053+00",NULL,NULL
2366,"Afjalpur","India","Karnataka","2020-04-07 16:41:57.084+00","2020-04-07 16:41:57.084+00",NULL,NULL
2367,"Chincholi","India","Karnataka","2020-04-07 16:41:57.17+00","2020-04-07 16:41:57.17+00",NULL,NULL
2368,"Jewargi","India","Karnataka","2020-04-07 16:41:57.149+00","2020-04-07 16:41:57.149+00",NULL,NULL
2369,"Aland","India","Karnataka","2020-04-07 16:41:57.12+00","2020-04-07 16:41:57.12+00",NULL,NULL
2370,"Gulbarga","India","Karnataka","2020-04-07 16:41:57.204+00","2020-04-07 16:41:57.204+00",NULL,NULL
2371,"Chitapur","India","Karnataka","2020-04-07 16:41:57.359+00","2020-04-07 16:41:57.359+00",NULL,NULL
2372,"Alund","India","Karnataka","2020-04-07 16:41:57.419+00","2020-04-07 16:41:57.419+00",NULL,NULL
2373,"Kalaburagi","India","Karnataka","2020-04-07 16:41:57.448+00","2020-04-07 16:41:57.448+00",NULL,NULL
2374,"Mysuru","India","Karnataka","2020-04-07 16:41:57.85+00","2020-04-07 16:41:57.85+00",NULL,NULL
2375,"Doddabllapur","India","Karnataka","2020-04-07 16:41:59.305+00","2020-04-07 16:41:59.305+00",NULL,NULL
2376,"Shiggoan","India","Karnataka","2020-04-07 16:41:59.347+00","2020-04-07 16:41:59.347+00",NULL,NULL
2377,"Hosakote","India","Karnataka","2020-04-07 16:41:57.87+00","2020-04-07 16:41:57.87+00",NULL,NULL
2378,"Bangalore","India","Karnataka","2020-04-07 16:41:58.749+00","2020-04-07 16:41:58.749+00",NULL,NULL
2379,"Davangere","India","Karnataka","2020-04-07 16:41:58.022+00","2020-04-07 16:41:58.022+00",NULL,NULL
2380,"Hubballi","India","Karnataka","2020-04-07 16:41:59.421+00","2020-04-07 16:41:59.421+00",NULL,NULL
2381,"Devanahalli","India","Karnataka","2020-04-07 16:41:59.505+00","2020-04-07 16:41:59.505+00",NULL,NULL
2382,"Palakkad","India","Kerala","2020-04-07 16:43:06.037+00","2020-04-07 16:43:06.037+00",NULL,NULL
2383,"Taliparamba","India","Kerala","2020-04-07 16:43:06.043+00","2020-04-07 16:43:06.043+00",NULL,NULL
2384,"Tirurangadi","India","Kerala","2020-04-07 16:43:06.049+00","2020-04-07 16:43:06.049+00",NULL,NULL
2385,"Chengannur","India","Kerala","2020-04-07 16:43:06.108+00","2020-04-07 16:43:06.108+00",NULL,NULL
2386,"Thiruvalla","India","Kerala","2020-04-07 16:43:06.101+00","2020-04-07 16:43:06.101+00",NULL,NULL
2387,"Ernad","India","Kerala","2020-04-07 16:43:06.074+00","2020-04-07 16:43:06.074+00",NULL,NULL
2388,"Tiruvalla","India","Kerala","2020-04-07 16:43:06.131+00","2020-04-07 16:43:06.131+00",NULL,NULL
2389,"Kuttanad","India","Kerala","2020-04-07 16:43:06.157+00","2020-04-07 16:43:06.157+00",NULL,NULL
2391,"Mallappally","India","Kerala","2020-04-07 16:43:06.217+00","2020-04-07 16:43:06.217+00",NULL,NULL
2392,"Thiruvananthapuram","India","Kerala","2020-04-07 16:43:06.232+00","2020-04-07 16:43:06.232+00",NULL,NULL
2393,"Mannarkad","India","Kerala","2020-04-07 16:43:06.265+00","2020-04-07 16:43:06.265+00",NULL,NULL
2394,"Thrissur","India","Kerala","2020-04-07 16:43:06.238+00","2020-04-07 16:43:06.238+00",NULL,NULL
2395,"Ottapalam","India","Kerala","2020-04-07 16:43:06.346+00","2020-04-07 16:43:06.346+00",NULL,NULL
2396,"Ottappalam","India","Kerala","2020-04-07 16:43:06.304+00","2020-04-07 16:43:06.304+00",NULL,NULL
2397,"Mannarkkad","India","Kerala","2020-04-07 16:43:06.375+00","2020-04-07 16:43:06.375+00",NULL,NULL
2398,"Kanayannur","India","Kerala","2020-04-07 16:43:06.586+00","2020-04-07 16:43:06.586+00",NULL,NULL
2399,"Mukundapuram","India","Kerala","2020-04-07 16:43:06.617+00","2020-04-07 16:43:06.617+00",NULL,NULL
2400,"Kochi","India","Kerala","2020-04-07 16:43:06.671+00","2020-04-07 16:43:06.671+00",NULL,NULL
2401,"Karthikapally","India","Kerala","2020-04-07 16:43:06.693+00","2020-04-07 16:43:06.693+00",NULL,NULL
2402,"Vadakara","India","Kerala","2020-04-07 16:43:06.701+00","2020-04-07 16:43:06.701+00",NULL,NULL
2403,"Kunnathunad","India","Kerala","2020-04-07 16:43:06.73+00","2020-04-07 16:43:06.73+00",NULL,NULL
2404,"Perintalmanna","India","Kerala","2020-04-07 16:43:06.756+00","2020-04-07 16:43:06.756+00",NULL,NULL
2405,"Kanayanoor","India","Kerala","2020-04-07 16:43:06.814+00","2020-04-07 16:43:06.814+00",NULL,NULL
2406,"Kanayannoor","India","Kerala","2020-04-07 16:43:06.779+00","2020-04-07 16:43:06.779+00",NULL,NULL
2407,"Udumbanchola","India","Kerala","2020-04-07 16:43:06.821+00","2020-04-07 16:43:06.821+00",NULL,NULL
2408,"Thodupuzha","India","Kerala","2020-04-07 16:43:06.841+00","2020-04-07 16:43:06.841+00",NULL,NULL
2409,"Peermade","India","Kerala","2020-04-07 16:43:06.866+00","2020-04-07 16:43:06.866+00",NULL,NULL
2410,"Devikulam","India","Kerala","2020-04-07 16:43:06.901+00","2020-04-07 16:43:06.901+00",NULL,NULL
2411,"Peerumade","India","Kerala","2020-04-07 16:43:06.926+00","2020-04-07 16:43:06.926+00",NULL,NULL
2412,"Adichanallur","India","Kerala","2020-04-07 16:43:07.454+00","2020-04-07 16:43:07.454+00",NULL,NULL
2413,"Kollam","India","Kerala","2020-04-07 16:43:07.476+00","2020-04-07 16:43:07.476+00",NULL,NULL
2414,"Karunagapally","India","Kerala","2020-04-07 16:43:08.481+00","2020-04-07 16:43:08.481+00",NULL,NULL
2415,"Karunagappally","India","Kerala","2020-04-07 16:43:08.237+00","2020-04-07 16:43:08.237+00",NULL,NULL
2416,"Kolllam","India","Kerala","2020-04-07 16:43:07.505+00","2020-04-07 16:43:07.505+00",NULL,NULL
2417,"Karthikappally","India","Kerala","2020-04-07 16:43:08.555+00","2020-04-07 16:43:08.555+00",NULL,NULL
2418,"Kottarakkara","India","Kerala","2020-04-07 16:43:08.617+00","2020-04-07 16:43:08.617+00",NULL,NULL
2419,"Kottarakara","India","Kerala","2020-04-07 16:43:08.639+00","2020-04-07 16:43:08.639+00",NULL,NULL
2420,"Kozhikode","India","Kerala","2020-04-07 16:43:08.772+00","2020-04-07 16:43:08.772+00",NULL,NULL
2421,"Sulthanbathery","India","Kerala","2020-04-07 16:43:09.013+00","2020-04-07 16:43:09.013+00",NULL,NULL
2422,"Vythiri","India","Kerala","2020-04-07 16:43:09.068+00","2020-04-07 16:43:09.068+00",NULL,NULL
2423,"Sulthan Bathery","India","Kerala","2020-04-07 16:43:09.099+00","2020-04-07 16:43:09.099+00",NULL,NULL
2424,"Trivendrum","India","Kerala","2020-04-07 16:43:09.219+00","2020-04-07 16:43:09.219+00",NULL,NULL
2425,"Sulthan Batheri","India","Kerala","2020-04-07 16:43:09.048+00","2020-04-07 16:43:09.048+00",NULL,NULL
2426,"Neyyattinkara","India","Kerala","2020-04-07 16:43:09.244+00","2020-04-07 16:43:09.244+00",NULL,NULL
2427,"Tiruvanathapuram","India","Kerala","2020-04-07 16:43:09.266+00","2020-04-07 16:43:09.266+00",NULL,NULL
2428,"Chirayinkeezhu","India","Kerala","2020-04-07 16:43:09.308+00","2020-04-07 16:43:09.308+00",NULL,NULL
2429,"Kottayam","India","Kerala","2020-04-07 16:43:09.321+00","2020-04-07 16:43:09.321+00",NULL,NULL
2430,"Vellarikundu","India","Kerala","2020-04-07 16:43:09.403+00","2020-04-07 16:43:09.403+00",NULL,NULL
2431,"Voikom","India","Kerala","2020-04-07 16:43:09.392+00","2020-04-07 16:43:09.392+00",NULL,NULL
2432,"Ambalapuzha","India","Kerala","2020-04-07 16:43:09.669+00","2020-04-07 16:43:09.669+00",NULL,NULL
2433,"Aluva","India","Kerala","2020-04-07 16:43:09.724+00","2020-04-07 16:43:09.724+00",NULL,NULL
2434,"Muvattupuzha","India","Kerala","2020-04-07 16:43:09.759+00","2020-04-07 16:43:09.759+00",NULL,NULL
2435,"Changanacherry","India","Kerala","2020-04-07 16:43:09.792+00","2020-04-07 16:43:09.792+00",NULL,NULL
2436,"Cherthala","India","Kerala","2020-04-07 16:43:09.699+00","2020-04-07 16:43:09.699+00",NULL,NULL
2437,"Kanjirappally","India","Kerala","2020-04-07 16:43:09.813+00","2020-04-07 16:43:09.813+00",NULL,NULL
2438,"Ernakulam","India","Kerala","2020-04-07 16:43:09.836+00","2020-04-07 16:43:09.836+00",NULL,NULL
2439,"Kannur","India","Kerala","2020-04-07 16:43:09.923+00","2020-04-07 16:43:09.923+00",NULL,NULL
2440,"Hosdurg","India","Kerala","2020-04-07 16:43:09.971+00","2020-04-07 16:43:09.971+00",NULL,NULL
2441,"Kasaragod","India","Kerala","2020-04-07 16:43:09.948+00","2020-04-07 16:43:09.948+00",NULL,NULL
2442,"Karunagappaly","India","Kerala","2020-04-07 16:43:10.002+00","2020-04-07 16:43:10.002+00",NULL,NULL
2443,"Mavelikara","India","Kerala","2020-04-07 16:43:10.085+00","2020-04-07 16:43:10.085+00",NULL,NULL
2444,"Alathur","India","Kerala","2020-04-07 16:43:10.121+00","2020-04-07 16:43:10.121+00",NULL,NULL
2445,"Meenachil","India","Kerala","2020-04-07 16:43:10.032+00","2020-04-07 16:43:10.032+00",NULL,NULL
2446,"Vaikom","India","Kerala","2020-04-07 16:43:10.053+00","2020-04-07 16:43:10.053+00",NULL,NULL
2447,"Adur","India","Kerala","2020-04-07 16:43:10.4+00","2020-04-07 16:43:10.4+00",NULL,NULL
2448,"Kozhencherry","India","Kerala","2020-04-07 16:43:10.361+00","2020-04-07 16:43:10.361+00",NULL,NULL
2449,"Pathanapuram","India","Kerala","2020-04-07 16:43:10.432+00","2020-04-07 16:43:10.432+00",NULL,NULL
2450,"Thalassery","India","Kerala","2020-04-07 16:43:10.509+00","2020-04-07 16:43:10.509+00",NULL,NULL
2451,"Thalapilly","India","Kerala","2020-04-07 16:43:10.577+00","2020-04-07 16:43:10.577+00",NULL,NULL
2452,"Tirur","India","Kerala","2020-04-07 16:43:10.602+00","2020-04-07 16:43:10.602+00",NULL,NULL
2453,"Ponnani","India","Kerala","2020-04-07 16:43:10.619+00","2020-04-07 16:43:10.619+00",NULL,NULL
2454,"Koyilandi","India","Kerala","2020-04-07 16:43:10.656+00","2020-04-07 16:43:10.656+00",NULL,NULL
2455,"Paravur","India","Kerala","2020-04-07 16:43:10.708+00","2020-04-07 16:43:10.708+00",NULL,NULL
2456,"Quilandy","India","Kerala","2020-04-07 16:43:11.006+00","2020-04-07 16:43:11.006+00",NULL,NULL
2457,"Mavelikkara","India","Kerala","2020-04-07 16:43:11.433+00","2020-04-07 16:43:11.433+00",NULL,NULL
2458,"Talappilly","India","Kerala","2020-04-07 16:43:13.693+00","2020-04-07 16:43:13.693+00",NULL,NULL
2459,"Kozhenchery","India","Kerala","2020-04-07 16:43:13.844+00","2020-04-07 16:43:13.844+00",NULL,NULL
2460,"Mananthavady","India","Kerala","2020-04-07 16:43:14.2+00","2020-04-07 16:43:14.2+00",NULL,NULL
2461,"Chittur","India","Kerala","2020-04-07 16:43:13.908+00","2020-04-07 16:43:13.908+00",NULL,NULL
2462,"Chavakkad","India","Kerala","2020-04-07 16:43:15.422+00","2020-04-07 16:43:15.422+00",NULL,NULL
2463,"Nilambur","India","Kerala","2020-04-07 16:43:15.442+00","2020-04-07 16:43:15.442+00",NULL,NULL
2464,"Kodungallur","India","Kerala","2020-04-07 16:43:15.592+00","2020-04-07 16:43:15.592+00",NULL,NULL
2465,"Nedumangad","India","Kerala","2020-04-07 16:43:15.636+00","2020-04-07 16:43:15.636+00",NULL,NULL
2466,"Kothamangalam","India","Kerala","2020-04-07 16:43:16.596+00","2020-04-07 16:43:16.596+00",NULL,NULL
2467,"Ponani","India","Kerala","2020-04-07 16:43:17.826+00","2020-04-07 16:43:17.826+00",NULL,NULL
2468,"Perinthalmanna","India","Kerala","2020-04-07 16:43:18.08+00","2020-04-07 16:43:18.08+00",NULL,NULL
2469,"Ambalappuzha","India","Kerala","2020-04-07 16:43:18.46+00","2020-04-07 16:43:18.46+00",NULL,NULL
2470,"Adoor","India","Kerala","2020-04-07 16:43:19.541+00","2020-04-07 16:43:19.541+00",NULL,NULL
2471,"CHALAKUDI","India","Kerala","2020-04-07 16:43:18.616+00","2020-04-07 16:43:18.616+00",NULL,NULL
2472,"Kunnathur","India","Kerala","2020-04-07 16:43:19.571+00","2020-04-07 16:43:19.571+00",NULL,NULL
2473,"Ranny","India","Kerala","2020-04-07 16:43:19.691+00","2020-04-07 16:43:19.691+00",NULL,NULL
2474,"Changanassery","India","Kerala","2020-04-07 16:43:20.129+00","2020-04-07 16:43:20.129+00",NULL,NULL
2475,"Ambalapuzh A","India","Kerala","2020-04-07 16:43:20.257+00","2020-04-07 16:43:20.257+00",NULL,NULL
2476,"Cherthla","India","Kerala","2020-04-07 16:43:20.477+00","2020-04-07 16:43:20.477+00",NULL,NULL
2477,"Ambalapuha","India","Kerala","2020-04-07 16:43:20.442+00","2020-04-07 16:43:20.442+00",NULL,NULL
2478,"Kanjirapally","India","Kerala","2020-04-07 16:43:20.9+00","2020-04-07 16:43:20.9+00",NULL,NULL
2479,"Taliaparamba","India","Kerala","2020-04-07 16:43:22.315+00","2020-04-07 16:43:22.315+00",NULL,NULL
2480,"Parur","India","Kerala","2020-04-07 16:43:21.794+00","2020-04-07 16:43:21.794+00",NULL,NULL
2481,"Kunnathunadu","India","Kerala","2020-04-07 16:43:21.536+00","2020-04-07 16:43:21.536+00",NULL,NULL
2482,"Kozhencherri","India","Kerala","2020-04-07 16:43:24.174+00","2020-04-07 16:43:24.174+00",NULL,NULL
2483,"Thalasery","India","Kerala","2020-04-07 16:43:24.503+00","2020-04-07 16:43:24.503+00",NULL,NULL
2484,"Malappuram","India","Kerala","2020-04-07 16:43:25.273+00","2020-04-07 16:43:25.273+00",NULL,NULL
2485,"Kuttanadu","India","Kerala","2020-04-07 16:43:25.683+00","2020-04-07 16:43:25.683+00",NULL,NULL
2486,"Koyilani","India","Kerala","2020-04-07 16:43:26.501+00","2020-04-07 16:43:26.501+00",NULL,NULL
2487,"Lakshadweep","India","Lakshadweep","2020-04-07 16:43:45.52+00","2020-04-07 16:43:45.52+00",NULL,NULL
2488,"Kavaratti HO","India","Lakshadweep","2020-04-07 16:43:45.448+00","2020-04-07 16:43:45.448+00",NULL,NULL
2489,"Chirayinkeezh","India","Kerala","2020-04-07 16:43:26.709+00","2020-04-07 16:43:26.709+00",NULL,NULL
2490,"Vijayraghavgarh","India","Madhya Pradesh","2020-04-07 16:43:45.552+00","2020-04-07 16:43:45.552+00",NULL,NULL
2491,"Katni","India","Madhya Pradesh","2020-04-07 16:43:45.579+00","2020-04-07 16:43:45.579+00",NULL,NULL
2492,"Sihora","India","Madhya Pradesh","2020-04-07 16:43:45.558+00","2020-04-07 16:43:45.558+00",NULL,NULL
2493,"Rithi","India","Madhya Pradesh","2020-04-07 16:43:45.6+00","2020-04-07 16:43:45.6+00",NULL,NULL
2494,"Sihora","India","Madhya Pradesh","2020-04-07 16:43:45.842+00","2020-04-07 16:43:45.842+00",NULL,NULL
2495,"Vijayraghavgarh","India","Madhya Pradesh","2020-04-07 16:43:45.891+00","2020-04-07 16:43:45.891+00",NULL,NULL
2496,"Ujjain","India","Madhya Pradesh","2020-04-07 16:43:45.9+00","2020-04-07 16:43:45.9+00",NULL,NULL
2497,"Agar Malwa","India","Madhya Pradesh","2020-04-07 16:43:46.16+00","2020-04-07 16:43:46.16+00",NULL,NULL
2498,"Moman Badodiya","India","Madhya Pradesh","2020-04-07 16:43:46.209+00","2020-04-07 16:43:46.209+00",NULL,NULL
2499,"Barode","India","Madhya Pradesh","2020-04-07 16:43:46.235+00","2020-04-07 16:43:46.235+00",NULL,NULL
2500,"Shajapur","India","Madhya Pradesh","2020-04-07 16:43:46.534+00","2020-04-07 16:43:46.534+00",NULL,NULL
2501,"Shujalpur","India","Madhya Pradesh","2020-04-07 16:43:46.546+00","2020-04-07 16:43:46.546+00",NULL,NULL
2502,"Kalapipal","India","Madhya Pradesh","2020-04-07 16:43:46.559+00","2020-04-07 16:43:46.559+00",NULL,NULL
2503,"Khokra Kalan","India","Madhya Pradesh","2020-04-07 16:43:46.575+00","2020-04-07 16:43:46.575+00",NULL,NULL
2504,"Nalkheda","India","Madhya Pradesh","2020-04-07 16:43:46.589+00","2020-04-07 16:43:46.589+00",NULL,NULL
2505,"Susner","India","Madhya Pradesh","2020-04-07 16:43:46.653+00","2020-04-07 16:43:46.653+00",NULL,NULL
2506,"Sundersi","India","Madhya Pradesh","2020-04-07 16:43:46.64+00","2020-04-07 16:43:46.64+00",NULL,NULL
2507,"Salsalai","India","Madhya Pradesh","2020-04-07 16:43:46.612+00","2020-04-07 16:43:46.612+00",NULL,NULL
2508,"Agar","India","Madhya Pradesh","2020-04-07 16:43:46.671+00","2020-04-07 16:43:46.671+00",NULL,NULL
2509,"Badnagar","India","Madhya Pradesh","2020-04-07 16:43:46.688+00","2020-04-07 16:43:46.688+00",NULL,NULL
2510,"Barnagar","India","Madhya Pradesh","2020-04-07 16:43:46.709+00","2020-04-07 16:43:46.709+00",NULL,NULL
2511,"Bhatpachlana","India","Madhya Pradesh","2020-04-07 16:43:46.727+00","2020-04-07 16:43:46.727+00",NULL,NULL
2512,"Nagda","India","Madhya Pradesh","2020-04-07 16:43:46.746+00","2020-04-07 16:43:46.746+00",NULL,NULL
2513,"Ghattia","India","Madhya Pradesh","2020-04-07 16:43:46.763+00","2020-04-07 16:43:46.763+00",NULL,NULL
2514,"Tarana","India","Madhya Pradesh","2020-04-07 16:43:46.816+00","2020-04-07 16:43:46.816+00",NULL,NULL
2515,"Jharda","India","Madhya Pradesh","2020-04-07 16:43:46.788+00","2020-04-07 16:43:46.788+00",NULL,NULL
2516,"Khachraud","India","Madhya Pradesh","2020-04-07 16:43:46.836+00","2020-04-07 16:43:46.836+00",NULL,NULL
2517,"Mehidpur","India","Madhya Pradesh","2020-04-07 16:43:46.866+00","2020-04-07 16:43:46.866+00",NULL,NULL
2518,"Runija","India","Madhya Pradesh","2020-04-07 16:43:47.125+00","2020-04-07 16:43:47.125+00",NULL,NULL
2519,"Tajpur","India","Madhya Pradesh","2020-04-07 16:43:47.48+00","2020-04-07 16:43:47.48+00",NULL,NULL
2520,"Mandsaur","India","Madhya Pradesh","2020-04-07 16:43:47.499+00","2020-04-07 16:43:47.499+00",NULL,NULL
2521,"Bhanpura","India","Madhya Pradesh","2020-04-07 16:43:47.529+00","2020-04-07 16:43:47.529+00",NULL,NULL
2522,"Garoth","India","Madhya Pradesh","2020-04-07 16:43:47.577+00","2020-04-07 16:43:47.577+00",NULL,NULL
2523,"Malhargarh","India","Madhya Pradesh","2020-04-07 16:43:47.655+00","2020-04-07 16:43:47.655+00",NULL,NULL
2524,"Jawad","India","Madhya Pradesh","2020-04-07 16:43:47.667+00","2020-04-07 16:43:47.667+00",NULL,NULL
2525,"Sitamau","India","Madhya Pradesh","2020-04-07 16:43:47.588+00","2020-04-07 16:43:47.588+00",NULL,NULL
2526,"Manasa","India","Madhya Pradesh","2020-04-07 16:43:47.716+00","2020-04-07 16:43:47.716+00",NULL,NULL
2527,"Neemuch","India","Madhya Pradesh","2020-04-07 16:43:47.693+00","2020-04-07 16:43:47.693+00",NULL,NULL
2528,"Raghurajnagar","India","Madhya Pradesh","2020-04-07 16:43:47.798+00","2020-04-07 16:43:47.798+00",NULL,NULL
2529,"Satna","India","Madhya Pradesh","2020-04-07 16:43:47.776+00","2020-04-07 16:43:47.776+00",NULL,NULL
2530,"Nagod","India","Madhya Pradesh","2020-04-07 16:43:47.818+00","2020-04-07 16:43:47.818+00",NULL,NULL
2531,"Amarpatan","India","Madhya Pradesh","2020-04-07 16:43:47.833+00","2020-04-07 16:43:47.833+00",NULL,NULL
2532,"Maihar","India","Madhya Pradesh","2020-04-07 16:43:47.853+00","2020-04-07 16:43:47.853+00",NULL,NULL
2533,"Ramnagar","India","Madhya Pradesh","2020-04-07 16:43:47.87+00","2020-04-07 16:43:47.87+00",NULL,NULL
2534,"Rampur-Baghelan","India","Madhya Pradesh","2020-04-07 16:43:47.883+00","2020-04-07 16:43:47.883+00",NULL,NULL
2535,"Sirmour","India","Madhya Pradesh","2020-04-07 16:43:47.969+00","2020-04-07 16:43:47.969+00",NULL,NULL
2536,"Teonthar","India","Madhya Pradesh","2020-04-07 16:43:48.005+00","2020-04-07 16:43:48.005+00",NULL,NULL
2537,"Huzur","India","Madhya Pradesh","2020-04-07 16:43:48.031+00","2020-04-07 16:43:48.031+00",NULL,NULL
2538,"Mauganj","India","Madhya Pradesh","2020-04-07 16:43:48.054+00","2020-04-07 16:43:48.054+00",NULL,NULL
2539,"Gurh","India","Madhya Pradesh","2020-04-07 16:43:48.101+00","2020-04-07 16:43:48.101+00",NULL,NULL
2540,"Hanumana","India","Madhya Pradesh","2020-04-07 16:43:48.123+00","2020-04-07 16:43:48.123+00",NULL,NULL
2541,"Raipur - Karchuliyan","India","Madhya Pradesh","2020-04-07 16:43:48.166+00","2020-04-07 16:43:48.166+00",NULL,NULL
2542,"Pushparajgarh","India","Madhya Pradesh","2020-04-07 16:43:48.716+00","2020-04-07 16:43:48.716+00",NULL,NULL
2543,"Anuppur","India","Madhya Pradesh","2020-04-07 16:43:48.74+00","2020-04-07 16:43:48.74+00",NULL,NULL
2544,"Sohagpur","India","Madhya Pradesh","2020-04-07 16:43:48.752+00","2020-04-07 16:43:48.752+00",NULL,NULL
2545,"Beohari","India","Madhya Pradesh","2020-04-07 16:43:48.793+00","2020-04-07 16:43:48.793+00",NULL,NULL
2546,"Bandhogarh","India","Madhya Pradesh","2020-04-07 16:43:48.859+00","2020-04-07 16:43:48.859+00",NULL,NULL
2547,"Birsinghpur Pali","India","Madhya Pradesh","2020-04-07 16:43:48.825+00","2020-04-07 16:43:48.825+00",NULL,NULL
2548,"Jaitpur","India","Madhya Pradesh","2020-04-07 16:43:48.819+00","2020-04-07 16:43:48.819+00",NULL,NULL
2549,"Jaisinghnagar","India","Madhya Pradesh","2020-04-07 16:43:48.902+00","2020-04-07 16:43:48.902+00",NULL,NULL
2550,"Jaithari","India","Madhya Pradesh","2020-04-07 16:43:48.926+00","2020-04-07 16:43:48.926+00",NULL,NULL
2551,"Kotma","India","Madhya Pradesh","2020-04-07 16:43:48.979+00","2020-04-07 16:43:48.979+00",NULL,NULL
2552,"Burhar","India","Madhya Pradesh","2020-04-07 16:43:48.952+00","2020-04-07 16:43:48.952+00",NULL,NULL
2553,"Umaria","India","Madhya Pradesh","2020-04-07 16:43:49.014+00","2020-04-07 16:43:49.014+00",NULL,NULL
2554,"B. Pali","India","Madhya Pradesh","2020-04-07 16:43:49.048+00","2020-04-07 16:43:49.048+00",NULL,NULL
2555,"Singrauli","India","Madhya Pradesh","2020-04-07 16:43:49.294+00","2020-04-07 16:43:49.294+00",NULL,NULL
2556,"Rampur Naikin","India","Madhya Pradesh","2020-04-07 16:43:49.301+00","2020-04-07 16:43:49.301+00",NULL,NULL
2557,"Chitrangi","India","Madhya Pradesh","2020-04-07 16:43:49.33+00","2020-04-07 16:43:49.33+00",NULL,NULL
2558,"Deosar","India","Madhya Pradesh","2020-04-07 16:43:49.42+00","2020-04-07 16:43:49.42+00",NULL,NULL
2559,"Churhat","India","Madhya Pradesh","2020-04-07 16:43:49.352+00","2020-04-07 16:43:49.352+00",NULL,NULL
2560,"Gopadbanas","India","Madhya Pradesh","2020-04-07 16:43:49.388+00","2020-04-07 16:43:49.388+00",NULL,NULL
2561,"Sihawal","India","Madhya Pradesh","2020-04-07 16:43:49.488+00","2020-04-07 16:43:49.488+00",NULL,NULL
2562,"Majauli","India","Madhya Pradesh","2020-04-07 16:43:49.444+00","2020-04-07 16:43:49.444+00",NULL,NULL
2563,"Basoda","India","Madhya Pradesh","2020-04-07 16:43:49.534+00","2020-04-07 16:43:49.534+00",NULL,NULL
2564,"Vidisha","India","Madhya Pradesh","2020-04-07 16:43:49.56+00","2020-04-07 16:43:49.56+00",NULL,NULL
2565,"Kurwai","India","Madhya Pradesh","2020-04-07 16:43:49.797+00","2020-04-07 16:43:49.797+00",NULL,NULL
2566,"Lateri","India","Madhya Pradesh","2020-04-07 16:43:49.819+00","2020-04-07 16:43:49.819+00",NULL,NULL
2567,"Nateran","India","Madhya Pradesh","2020-04-07 16:43:49.86+00","2020-04-07 16:43:49.86+00",NULL,NULL
2568,"Raisen","India","Madhya Pradesh","2020-04-07 16:43:49.894+00","2020-04-07 16:43:49.894+00",NULL,NULL
2569,"Baraily","India","Madhya Pradesh","2020-04-07 16:43:49.919+00","2020-04-07 16:43:49.919+00",NULL,NULL
2570,"Sironj","India","Madhya Pradesh","2020-04-07 16:43:49.888+00","2020-04-07 16:43:49.888+00",NULL,NULL
2571,"Begamganj","India","Madhya Pradesh","2020-04-07 16:43:49.941+00","2020-04-07 16:43:49.941+00",NULL,NULL
2572,"Udaipura","India","Madhya Pradesh","2020-04-07 16:43:49.965+00","2020-04-07 16:43:49.965+00",NULL,NULL
2573,"Gairatganj","India","Madhya Pradesh","2020-04-07 16:43:49.99+00","2020-04-07 16:43:49.99+00",NULL,NULL
2574,"Goharganj","India","Madhya Pradesh","2020-04-07 16:43:50.013+00","2020-04-07 16:43:50.013+00",NULL,NULL
2575,"Huzur","India","Madhya Pradesh","2020-04-07 16:43:50.042+00","2020-04-07 16:43:50.042+00",NULL,NULL
2576,"Banda","India","Madhya Pradesh","2020-04-07 16:43:50.072+00","2020-04-07 16:43:50.072+00",NULL,NULL
2577,"Batiyagarh","India","Madhya Pradesh","2020-04-07 16:43:50.121+00","2020-04-07 16:43:50.121+00",NULL,NULL
2578,"Damoh","India","Madhya Pradesh","2020-04-07 16:43:50.081+00","2020-04-07 16:43:50.081+00",NULL,NULL
2579,"Hatta","India","Madhya Pradesh","2020-04-07 16:43:50.149+00","2020-04-07 16:43:50.149+00",NULL,NULL
2580,"Jabera","India","Madhya Pradesh","2020-04-07 16:43:50.185+00","2020-04-07 16:43:50.185+00",NULL,NULL
2581,"Patharia","India","Madhya Pradesh","2020-04-07 16:43:50.413+00","2020-04-07 16:43:50.413+00",NULL,NULL
2582,"Sagar","India","Madhya Pradesh","2020-04-07 16:43:50.706+00","2020-04-07 16:43:50.706+00",NULL,NULL
2583,"Deori","India","Madhya Pradesh","2020-04-07 16:43:50.769+00","2020-04-07 16:43:50.769+00",NULL,NULL
2584,"Bina","India","Madhya Pradesh","2020-04-07 16:43:50.74+00","2020-04-07 16:43:50.74+00",NULL,NULL
2585,"Garhakota","India","Madhya Pradesh","2020-04-07 16:43:50.804+00","2020-04-07 16:43:50.804+00",NULL,NULL
2586,"Kesli","India","Madhya Pradesh","2020-04-07 16:43:50.841+00","2020-04-07 16:43:50.841+00",NULL,NULL
2587,"Khurai","India","Madhya Pradesh","2020-04-07 16:43:50.867+00","2020-04-07 16:43:50.867+00",NULL,NULL
2588,"Rehli","India","Madhya Pradesh","2020-04-07 16:43:50.903+00","2020-04-07 16:43:50.903+00",NULL,NULL
2589,"Alot","India","Madhya Pradesh","2020-04-07 16:43:51.212+00","2020-04-07 16:43:51.212+00",NULL,NULL
2590,"Bajna","India","Madhya Pradesh","2020-04-07 16:43:51.235+00","2020-04-07 16:43:51.235+00",NULL,NULL
2591,"Ratlam","India","Madhya Pradesh","2020-04-07 16:43:51.257+00","2020-04-07 16:43:51.257+00",NULL,NULL
2592,"Jaora","India","Madhya Pradesh","2020-04-07 16:43:51.285+00","2020-04-07 16:43:51.285+00",NULL,NULL
2593,"Piploda","India","Madhya Pradesh","2020-04-07 16:43:51.321+00","2020-04-07 16:43:51.321+00",NULL,NULL
2594,"Sailana","India","Madhya Pradesh","2020-04-07 16:43:51.466+00","2020-04-07 16:43:51.466+00",NULL,NULL
2595,"Alirajpur","India","Madhya Pradesh","2020-04-07 16:43:51.481+00","2020-04-07 16:43:51.481+00",NULL,NULL
2596,"Jhabua","India","Madhya Pradesh","2020-04-07 16:43:51.487+00","2020-04-07 16:43:51.487+00",NULL,NULL
2597,"Meghnagar","India","Madhya Pradesh","2020-04-07 16:43:51.842+00","2020-04-07 16:43:51.842+00",NULL,NULL
2598,"Jhabua","India","Madhya Pradesh","2020-04-07 16:43:51.601+00","2020-04-07 16:43:51.601+00",NULL,NULL
2599,"Petlawad","India","Madhya Pradesh","2020-04-07 16:43:51.864+00","2020-04-07 16:43:51.864+00",NULL,NULL
2600,"Burhanpur","India","Madhya Pradesh","2020-04-07 16:43:52.102+00","2020-04-07 16:43:52.102+00",NULL,NULL
2601,"Anjad","India","Madhya Pradesh","2020-04-07 16:43:52.11+00","2020-04-07 16:43:52.11+00",NULL,NULL
2602,"Barwaha","India","Madhya Pradesh","2020-04-07 16:43:52.117+00","2020-04-07 16:43:52.117+00",NULL,NULL
2603,"Barwani","India","Madhya Pradesh","2020-04-07 16:43:52.141+00","2020-04-07 16:43:52.141+00",NULL,NULL
2604,"Bhagwanpura","India","Madhya Pradesh","2020-04-07 16:43:52.601+00","2020-04-07 16:43:52.601+00",NULL,NULL
2605,"Bhikangaon","India","Madhya Pradesh","2020-04-07 16:43:52.588+00","2020-04-07 16:43:52.588+00",NULL,NULL
2606,"Khargone","India","Madhya Pradesh","2020-04-07 16:43:52.615+00","2020-04-07 16:43:52.615+00",NULL,NULL
2607,"Jhirnia","India","Madhya Pradesh","2020-04-07 16:43:52.629+00","2020-04-07 16:43:52.629+00",NULL,NULL
2608,"Maheshwar","India","Madhya Pradesh","2020-04-07 16:43:52.646+00","2020-04-07 16:43:52.646+00",NULL,NULL
2609,"Kasrawad","India","Madhya Pradesh","2020-04-07 16:43:52.665+00","2020-04-07 16:43:52.665+00",NULL,NULL
2610,"Sendhawa","India","Madhya Pradesh","2020-04-07 16:43:52.686+00","2020-04-07 16:43:52.686+00",NULL,NULL
2611,"Pansemal","India","Madhya Pradesh","2020-04-07 16:43:52.712+00","2020-04-07 16:43:52.712+00",NULL,NULL
2612,"Rajpur","India","Madhya Pradesh","2020-04-07 16:43:52.762+00","2020-04-07 16:43:52.762+00",NULL,NULL
2613,"Sendhwa","India","Madhya Pradesh","2020-04-07 16:43:52.797+00","2020-04-07 16:43:52.797+00",NULL,NULL
2614,"Khandwa","India","Madhya Pradesh","2020-04-07 16:43:52.841+00","2020-04-07 16:43:52.841+00",NULL,NULL
2615,"Khandwa","India","Madhya Pradesh","2020-04-07 16:43:52.802+00","2020-04-07 16:43:52.802+00",NULL,NULL
2616,"Pandhana","India","Madhya Pradesh","2020-04-07 16:43:52.876+00","2020-04-07 16:43:52.876+00",NULL,NULL
2617,"Khaknar","India","Madhya Pradesh","2020-04-07 16:43:52.963+00","2020-04-07 16:43:52.963+00",NULL,NULL
2618,"Harsud","India","Madhya Pradesh","2020-04-07 16:43:53.012+00","2020-04-07 16:43:53.012+00",NULL,NULL
2619,"Nepanagar","India","Madhya Pradesh","2020-04-07 16:43:53.258+00","2020-04-07 16:43:53.258+00",NULL,NULL
2620,"Segaon","India","Madhya Pradesh","2020-04-07 16:43:53.279+00","2020-04-07 16:43:53.279+00",NULL,NULL
2621,"Shivpuri","India","Madhya Pradesh","2020-04-07 16:43:53.303+00","2020-04-07 16:43:53.303+00",NULL,NULL
2622,"Kolaras","India","Madhya Pradesh","2020-04-07 16:43:53.331+00","2020-04-07 16:43:53.331+00",NULL,NULL
2623,"Thikari","India","Madhya Pradesh","2020-04-07 16:43:53.293+00","2020-04-07 16:43:53.293+00",NULL,NULL
2624,"Khaniadhana","India","Madhya Pradesh","2020-04-07 16:43:53.344+00","2020-04-07 16:43:53.344+00",NULL,NULL
2625,"Pohri","India","Madhya Pradesh","2020-04-07 16:43:53.357+00","2020-04-07 16:43:53.357+00",NULL,NULL
2626,"Karera","India","Madhya Pradesh","2020-04-07 16:43:53.369+00","2020-04-07 16:43:53.369+00",NULL,NULL
2627,"Narwar","India","Madhya Pradesh","2020-04-07 16:43:53.605+00","2020-04-07 16:43:53.605+00",NULL,NULL
2628,"Pichhore","India","Madhya Pradesh","2020-04-07 16:43:53.638+00","2020-04-07 16:43:53.638+00",NULL,NULL
2629,"Guna","India","Madhya Pradesh","2020-04-07 16:43:53.668+00","2020-04-07 16:43:53.668+00",NULL,NULL
2630,"Bamori","India","Madhya Pradesh","2020-04-07 16:43:53.704+00","2020-04-07 16:43:53.704+00",NULL,NULL
2631,"Chachauda","India","Madhya Pradesh","2020-04-07 16:43:53.753+00","2020-04-07 16:43:53.753+00",NULL,NULL
2632,"Raghogarh","India","Madhya Pradesh","2020-04-07 16:43:53.785+00","2020-04-07 16:43:53.785+00",NULL,NULL
2633,"Chachoda","India","Madhya Pradesh","2020-04-07 16:43:53.728+00","2020-04-07 16:43:53.728+00",NULL,NULL
2634,"Kumbhraj","India","Madhya Pradesh","2020-04-07 16:43:53.825+00","2020-04-07 16:43:53.825+00",NULL,NULL
2635,"Maksudangarh","India","Madhya Pradesh","2020-04-07 16:43:53.848+00","2020-04-07 16:43:53.848+00",NULL,NULL
2636,"Chanderi","India","Madhya Pradesh","2020-04-07 16:43:53.867+00","2020-04-07 16:43:53.867+00",NULL,NULL
2637,"Esagarh","India","Madhya Pradesh","2020-04-07 16:43:53.894+00","2020-04-07 16:43:53.894+00",NULL,NULL
2638,"Ashoknagar","India","Madhya Pradesh","2020-04-07 16:43:53.961+00","2020-04-07 16:43:53.961+00",NULL,NULL
2639,"Mungaoli","India","Madhya Pradesh","2020-04-07 16:43:53.924+00","2020-04-07 16:43:53.924+00",NULL,NULL
2640,"Huzur","India","Madhya Pradesh","2020-04-07 16:43:53.992+00","2020-04-07 16:43:53.992+00",NULL,NULL
2641,"Bhopal","India","Madhya Pradesh","2020-04-07 16:43:54.302+00","2020-04-07 16:43:54.302+00",NULL,NULL
2642,"Murwara","India","Madhya Pradesh","2020-04-07 16:43:54.578+00","2020-04-07 16:43:54.578+00",NULL,NULL
2643,"Gird","India","Madhya Pradesh","2020-04-07 16:43:54.806+00","2020-04-07 16:43:54.806+00",NULL,NULL
2644,"Dabra","India","Madhya Pradesh","2020-04-07 16:43:54.842+00","2020-04-07 16:43:54.842+00",NULL,NULL
2645,"Gwalior","India","Madhya Pradesh","2020-04-07 16:43:54.869+00","2020-04-07 16:43:54.869+00",NULL,NULL
2646,"Bhandair","India","Madhya Pradesh","2020-04-07 16:43:54.88+00","2020-04-07 16:43:54.88+00",NULL,NULL
2647,"Bhitarwar","India","Madhya Pradesh","2020-04-07 16:43:55.113+00","2020-04-07 16:43:55.113+00",NULL,NULL
2648,"Pichhore","India","Madhya Pradesh","2020-04-07 16:43:55.189+00","2020-04-07 16:43:55.189+00",NULL,NULL
2649,"Datia","India","Madhya Pradesh","2020-04-07 16:43:55.246+00","2020-04-07 16:43:55.246+00",NULL,NULL
2650,"Gird","India","Madhya Pradesh","2020-04-07 16:43:55.216+00","2020-04-07 16:43:55.216+00",NULL,NULL
2651,"Seondha","India","Madhya Pradesh","2020-04-07 16:43:55.277+00","2020-04-07 16:43:55.277+00",NULL,NULL
2652,"Bhander","India","Madhya Pradesh","2020-04-07 16:43:55.304+00","2020-04-07 16:43:55.304+00",NULL,NULL
2653,"Mhow","India","Madhya Pradesh","2020-04-07 16:43:55.394+00","2020-04-07 16:43:55.394+00",NULL,NULL
2654,"Itarsi","India","Madhya Pradesh","2020-04-07 16:43:55.403+00","2020-04-07 16:43:55.403+00",NULL,NULL
2655,"Silwani","India","Madhya Pradesh","2020-04-07 16:43:55.425+00","2020-04-07 16:43:55.425+00",NULL,NULL
2656,"Indore","India","Madhya Pradesh","2020-04-07 16:43:55.458+00","2020-04-07 16:43:55.458+00",NULL,NULL
2657,"Gunnor","India","Madhya Pradesh","2020-04-07 16:43:55.512+00","2020-04-07 16:43:55.512+00",NULL,NULL
2658,"Alote","India","Madhya Pradesh","2020-04-07 16:43:55.499+00","2020-04-07 16:43:55.499+00",NULL,NULL
2659,"Sanwer","India","Madhya Pradesh","2020-04-07 16:43:55.551+00","2020-04-07 16:43:55.551+00",NULL,NULL
2660,"Saikheda","India","Madhya Pradesh","2020-04-07 16:43:55.813+00","2020-04-07 16:43:55.813+00",NULL,NULL
2661,"Mandla","India","Madhya Pradesh","2020-04-07 16:43:55.561+00","2020-04-07 16:43:55.561+00",NULL,NULL
2662,"Awantipur Barodiya","India","Madhya Pradesh","2020-04-07 16:43:55.85+00","2020-04-07 16:43:55.85+00",NULL,NULL
2663,"Chhatarpur","India","Madhya Pradesh","2020-04-07 16:43:55.874+00","2020-04-07 16:43:55.874+00",NULL,NULL
2664,"Gaurihar","India","Madhya Pradesh","2020-04-07 16:43:56.309+00","2020-04-07 16:43:56.309+00",NULL,NULL
2665,"Raipura","India","Madhya Pradesh","2020-04-07 16:43:56.337+00","2020-04-07 16:43:56.337+00",NULL,NULL
2666,"Sidhi","India","Madhya Pradesh","2020-04-07 16:43:56.627+00","2020-04-07 16:43:56.627+00",NULL,NULL
2667,"Sehore","India","Madhya Pradesh","2020-04-07 16:43:56.801+00","2020-04-07 16:43:56.801+00",NULL,NULL
2668,"Budni","India","Madhya Pradesh","2020-04-07 16:43:56.85+00","2020-04-07 16:43:56.85+00",NULL,NULL
2669,"Ashta","India","Madhya Pradesh","2020-04-07 16:43:56.886+00","2020-04-07 16:43:56.886+00",NULL,NULL
2670,"Ichhawar","India","Madhya Pradesh","2020-04-07 16:43:57.333+00","2020-04-07 16:43:57.333+00",NULL,NULL
2671,"Nasrullaganj","India","Madhya Pradesh","2020-04-07 16:43:57.38+00","2020-04-07 16:43:57.38+00",NULL,NULL
2672,"Rajgarh","India","Madhya Pradesh","2020-04-07 16:43:57.42+00","2020-04-07 16:43:57.42+00",NULL,NULL
2673,"Rajgarh(bia)","India","Madhya Pradesh","2020-04-07 16:43:57.449+00","2020-04-07 16:43:57.449+00",NULL,NULL
2674,"Narsinghgarh","India","Madhya Pradesh","2020-04-07 16:43:57.533+00","2020-04-07 16:43:57.533+00",NULL,NULL
2675,"Khilchipur","India","Madhya Pradesh","2020-04-07 16:43:57.502+00","2020-04-07 16:43:57.502+00",NULL,NULL
2676,"Biaora","India","Madhya Pradesh","2020-04-07 16:43:57.476+00","2020-04-07 16:43:57.476+00",NULL,NULL
2677,"Pushprajgarh","India","Madhya Pradesh","2020-04-07 16:43:57.655+00","2020-04-07 16:43:57.655+00",NULL,NULL
2678,"Sarangpur","India","Madhya Pradesh","2020-04-07 16:43:57.587+00","2020-04-07 16:43:57.587+00",NULL,NULL
2679,"Chandangaon","India","Madhya Pradesh","2020-04-07 16:43:57.871+00","2020-04-07 16:43:57.871+00",NULL,NULL
2680,"Monkhed","India","Madhya Pradesh","2020-04-07 16:43:57.901+00","2020-04-07 16:43:57.901+00",NULL,NULL
2681,"Bajag","India","Madhya Pradesh","2020-04-07 16:43:57.907+00","2020-04-07 16:43:57.907+00",NULL,NULL
2682,"Teonda","India","Madhya Pradesh","2020-04-07 16:43:57.935+00","2020-04-07 16:43:57.935+00",NULL,NULL
2683,"Seoni","India","Madhya Pradesh","2020-04-07 16:43:57.978+00","2020-04-07 16:43:57.978+00",NULL,NULL
2684,"Balaghat","India","Madhya Pradesh","2020-04-07 16:43:57.968+00","2020-04-07 16:43:57.968+00",NULL,NULL
2685,"Morena","India","Madhya Pradesh","2020-04-07 16:43:57.984+00","2020-04-07 16:43:57.984+00",NULL,NULL
2686,"Bhind","India","Madhya Pradesh","2020-04-07 16:43:57.99+00","2020-04-07 16:43:57.99+00",NULL,NULL
2687,"Tikamgarh","India","Madhya Pradesh","2020-04-07 16:43:58.002+00","2020-04-07 16:43:58.002+00",NULL,NULL
2688,"Hoshangabad","India","Madhya Pradesh","2020-04-07 16:43:58.069+00","2020-04-07 16:43:58.069+00",NULL,NULL
2689,"Betul","India","Madhya Pradesh","2020-04-07 16:43:58.045+00","2020-04-07 16:43:58.045+00",NULL,NULL
2690,"Chhindwara","India","Madhya Pradesh","2020-04-07 16:43:58.039+00","2020-04-07 16:43:58.039+00",NULL,NULL
2691,"Narsinghpur Ho","India","Madhya Pradesh","2020-04-07 16:43:58.092+00","2020-04-07 16:43:58.092+00",NULL,NULL
2692,"Dhar","India","Madhya Pradesh","2020-04-07 16:43:58.106+00","2020-04-07 16:43:58.106+00",NULL,NULL
2693,"Dewas","India","Madhya Pradesh","2020-04-07 16:43:58.112+00","2020-04-07 16:43:58.112+00",NULL,NULL
2694,"Jabalpur","India","Madhya Pradesh","2020-04-07 16:43:58.135+00","2020-04-07 16:43:58.135+00",NULL,NULL
2695,"Panna","India","Madhya Pradesh","2020-04-07 16:43:58.818+00","2020-04-07 16:43:58.818+00",NULL,NULL
2696,"Nowgong","India","Madhya Pradesh","2020-04-07 16:43:58.83+00","2020-04-07 16:43:58.83+00",NULL,NULL
2697,"Badamalehara","India","Madhya Pradesh","2020-04-07 16:43:59.016+00","2020-04-07 16:43:59.016+00",NULL,NULL
2698,"Parasia","India","Madhya Pradesh","2020-04-07 16:43:59.29+00","2020-04-07 16:43:59.29+00",NULL,NULL
2699,"Niwas","India","Madhya Pradesh","2020-04-07 16:43:59.33+00","2020-04-07 16:43:59.33+00",NULL,NULL
2700,"Lanji","India","Madhya Pradesh","2020-04-07 16:43:59.976+00","2020-04-07 16:43:59.976+00",NULL,NULL
2701,"Sainkheda","India","Madhya Pradesh","2020-04-07 16:43:59.998+00","2020-04-07 16:43:59.998+00",NULL,NULL
2702,"Gunore","India","Madhya Pradesh","2020-04-07 16:44:00.022+00","2020-04-07 16:44:00.022+00",NULL,NULL
2703,"Harda","India","Madhya Pradesh","2020-04-07 16:44:00.275+00","2020-04-07 16:44:00.275+00",NULL,NULL
2704,"Niwari","India","Madhya Pradesh","2020-04-07 16:44:00.321+00","2020-04-07 16:44:00.321+00",NULL,NULL
2705,"Lakhnadon","India","Madhya Pradesh","2020-04-07 16:44:00.881+00","2020-04-07 16:44:00.881+00",NULL,NULL
2706,"Lahar","India","Madhya Pradesh","2020-04-07 16:44:01.749+00","2020-04-07 16:44:01.749+00",NULL,NULL
2707,"Begarwani","India","Madhya Pradesh","2020-04-07 16:44:00.432+00","2020-04-07 16:44:00.432+00",NULL,NULL
2708,"Laundi","India","Madhya Pradesh","2020-04-07 16:44:00.376+00","2020-04-07 16:44:00.376+00",NULL,NULL
2709,"Dindori","India","Madhya Pradesh","2020-04-07 16:44:01.812+00","2020-04-07 16:44:01.812+00",NULL,NULL
2710,"Waraseoni","India","Madhya Pradesh","2020-04-07 16:44:01.866+00","2020-04-07 16:44:01.866+00",NULL,NULL
2711,"Kukshi","India","Madhya Pradesh","2020-04-07 16:44:05.299+00","2020-04-07 16:44:05.299+00",NULL,NULL
2712,"Sonkutch","India","Madhya Pradesh","2020-04-07 16:44:05.275+00","2020-04-07 16:44:05.275+00",NULL,NULL
2713,"Dharampuri","India","Madhya Pradesh","2020-04-07 16:44:05.333+00","2020-04-07 16:44:05.333+00",NULL,NULL
2714,"Khairlanji","India","Madhya Pradesh","2020-04-07 16:44:08.829+00","2020-04-07 16:44:08.829+00",NULL,NULL
2715,"Baihar","India","Madhya Pradesh","2020-04-07 16:44:09.247+00","2020-04-07 16:44:09.247+00",NULL,NULL
2716,"Katangi","India","Madhya Pradesh","2020-04-07 16:44:10.873+00","2020-04-07 16:44:10.873+00",NULL,NULL
2717,"Babai","India","Madhya Pradesh","2020-04-07 16:44:20.384+00","2020-04-07 16:44:20.384+00",NULL,NULL
2718,"Kareli","India","Madhya Pradesh","2020-04-07 16:44:23.634+00","2020-04-07 16:44:23.634+00",NULL,NULL
2719,"Narsinghpur","India","Madhya Pradesh","2020-04-07 16:44:23.745+00","2020-04-07 16:44:23.745+00",NULL,NULL
2720,"Narsimhapur","India","Madhya Pradesh","2020-04-07 16:44:25.11+00","2020-04-07 16:44:25.11+00",NULL,NULL
2721,"Tendukheda","India","Madhya Pradesh","2020-04-07 16:44:25.719+00","2020-04-07 16:44:25.719+00",NULL,NULL
2722,"Gadarwara","India","Madhya Pradesh","2020-04-07 16:44:26.13+00","2020-04-07 16:44:26.13+00",NULL,NULL
2723,"Bagli","India","Madhya Pradesh","2020-04-07 16:44:29.777+00","2020-04-07 16:44:29.777+00",NULL,NULL
2724,"Chaurai","India","Madhya Pradesh","2020-04-07 16:44:29.831+00","2020-04-07 16:44:29.831+00",NULL,NULL
2725,"Manawar","India","Madhya Pradesh","2020-04-07 16:44:29.808+00","2020-04-07 16:44:29.808+00",NULL,NULL
2726,"Joura","India","Madhya Pradesh","2020-04-07 16:44:29.879+00","2020-04-07 16:44:29.879+00",NULL,NULL
2727,"Karahal","India","Madhya Pradesh","2020-04-07 16:44:29.886+00","2020-04-07 16:44:29.886+00",NULL,NULL
2728,"Ater","India","Madhya Pradesh","2020-04-07 16:44:29.937+00","2020-04-07 16:44:29.937+00",NULL,NULL
2729,"Gohad","India","Madhya Pradesh","2020-04-07 16:44:29.972+00","2020-04-07 16:44:29.972+00",NULL,NULL
2730,"Barghat","India","Madhya Pradesh","2020-04-07 16:44:30.036+00","2020-04-07 16:44:30.036+00",NULL,NULL
2731,"Kirnapur","India","Madhya Pradesh","2020-04-07 16:44:30.007+00","2020-04-07 16:44:30.007+00",NULL,NULL
2732,"Lalbarra","India","Madhya Pradesh","2020-04-07 16:44:30.685+00","2020-04-07 16:44:30.685+00",NULL,NULL
2733,"Pandhurna","India","Madhya Pradesh","2020-04-07 16:44:30.919+00","2020-04-07 16:44:30.919+00",NULL,NULL
2734,"Sahpura Niwas","India","Madhya Pradesh","2020-04-07 16:44:30.7+00","2020-04-07 16:44:30.7+00",NULL,NULL
2735,"Sardarpur","India","Madhya Pradesh","2020-04-07 16:44:31.259+00","2020-04-07 16:44:31.259+00",NULL,NULL
2736,"Lakhanadon","India","Madhya Pradesh","2020-04-07 16:44:32.563+00","2020-04-07 16:44:32.563+00",NULL,NULL
2737,"Ghansore","India","Madhya Pradesh","2020-04-07 16:44:32.586+00","2020-04-07 16:44:32.586+00",NULL,NULL
2738,"Nainpur","India","Madhya Pradesh","2020-04-07 16:44:32.985+00","2020-04-07 16:44:32.985+00",NULL,NULL
2739,"Keolari","India","Madhya Pradesh","2020-04-07 16:44:32.618+00","2020-04-07 16:44:32.618+00",NULL,NULL
2740,"Bhua Bichhia","India","Madhya Pradesh","2020-04-07 16:44:32.721+00","2020-04-07 16:44:32.721+00",NULL,NULL
2741,"Korai","India","Madhya Pradesh","2020-04-07 16:44:32.66+00","2020-04-07 16:44:32.66+00",NULL,NULL
2742,"Bhuabichhia","India","Madhya Pradesh","2020-04-07 16:44:32.754+00","2020-04-07 16:44:32.754+00",NULL,NULL
2743,"Mehgoun","India","Madhya Pradesh","2020-04-07 16:44:33.459+00","2020-04-07 16:44:33.459+00",NULL,NULL
2744,"Shahpura","India","Madhya Pradesh","2020-04-07 16:44:33.278+00","2020-04-07 16:44:33.278+00",NULL,NULL
2745,"Mihona","India","Madhya Pradesh","2020-04-07 16:44:33.482+00","2020-04-07 16:44:33.482+00",NULL,NULL
2746,"Raun","India","Madhya Pradesh","2020-04-07 16:44:33.517+00","2020-04-07 16:44:33.517+00",NULL,NULL
2747,"Ambah","India","Madhya Pradesh","2020-04-07 16:44:33.554+00","2020-04-07 16:44:33.554+00",NULL,NULL
2748,"Bijaypur","India","Madhya Pradesh","2020-04-07 16:44:33.805+00","2020-04-07 16:44:33.805+00",NULL,NULL
2749,"Bijaipur","India","Madhya Pradesh","2020-04-07 16:44:33.833+00","2020-04-07 16:44:33.833+00",NULL,NULL
2750,"Porsa","India","Madhya Pradesh","2020-04-07 16:44:33.917+00","2020-04-07 16:44:33.917+00",NULL,NULL
2751,"Sabalgarh","India","Madhya Pradesh","2020-04-07 16:44:33.941+00","2020-04-07 16:44:33.941+00",NULL,NULL
2752,"Mehgaon","India","Madhya Pradesh","2020-04-07 16:44:34.024+00","2020-04-07 16:44:34.024+00",NULL,NULL
2753,"Sheopur","India","Madhya Pradesh","2020-04-07 16:44:33.972+00","2020-04-07 16:44:33.973+00",NULL,NULL
2754,"Rajnagar","India","Madhya Pradesh","2020-04-07 16:44:34.134+00","2020-04-07 16:44:34.134+00",NULL,NULL
2755,"Pawai","India","Madhya Pradesh","2020-04-07 16:44:34.242+00","2020-04-07 16:44:34.242+00",NULL,NULL
2756,"Ajaigarh","India","Madhya Pradesh","2020-04-07 16:44:34.177+00","2020-04-07 16:44:34.177+00",NULL,NULL
2757,"Malehara","India","Madhya Pradesh","2020-04-07 16:44:34.291+00","2020-04-07 16:44:34.291+00",NULL,NULL
2758,"Malehra","India","Madhya Pradesh","2020-04-07 16:44:34.328+00","2020-04-07 16:44:34.328+00",NULL,NULL
2759,"Baldeogarh","India","Madhya Pradesh","2020-04-07 16:44:34.428+00","2020-04-07 16:44:34.428+00",NULL,NULL
2760,"Pawai","India","Madhya Pradesh","2020-04-07 16:44:34.398+00","2020-04-07 16:44:34.398+00",NULL,NULL
2761,"Jatara","India","Madhya Pradesh","2020-04-07 16:44:34.657+00","2020-04-07 16:44:34.657+00",NULL,NULL
2762,"Prithvipur","India","Madhya Pradesh","2020-04-07 16:44:34.682+00","2020-04-07 16:44:34.682+00",NULL,NULL
2763,"Orchha","India","Madhya Pradesh","2020-04-07 16:44:34.725+00","2020-04-07 16:44:34.725+00",NULL,NULL
2764,"Pelara","India","Madhya Pradesh","2020-04-07 16:44:34.75+00","2020-04-07 16:44:34.75+00",NULL,NULL
2765,"Amla","India","Madhya Pradesh","2020-04-07 16:44:34.824+00","2020-04-07 16:44:34.824+00",NULL,NULL
2766,"Bhainsdehi","India","Madhya Pradesh","2020-04-07 16:44:34.864+00","2020-04-07 16:44:34.864+00",NULL,NULL
2767,"Mulati","India","Madhya Pradesh","2020-04-07 16:44:34.911+00","2020-04-07 16:44:34.911+00",NULL,NULL
2768,"Amarwara","India","Madhya Pradesh","2020-04-07 16:44:35.224+00","2020-04-07 16:44:35.224+00",NULL,NULL
2769,"Shahpura","India","Madhya Pradesh","2020-04-07 16:44:34.941+00","2020-04-07 16:44:34.941+00",NULL,NULL
2770,"Multai","India","Madhya Pradesh","2020-04-07 16:44:35.177+00","2020-04-07 16:44:35.177+00",NULL,NULL
2771,"Bichhua","India","Madhya Pradesh","2020-04-07 16:44:35.247+00","2020-04-07 16:44:35.247+00",NULL,NULL
2772,"Chourai","India","Madhya Pradesh","2020-04-07 16:44:35.288+00","2020-04-07 16:44:35.288+00",NULL,NULL
2773,"Junnardeo","India","Madhya Pradesh","2020-04-07 16:44:35.414+00","2020-04-07 16:44:35.414+00",NULL,NULL
2774,"Sausar","India","Madhya Pradesh","2020-04-07 16:44:35.441+00","2020-04-07 16:44:35.441+00",NULL,NULL
2775,"Tamia","India","Madhya Pradesh","2020-04-07 16:44:35.525+00","2020-04-07 16:44:35.525+00",NULL,NULL
2776,"Shahpur","India","Madhya Pradesh","2020-04-07 16:44:35.58+00","2020-04-07 16:44:35.58+00",NULL,NULL
2777,"Pipariya","India","Madhya Pradesh","2020-04-07 16:44:35.975+00","2020-04-07 16:44:35.975+00",NULL,NULL
2778,"Kannod","India","Madhya Pradesh","2020-04-07 16:44:36.162+00","2020-04-07 16:44:36.162+00",NULL,NULL
2779,"Badnawar","India","Madhya Pradesh","2020-04-07 16:44:36.248+00","2020-04-07 16:44:36.248+00",NULL,NULL
2780,"Depalpur","India","Madhya Pradesh","2020-04-07 16:44:36.423+00","2020-04-07 16:44:36.423+00",NULL,NULL
2781,"Khategaon","India","Madhya Pradesh","2020-04-07 16:44:36.595+00","2020-04-07 16:44:36.595+00",NULL,NULL
2782,"Washim","India","Maharashtra","2020-04-07 16:45:40.754+00","2020-04-07 16:45:40.754+00",NULL,NULL
2783,"Patan","India","Madhya Pradesh","2020-04-07 16:44:37.274+00","2020-04-07 16:44:37.274+00",NULL,NULL
2784,"Kundam","India","Madhya Pradesh","2020-04-07 16:44:37.313+00","2020-04-07 16:44:37.313+00",NULL,NULL
2785,"Akola","India","Maharashtra","2020-04-07 16:45:40.791+00","2020-04-07 16:45:40.791+00",NULL,NULL
2786,"Mangrulpir","India","Maharashtra","2020-04-07 16:45:41.14+00","2020-04-07 16:45:41.14+00",NULL,NULL
2787,"Ahmednagar","India","Maharashtra","2020-04-07 16:45:41.194+00","2020-04-07 16:45:41.194+00",NULL,NULL
2788,"Newasa","India","Maharashtra","2020-04-07 16:45:41.171+00","2020-04-07 16:45:41.171+00",NULL,NULL
2789,"Shrigonda","India","Maharashtra","2020-04-07 16:45:41.221+00","2020-04-07 16:45:41.221+00",NULL,NULL
2790,"Rahuri","India","Maharashtra","2020-04-07 16:45:41.267+00","2020-04-07 16:45:41.267+00",NULL,NULL
2791,"Pathardi","India","Maharashtra","2020-04-07 16:45:41.244+00","2020-04-07 16:45:41.244+00",NULL,NULL
2792,"Shevgaon","India","Maharashtra","2020-04-07 16:45:41.622+00","2020-04-07 16:45:41.622+00",NULL,NULL
2793,"Jamkhed","India","Maharashtra","2020-04-07 16:45:41.723+00","2020-04-07 16:45:41.723+00",NULL,NULL
2794,"Parner","India","Maharashtra","2020-04-07 16:45:41.545+00","2020-04-07 16:45:41.545+00",NULL,NULL
2795,"Karjat","India","Maharashtra","2020-04-07 16:45:41.755+00","2020-04-07 16:45:41.755+00",NULL,NULL
2796,"Teosa","India","Maharashtra","2020-04-07 16:45:41.864+00","2020-04-07 16:45:41.864+00",NULL,NULL
2797,"Amravati","India","Maharashtra","2020-04-07 16:45:41.888+00","2020-04-07 16:45:41.888+00",NULL,NULL
2798,"Warud","India","Maharashtra","2020-04-07 16:45:41.912+00","2020-04-07 16:45:41.912+00",NULL,NULL
2799,"Daryapur","India","Maharashtra","2020-04-07 16:45:41.935+00","2020-04-07 16:45:41.935+00",NULL,NULL
2800,"Dhamangaon Rly","India","Maharashtra","2020-04-07 16:45:42.164+00","2020-04-07 16:45:42.164+00",NULL,NULL
2801,"Morshi","India","Maharashtra","2020-04-07 16:45:42.408+00","2020-04-07 16:45:42.408+00",NULL,NULL
2802,"Nandgaon Khandeshwar","India","Maharashtra","2020-04-07 16:45:42.442+00","2020-04-07 16:45:42.442+00",NULL,NULL
2803,"Achalpur City","India","Maharashtra","2020-04-07 16:45:42.483+00","2020-04-07 16:45:42.483+00",NULL,NULL
2804,"Anjangaon","India","Maharashtra","2020-04-07 16:45:42.506+00","2020-04-07 16:45:42.506+00",NULL,NULL
2805,"Chandur Bazar","India","Maharashtra","2020-04-07 16:45:42.533+00","2020-04-07 16:45:42.533+00",NULL,NULL
2806,"Chikhaldara","India","Maharashtra","2020-04-07 16:45:42.56+00","2020-04-07 16:45:42.56+00",NULL,NULL
2807,"Dharni","India","Maharashtra","2020-04-07 16:45:42.596+00","2020-04-07 16:45:42.596+00",NULL,NULL
2808,"Bhatkuli","India","Maharashtra","2020-04-07 16:45:42.757+00","2020-04-07 16:45:42.757+00",NULL,NULL
2809,"Tiosa","India","Maharashtra","2020-04-07 16:45:42.823+00","2020-04-07 16:45:42.823+00",NULL,NULL
2810,"Chandur Rly.","India","Maharashtra","2020-04-07 16:45:42.861+00","2020-04-07 16:45:42.861+00",NULL,NULL
2811,"Dhamangaon R.s.","India","Maharashtra","2020-04-07 16:45:43.537+00","2020-04-07 16:45:43.537+00",NULL,NULL
2812,"Bhusawal","India","Maharashtra","2020-04-07 16:45:44.023+00","2020-04-07 16:45:44.023+00",NULL,NULL
2813,"Chopda","India","Maharashtra","2020-04-07 16:45:44.094+00","2020-04-07 16:45:44.094+00",NULL,NULL
2814,"Bodwad","India","Maharashtra","2020-04-07 16:45:44.137+00","2020-04-07 16:45:44.137+00",NULL,NULL
2815,"Yawal","India","Maharashtra","2020-04-07 16:45:44.06+00","2020-04-07 16:45:44.06+00",NULL,NULL
2816,"Raver","India","Maharashtra","2020-04-07 16:45:44.163+00","2020-04-07 16:45:44.163+00",NULL,NULL
2817,"Muktai Nagar","India","Maharashtra","2020-04-07 16:45:44.208+00","2020-04-07 16:45:44.208+00",NULL,NULL
2818,"Muktainagar","India","Maharashtra","2020-04-07 16:45:44.241+00","2020-04-07 16:45:44.241+00",NULL,NULL
2819,"Jalgaon","India","Maharashtra","2020-04-07 16:45:44.271+00","2020-04-07 16:45:44.271+00",NULL,NULL
2820,"Sangrampur","India","Maharashtra","2020-04-07 16:45:44.302+00","2020-04-07 16:45:44.302+00",NULL,NULL
2821,"Buldana","India","Maharashtra","2020-04-07 16:45:44.349+00","2020-04-07 16:45:44.349+00",NULL,NULL
2822,"Khamgaon","India","Maharashtra","2020-04-07 16:45:44.324+00","2020-04-07 16:45:44.324+00",NULL,NULL
2823,"Nandura","India","Maharashtra","2020-04-07 16:45:44.375+00","2020-04-07 16:45:44.375+00",NULL,NULL
2824,"Chikhli","India","Maharashtra","2020-04-07 16:45:44.398+00","2020-04-07 16:45:44.398+00",NULL,NULL
2825,"Malkapur","India","Maharashtra","2020-04-07 16:45:44.644+00","2020-04-07 16:45:44.644+00",NULL,NULL
2826,"Deulgaon Raja","India","Maharashtra","2020-04-07 16:45:44.671+00","2020-04-07 16:45:44.671+00",NULL,NULL
2827,"Motala","India","Maharashtra","2020-04-07 16:45:44.703+00","2020-04-07 16:45:44.703+00",NULL,NULL
2828,"Jalgaon","India","Maharashtra","2020-04-07 16:45:44.737+00","2020-04-07 16:45:44.737+00",NULL,NULL
2829,"Sinkhed Raja","India","Maharashtra","2020-04-07 16:45:44.854+00","2020-04-07 16:45:44.854+00",NULL,NULL
2830,"Mehkar","India","Maharashtra","2020-04-07 16:45:44.825+00","2020-04-07 16:45:44.825+00",NULL,NULL
2831,"Sindkhed Raja","India","Maharashtra","2020-04-07 16:45:44.785+00","2020-04-07 16:45:44.785+00",NULL,NULL
2832,"Lonar","India","Maharashtra","2020-04-07 16:45:44.885+00","2020-04-07 16:45:44.885+00",NULL,NULL
2833,"Shegaon","India","Maharashtra","2020-04-07 16:45:44.909+00","2020-04-07 16:45:44.909+00",NULL,NULL
2834,"Desaiganj","India","Maharashtra","2020-04-07 16:45:44.947+00","2020-04-07 16:45:44.947+00",NULL,NULL
2835,"Chimur","India","Maharashtra","2020-04-07 16:45:44.941+00","2020-04-07 16:45:44.941+00",NULL,NULL
2836,"Dhanora","India","Maharashtra","2020-04-07 16:45:44.97+00","2020-04-07 16:45:44.97+00",NULL,NULL
2837,"Ettapalli","India","Maharashtra","2020-04-07 16:45:44.993+00","2020-04-07 16:45:44.993+00",NULL,NULL
2838,"Chandrapur","India","Maharashtra","2020-04-07 16:45:45.501+00","2020-04-07 16:45:45.501+00",NULL,NULL
2839,"Gadchiroli","India","Maharashtra","2020-04-07 16:45:45.428+00","2020-04-07 16:45:45.428+00",NULL,NULL
2840,"Chamorshi","India","Maharashtra","2020-04-07 16:45:45.466+00","2020-04-07 16:45:45.466+00",NULL,NULL
2841,"Aheri","India","Maharashtra","2020-04-07 16:45:45.557+00","2020-04-07 16:45:45.557+00",NULL,NULL
2842,"Gondpipri","India","Maharashtra","2020-04-07 16:45:45.527+00","2020-04-07 16:45:45.527+00",NULL,NULL
2843,"Kurkheda","India","Maharashtra","2020-04-07 16:45:45.591+00","2020-04-07 16:45:45.591+00",NULL,NULL
2844,"Nabhid","India","Maharashtra","2020-04-07 16:45:45.652+00","2020-04-07 16:45:45.652+00",NULL,NULL
2845,"Mul","India","Maharashtra","2020-04-07 16:45:45.627+00","2020-04-07 16:45:45.627+00",NULL,NULL
2846,"Rajura","India","Maharashtra","2020-04-07 16:45:45.691+00","2020-04-07 16:45:45.691+00",NULL,NULL
2847,"Saoli","India","Maharashtra","2020-04-07 16:45:45.717+00","2020-04-07 16:45:45.717+00",NULL,NULL
2848,"Bhadrawati","India","Maharashtra","2020-04-07 16:45:45.78+00","2020-04-07 16:45:45.78+00",NULL,NULL
2849,"Warora","India","Maharashtra","2020-04-07 16:45:45.744+00","2020-04-07 16:45:45.744+00",NULL,NULL
2850,"Sindewahi","India","Maharashtra","2020-04-07 16:45:45.803+00","2020-04-07 16:45:45.803+00",NULL,NULL
2851,"Nagbhid","India","Maharashtra","2020-04-07 16:45:45.851+00","2020-04-07 16:45:45.851+00",NULL,NULL
2852,"Sironcha","India","Maharashtra","2020-04-07 16:45:45.828+00","2020-04-07 16:45:45.828+00",NULL,NULL
2853,"Armori","India","Maharashtra","2020-04-07 16:45:46.353+00","2020-04-07 16:45:46.353+00",NULL,NULL
2854,"Korpana","India","Maharashtra","2020-04-07 16:45:46.324+00","2020-04-07 16:45:46.324+00",NULL,NULL
2855,"Ballarpur","India","Maharashtra","2020-04-07 16:45:46.764+00","2020-04-07 16:45:46.764+00",NULL,NULL
2856,"Bhamragadh","India","Maharashtra","2020-04-07 16:45:46.642+00","2020-04-07 16:45:46.642+00",NULL,NULL
2857,"Bramhapuri","India","Maharashtra","2020-04-07 16:45:46.8+00","2020-04-07 16:45:46.8+00",NULL,NULL
2858,"Chandur","India","Maharashtra","2020-04-07 16:45:47.252+00","2020-04-07 16:45:47.252+00",NULL,NULL
2859,"Sindkheda","India","Maharashtra","2020-04-07 16:45:47.279+00","2020-04-07 16:45:47.279+00",NULL,NULL
2860,"Akkalkuwa","India","Maharashtra","2020-04-07 16:45:47.272+00","2020-04-07 16:45:47.272+00",NULL,NULL
2861,"Taloda","India","Maharashtra","2020-04-07 16:45:47.321+00","2020-04-07 16:45:47.321+00",NULL,NULL
2862,"Shirpur","India","Maharashtra","2020-04-07 16:45:47.347+00","2020-04-07 16:45:47.347+00",NULL,NULL
2863,"Shindkheda","India","Maharashtra","2020-04-07 16:45:47.581+00","2020-04-07 16:45:47.581+00",NULL,NULL
2864,"Navapur","India","Maharashtra","2020-04-07 16:45:47.607+00","2020-04-07 16:45:47.607+00",NULL,NULL
2865,"Dhadgaon","India","Maharashtra","2020-04-07 16:45:47.632+00","2020-04-07 16:45:47.632+00",NULL,NULL
2866,"Sakri","India","Maharashtra","2020-04-07 16:45:47.858+00","2020-04-07 16:45:47.858+00",NULL,NULL
2867,"Dhule","India","Maharashtra","2020-04-07 16:45:47.696+00","2020-04-07 16:45:47.696+00",NULL,NULL
2868,"Sindkhede","India","Maharashtra","2020-04-07 16:45:47.823+00","2020-04-07 16:45:47.823+00",NULL,NULL
2869,"Shahada","India","Maharashtra","2020-04-07 16:45:47.9+00","2020-04-07 16:45:47.9+00",NULL,NULL
2870,"Nandurbar","India","Maharashtra","2020-04-07 16:45:47.942+00","2020-04-07 16:45:47.942+00",NULL,NULL
2871,"Shahade","India","Maharashtra","2020-04-07 16:45:48.005+00","2020-04-07 16:45:48.005+00",NULL,NULL
2872,"Amalner","India","Maharashtra","2020-04-07 16:45:48.608+00","2020-04-07 16:45:48.608+00",NULL,NULL
2873,"Dharangaon","India","Maharashtra","2020-04-07 16:45:48.696+00","2020-04-07 16:45:48.696+00",NULL,NULL
2874,"Chalisgaon","India","Maharashtra","2020-04-07 16:45:48.802+00","2020-04-07 16:45:48.802+00",NULL,NULL
2875,"Pachora","India","Maharashtra","2020-04-07 16:45:48.779+00","2020-04-07 16:45:48.779+00",NULL,NULL
2876,"Bhadgaon","India","Maharashtra","2020-04-07 16:45:48.84+00","2020-04-07 16:45:48.84+00",NULL,NULL
2877,"Erandol","India","Maharashtra","2020-04-07 16:45:48.87+00","2020-04-07 16:45:48.87+00",NULL,NULL
2878,"Parola","India","Maharashtra","2020-04-07 16:45:48.817+00","2020-04-07 16:45:48.817+00",NULL,NULL
2879,"Kagal","India","Maharashtra","2020-04-07 16:45:48.946+00","2020-04-07 16:45:48.946+00",NULL,NULL
2880,"Bhudargad","India","Maharashtra","2020-04-07 16:45:48.966+00","2020-04-07 16:45:48.966+00",NULL,NULL
2881,"Gadhinglaj","India","Maharashtra","2020-04-07 16:45:48.999+00","2020-04-07 16:45:48.999+00",NULL,NULL
2882,"Karvir","India","Maharashtra","2020-04-07 16:45:49.027+00","2020-04-07 16:45:49.027+00",NULL,NULL
2883,"Chandgad","India","Maharashtra","2020-04-07 16:45:49.122+00","2020-04-07 16:45:49.122+00",NULL,NULL
2884,"Karveer","India","Maharashtra","2020-04-07 16:45:49.356+00","2020-04-07 16:45:49.356+00",NULL,NULL
2885,"Ajara","India","Maharashtra","2020-04-07 16:45:49.667+00","2020-04-07 16:45:49.667+00",NULL,NULL
2886,"Shahuwadi","India","Maharashtra","2020-04-07 16:45:49.606+00","2020-04-07 16:45:49.606+00",NULL,NULL
2887,"Gaganbavada","India","Maharashtra","2020-04-07 16:45:49.729+00","2020-04-07 16:45:49.729+00",NULL,NULL
2888,"Hatkanangle","India","Maharashtra","2020-04-07 16:45:49.777+00","2020-04-07 16:45:49.777+00",NULL,NULL
2889,"Hatkalangada","India","Maharashtra","2020-04-07 16:45:49.806+00","2020-04-07 16:45:49.806+00",NULL,NULL
2890,"Hatkanagale","India","Maharashtra","2020-04-07 16:45:49.873+00","2020-04-07 16:45:49.873+00",NULL,NULL
2891,"Panhala","India","Maharashtra","2020-04-07 16:45:49.849+00","2020-04-07 16:45:49.849+00",NULL,NULL
2892,"Radhanagari","India","Maharashtra","2020-04-07 16:45:49.947+00","2020-04-07 16:45:49.947+00",NULL,NULL
2893,"Shirol","India","Maharashtra","2020-04-07 16:45:50.075+00","2020-04-07 16:45:50.075+00",NULL,NULL
2894,"Kalwan","India","Maharashtra","2020-04-07 16:45:50.189+00","2020-04-07 16:45:50.189+00",NULL,NULL
2895,"Yeola","India","Maharashtra","2020-04-07 16:45:50.213+00","2020-04-07 16:45:50.213+00",NULL,NULL
2896,"Chandwad","India","Maharashtra","2020-04-07 16:45:50.236+00","2020-04-07 16:45:50.236+00",NULL,NULL
2897,"Malegaon","India","Maharashtra","2020-04-07 16:45:50.52+00","2020-04-07 16:45:50.52+00",NULL,NULL
2898,"Devla","India","Maharashtra","2020-04-07 16:45:50.549+00","2020-04-07 16:45:50.549+00",NULL,NULL
2899,"Satana","India","Maharashtra","2020-04-07 16:45:50.578+00","2020-04-07 16:45:50.578+00",NULL,NULL
2900,"Niphad","India","Maharashtra","2020-04-07 16:45:50.621+00","2020-04-07 16:45:50.621+00",NULL,NULL
2901,"Dindori","India","Maharashtra","2020-04-07 16:45:50.652+00","2020-04-07 16:45:50.652+00",NULL,NULL
2902,"Nandgaon","India","Maharashtra","2020-04-07 16:45:50.74+00","2020-04-07 16:45:50.74+00",NULL,NULL
2903,"Nagpur","India","Maharashtra","2020-04-07 16:45:50.884+00","2020-04-07 16:45:50.884+00",NULL,NULL
2904,"Nashik","India","Maharashtra","2020-04-07 16:45:50.689+00","2020-04-07 16:45:50.689+00",NULL,NULL
2905,"Arjuni Morgaon","India","Maharashtra","2020-04-07 16:45:51.203+00","2020-04-07 16:45:51.203+00",NULL,NULL
2906,"Deori","India","Maharashtra","2020-04-07 16:45:51.229+00","2020-04-07 16:45:51.229+00",NULL,NULL
2907,"Gondiya","India","Maharashtra","2020-04-07 16:45:51.253+00","2020-04-07 16:45:51.253+00",NULL,NULL
2908,"Sadak Arjuni","India","Maharashtra","2020-04-07 16:45:51.312+00","2020-04-07 16:45:51.312+00",NULL,NULL
2909,"Goregaon","India","Maharashtra","2020-04-07 16:45:51.282+00","2020-04-07 16:45:51.282+00",NULL,NULL
2910,"Salekasa","India","Maharashtra","2020-04-07 16:45:51.339+00","2020-04-07 16:45:51.339+00",NULL,NULL
2911,"Tirora","India","Maharashtra","2020-04-07 16:45:51.369+00","2020-04-07 16:45:51.369+00",NULL,NULL
2912,"Bhiwapur","India","Maharashtra","2020-04-07 16:45:51.393+00","2020-04-07 16:45:51.393+00",NULL,NULL
2913,"Narkhed","India","Maharashtra","2020-04-07 16:45:51.418+00","2020-04-07 16:45:51.418+00",NULL,NULL
2914,"Kalmeshwar","India","Maharashtra","2020-04-07 16:45:51.442+00","2020-04-07 16:45:51.442+00",NULL,NULL
2915,"Saoner","India","Maharashtra","2020-04-07 16:45:51.5+00","2020-04-07 16:45:51.5+00",NULL,NULL
2916,"Parseoni","India","Maharashtra","2020-04-07 16:45:51.466+00","2020-04-07 16:45:51.466+00",NULL,NULL
2917,"Nagpur (Urban)","India","Maharashtra","2020-04-07 16:45:51.776+00","2020-04-07 16:45:51.776+00",NULL,NULL
2918,"Katol","India","Maharashtra","2020-04-07 16:45:51.544+00","2020-04-07 16:45:51.544+00",NULL,NULL
2919,"Hingna","India","Maharashtra","2020-04-07 16:45:51.811+00","2020-04-07 16:45:51.811+00",NULL,NULL
2920,"Nagpur (Rural)","India","Maharashtra","2020-04-07 16:45:51.849+00","2020-04-07 16:45:51.849+00",NULL,NULL
2921,"Kuhi","India","Maharashtra","2020-04-07 16:45:51.91+00","2020-04-07 16:45:51.91+00",NULL,NULL
2922,"Kamptee","India","Maharashtra","2020-04-07 16:45:51.873+00","2020-04-07 16:45:51.873+00",NULL,NULL
2923,"Mauda","India","Maharashtra","2020-04-07 16:45:51.971+00","2020-04-07 16:45:51.971+00",NULL,NULL
2924,"Ramtek","India","Maharashtra","2020-04-07 16:45:52.5+00","2020-04-07 16:45:52.5+00",NULL,NULL
2925,"Bhandara","India","Maharashtra","2020-04-07 16:45:52.563+00","2020-04-07 16:45:52.563+00",NULL,NULL
2926,"Narkher","India","Maharashtra","2020-04-07 16:45:52.224+00","2020-04-07 16:45:52.224+00",NULL,NULL
2927,"Umred","India","Maharashtra","2020-04-07 16:45:52.543+00","2020-04-07 16:45:52.543+00",NULL,NULL
2928,"Lakhandur","India","Maharashtra","2020-04-07 16:45:52.591+00","2020-04-07 16:45:52.591+00",NULL,NULL
2929,"Tumsar","India","Maharashtra","2020-04-07 16:45:52.619+00","2020-04-07 16:45:52.619+00",NULL,NULL
2930,"Pauni","India","Maharashtra","2020-04-07 16:45:52.645+00","2020-04-07 16:45:52.645+00",NULL,NULL
2931,"Mohadi","India","Maharashtra","2020-04-07 16:45:52.768+00","2020-04-07 16:45:52.768+00",NULL,NULL
2932,"Lakhni","India","Maharashtra","2020-04-07 16:45:52.721+00","2020-04-07 16:45:52.721+00",NULL,NULL
2933,"Sakoli","India","Maharashtra","2020-04-07 16:45:52.829+00","2020-04-07 16:45:52.829+00",NULL,NULL
2934,"Amgaon","India","Maharashtra","2020-04-07 16:45:52.853+00","2020-04-07 16:45:52.853+00",NULL,NULL
2935,"Naigaon","India","Maharashtra","2020-04-07 16:45:52.857+00","2020-04-07 16:45:52.857+00",NULL,NULL
2936,"Bhokar","India","Maharashtra","2020-04-07 16:45:52.87+00","2020-04-07 16:45:52.87+00",NULL,NULL
2937,"Hadgaon","India","Maharashtra","2020-04-07 16:45:52.885+00","2020-04-07 16:45:52.885+00",NULL,NULL
2938,"Loha","India","Maharashtra","2020-04-07 16:45:52.898+00","2020-04-07 16:45:52.898+00",NULL,NULL
2939,"Degloor","India","Maharashtra","2020-04-07 16:45:52.922+00","2020-04-07 16:45:52.922+00",NULL,NULL
2940,"Umari","India","Maharashtra","2020-04-07 16:45:52.972+00","2020-04-07 16:45:52.972+00",NULL,NULL
2941,"Ardhapur","India","Maharashtra","2020-04-07 16:45:53+00","2020-04-07 16:45:53+00",NULL,NULL
2942,"Kandhar","India","Maharashtra","2020-04-07 16:45:53.062+00","2020-04-07 16:45:53.062+00",NULL,NULL
2943,"Mudkhed","India","Maharashtra","2020-04-07 16:45:53.043+00","2020-04-07 16:45:53.043+00",NULL,NULL
2944,"Biloli","India","Maharashtra","2020-04-07 16:45:53.085+00","2020-04-07 16:45:53.085+00",NULL,NULL
2945,"Kinwat","India","Maharashtra","2020-04-07 16:45:53.324+00","2020-04-07 16:45:53.324+00",NULL,NULL
2946,"Nanded","India","Maharashtra","2020-04-07 16:45:53.357+00","2020-04-07 16:45:53.357+00",NULL,NULL
2947,"Himayatnagar","India","Maharashtra","2020-04-07 16:45:53.422+00","2020-04-07 16:45:53.422+00",NULL,NULL
2948,"Mukhed","India","Maharashtra","2020-04-07 16:45:53.463+00","2020-04-07 16:45:53.463+00",NULL,NULL
2949,"Dharmabad","India","Maharashtra","2020-04-07 16:45:53.486+00","2020-04-07 16:45:53.486+00",NULL,NULL
2950,"Igatpuri","India","Maharashtra","2020-04-07 16:45:53.676+00","2020-04-07 16:45:53.676+00",NULL,NULL
2951,"Peint","India","Maharashtra","2020-04-07 16:45:53.726+00","2020-04-07 16:45:53.726+00",NULL,NULL
2952,"Trimbak","India","Maharashtra","2020-04-07 16:45:53.754+00","2020-04-07 16:45:53.754+00",NULL,NULL
2953,"Sinnar","India","Maharashtra","2020-04-07 16:45:53.807+00","2020-04-07 16:45:53.807+00",NULL,NULL
2954,"Surgana","India","Maharashtra","2020-04-07 16:45:53.78+00","2020-04-07 16:45:53.78+00",NULL,NULL
2955,"Trimbakeshwar","India","Maharashtra","2020-04-07 16:45:53.962+00","2020-04-07 16:45:53.962+00",NULL,NULL
2956,"Digha","India","Maharashtra","2020-04-07 16:45:54.032+00","2020-04-07 16:45:54.032+00",NULL,NULL
2957,"Thane","India","Maharashtra","2020-04-07 16:45:54.053+00","2020-04-07 16:45:54.053+00",NULL,NULL
2958,"Rabale","India","Maharashtra","2020-04-07 16:45:54.069+00","2020-04-07 16:45:54.069+00",NULL,NULL
2959,"Uran","India","Maharashtra","2020-04-07 16:45:54.125+00","2020-04-07 16:45:54.125+00",NULL,NULL
2960,"Karjat","India","Maharashtra","2020-04-07 16:45:54.152+00","2020-04-07 16:45:54.152+00",NULL,NULL
2961,"Panvel","India","Maharashtra","2020-04-07 16:45:54.171+00","2020-04-07 16:45:54.171+00",NULL,NULL
2962,"Raigarh(MH)","India","Maharashtra","2020-04-07 16:45:54.185+00","2020-04-07 16:45:54.185+00",NULL,NULL
2963,"Khalapur","India","Maharashtra","2020-04-07 16:45:54.198+00","2020-04-07 16:45:54.198+00",NULL,NULL
2964,"Khopoli","India","Maharashtra","2020-04-07 16:45:54.218+00","2020-04-07 16:45:54.218+00",NULL,NULL
2965,"Ausa","India","Maharashtra","2020-04-07 16:45:54.32+00","2020-04-07 16:45:54.32+00",NULL,NULL
2966,"Ahmedpur","India","Maharashtra","2020-04-07 16:45:54.277+00","2020-04-07 16:45:54.277+00",NULL,NULL
2967,"Nilanga","India","Maharashtra","2020-04-07 16:45:54.298+00","2020-04-07 16:45:54.298+00",NULL,NULL
2968,"Latur","India","Maharashtra","2020-04-07 16:45:54.338+00","2020-04-07 16:45:54.338+00",NULL,NULL
2969,"Chakur","India","Maharashtra","2020-04-07 16:45:54.356+00","2020-04-07 16:45:54.356+00",NULL,NULL
2970,"Jalkot","India","Maharashtra","2020-04-07 16:45:54.389+00","2020-04-07 16:45:54.389+00",NULL,NULL
2971,"Deoni","India","Maharashtra","2020-04-07 16:45:54.369+00","2020-04-07 16:45:54.369+00",NULL,NULL
2972,"Renapur","India","Maharashtra","2020-04-07 16:45:54.445+00","2020-04-07 16:45:54.445+00",NULL,NULL
2973,"Shirur Anantpal","India","Maharashtra","2020-04-07 16:45:54.475+00","2020-04-07 16:45:54.475+00",NULL,NULL
2974,"Udgir","India","Maharashtra","2020-04-07 16:45:54.502+00","2020-04-07 16:45:54.502+00",NULL,NULL
2975,"Jintur","India","Maharashtra","2020-04-07 16:45:54.55+00","2020-04-07 16:45:54.55+00",NULL,NULL
2976,"Jalna","India","Maharashtra","2020-04-07 16:45:54.518+00","2020-04-07 16:45:54.518+00",NULL,NULL
2977,"Parbhani","India","Maharashtra","2020-04-07 16:45:54.583+00","2020-04-07 16:45:54.583+00",NULL,NULL
2978,"Gangakhed","India","Maharashtra","2020-04-07 16:45:54.606+00","2020-04-07 16:45:54.606+00",NULL,NULL
2979,"Manwath","India","Maharashtra","2020-04-07 16:45:54.64+00","2020-04-07 16:45:54.64+00",NULL,NULL
2980,"Purna","India","Maharashtra","2020-04-07 16:45:54.753+00","2020-04-07 16:45:54.753+00",NULL,NULL
2981,"Sailu","India","Maharashtra","2020-04-07 16:45:55.008+00","2020-04-07 16:45:55.008+00",NULL,NULL
2982,"Palam","India","Maharashtra","2020-04-07 16:45:54.678+00","2020-04-07 16:45:54.678+00",NULL,NULL
2983,"Pathri","India","Maharashtra","2020-04-07 16:45:54.709+00","2020-04-07 16:45:54.709+00",NULL,NULL
2984,"Sonpeth","India","Maharashtra","2020-04-07 16:45:55.051+00","2020-04-07 16:45:55.051+00",NULL,NULL
2985,"Kalamnuri","India","Maharashtra","2020-04-07 16:45:55.08+00","2020-04-07 16:45:55.08+00",NULL,NULL
2986,"Aundha Nagnath","India","Maharashtra","2020-04-07 16:45:55.101+00","2020-04-07 16:45:55.101+00",NULL,NULL
2987,"Basmathnagar","India","Maharashtra","2020-04-07 16:45:55.126+00","2020-04-07 16:45:55.126+00",NULL,NULL
2988,"Sengaon","India","Maharashtra","2020-04-07 16:45:55.374+00","2020-04-07 16:45:55.374+00",NULL,NULL
2989,"Hingoli","India","Maharashtra","2020-04-07 16:45:55.399+00","2020-04-07 16:45:55.399+00",NULL,NULL
2990,"Bhor","India","Maharashtra","2020-04-07 16:45:56.812+00","2020-04-07 16:45:56.812+00",NULL,NULL
2991,"Indapur","India","Maharashtra","2020-04-07 16:45:56.575+00","2020-04-07 16:45:56.575+00",NULL,NULL
2992,"Daund","India","Maharashtra","2020-04-07 16:45:56.315+00","2020-04-07 16:45:56.315+00",NULL,NULL
2993,"Mawal","India","Maharashtra","2020-04-07 16:45:56.548+00","2020-04-07 16:45:56.548+00",NULL,NULL
2994,"Junnar","India","Maharashtra","2020-04-07 16:45:56.841+00","2020-04-07 16:45:56.841+00",NULL,NULL
2995,"Maval","India","Maharashtra","2020-04-07 16:45:56.87+00","2020-04-07 16:45:56.87+00",NULL,NULL
2996,"Velhe","India","Maharashtra","2020-04-07 16:45:56.918+00","2020-04-07 16:45:56.918+00",NULL,NULL
2997,"Shirur","India","Maharashtra","2020-04-07 16:45:56.894+00","2020-04-07 16:45:56.894+00",NULL,NULL
2998,"Baramati","India","Maharashtra","2020-04-07 16:45:56.97+00","2020-04-07 16:45:56.97+00",NULL,NULL
2999,"Purandar","India","Maharashtra","2020-04-07 16:45:56.946+00","2020-04-07 16:45:56.946+00",NULL,NULL
3000,"Khed","India","Maharashtra","2020-04-07 16:45:57.444+00","2020-04-07 16:45:57.444+00",NULL,NULL
3001,"Haveli","India","Maharashtra","2020-04-07 16:45:57.486+00","2020-04-07 16:45:57.486+00",NULL,NULL
3002,"Mulshi","India","Maharashtra","2020-04-07 16:45:57.724+00","2020-04-07 16:45:57.724+00",NULL,NULL
3003,"Ambegaon","India","Maharashtra","2020-04-07 16:45:57.826+00","2020-04-07 16:45:57.826+00",NULL,NULL
3004,"Pune City","India","Maharashtra","2020-04-07 16:45:58.197+00","2020-04-07 16:45:58.197+00",NULL,NULL
3005,"Mhasla","India","Maharashtra","2020-04-07 16:45:58.427+00","2020-04-07 16:45:58.427+00",NULL,NULL
3006,"Shriwardhan","India","Maharashtra","2020-04-07 16:45:58.453+00","2020-04-07 16:45:58.453+00",NULL,NULL
3007,"Roha","India","Maharashtra","2020-04-07 16:45:58.482+00","2020-04-07 16:45:58.482+00",NULL,NULL
3008,"Mahad","India","Maharashtra","2020-04-07 16:45:58.539+00","2020-04-07 16:45:58.539+00",NULL,NULL
3009,"Alibag","India","Maharashtra","2020-04-07 16:45:58.514+00","2020-04-07 16:45:58.515+00",NULL,NULL
3010,"Murud","India","Maharashtra","2020-04-07 16:45:58.58+00","2020-04-07 16:45:58.58+00",NULL,NULL
3011,"Mangaon","India","Maharashtra","2020-04-07 16:45:58.631+00","2020-04-07 16:45:58.631+00",NULL,NULL
3012,"Sudhagad","India","Maharashtra","2020-04-07 16:45:58.956+00","2020-04-07 16:45:58.956+00",NULL,NULL
3013,"Pen","India","Maharashtra","2020-04-07 16:45:59.188+00","2020-04-07 16:45:59.188+00",NULL,NULL
3014,"Poladpur","India","Maharashtra","2020-04-07 16:45:59.266+00","2020-04-07 16:45:59.266+00",NULL,NULL
3015,"Chiplun","India","Maharashtra","2020-04-07 16:45:59.345+00","2020-04-07 16:45:59.345+00",NULL,NULL
3016,"Dapoli","India","Maharashtra","2020-04-07 16:45:59.381+00","2020-04-07 16:45:59.381+00",NULL,NULL
3017,"Guhagar","India","Maharashtra","2020-04-07 16:45:59.441+00","2020-04-07 16:45:59.441+00",NULL,NULL
3018,"Mandangad","India","Maharashtra","2020-04-07 16:45:59.482+00","2020-04-07 16:45:59.482+00",NULL,NULL
3019,"Sangmeshwar","India","Maharashtra","2020-04-07 16:45:59.795+00","2020-04-07 16:45:59.795+00",NULL,NULL
3020,"Lanja","India","Maharashtra","2020-04-07 16:45:59.766+00","2020-04-07 16:45:59.766+00",NULL,NULL
3021,"Rajapur","India","Maharashtra","2020-04-07 16:45:59.732+00","2020-04-07 16:45:59.732+00",NULL,NULL
3022,"Ratnagiri","India","Maharashtra","2020-04-07 16:45:59.824+00","2020-04-07 16:45:59.824+00",NULL,NULL
3023,"Khed","India","Maharashtra","2020-04-07 16:46:01.424+00","2020-04-07 16:46:01.424+00",NULL,NULL
3024,"Phaltan","India","Maharashtra","2020-04-07 16:46:01.559+00","2020-04-07 16:46:01.559+00",NULL,NULL
3025,"Jawali","India","Maharashtra","2020-04-07 16:46:01.585+00","2020-04-07 16:46:01.585+00",NULL,NULL
3026,"Satara","India","Maharashtra","2020-04-07 16:46:01.61+00","2020-04-07 16:46:01.61+00",NULL,NULL
3027,"Wai","India","Maharashtra","2020-04-07 16:46:01.852+00","2020-04-07 16:46:01.852+00",NULL,NULL
3028,"Khatav","India","Maharashtra","2020-04-07 16:46:01.908+00","2020-04-07 16:46:01.908+00",NULL,NULL
3029,"Khandala","India","Maharashtra","2020-04-07 16:46:02.189+00","2020-04-07 16:46:02.189+00",NULL,NULL
3030,"Koregaon","India","Maharashtra","2020-04-07 16:46:02.47+00","2020-04-07 16:46:02.47+00",NULL,NULL
3031,"Jawoli","India","Maharashtra","2020-04-07 16:46:02.507+00","2020-04-07 16:46:02.507+00",NULL,NULL
3032,"Mahabaleshwar","India","Maharashtra","2020-04-07 16:46:02.545+00","2020-04-07 16:46:02.545+00",NULL,NULL
3033,"Man (dahiwadi)","India","Maharashtra","2020-04-07 16:46:02.571+00","2020-04-07 16:46:02.571+00",NULL,NULL
3034,"Khandala Bawada","India","Maharashtra","2020-04-07 16:46:02.771+00","2020-04-07 16:46:02.771+00",NULL,NULL
3035,"Patan","India","Maharashtra","2020-04-07 16:46:02.857+00","2020-04-07 16:46:02.857+00",NULL,NULL
3036,"Karad","India","Maharashtra","2020-04-07 16:46:02.884+00","2020-04-07 16:46:02.884+00",NULL,NULL
3037,"Man","India","Maharashtra","2020-04-07 16:46:02.916+00","2020-04-07 16:46:02.916+00",NULL,NULL
3038,"Rahta","India","Maharashtra","2020-04-07 16:46:03.097+00","2020-04-07 16:46:03.097+00",NULL,NULL
3039,"Kopergaon","India","Maharashtra","2020-04-07 16:46:03.332+00","2020-04-07 16:46:03.332+00",NULL,NULL
3040,"Akole","India","Maharashtra","2020-04-07 16:46:03.581+00","2020-04-07 16:46:03.581+00",NULL,NULL
3041,"Rahata","India","Maharashtra","2020-04-07 16:46:03.936+00","2020-04-07 16:46:03.936+00",NULL,NULL
3042,"Nevasa","India","Maharashtra","2020-04-07 16:46:03.606+00","2020-04-07 16:46:03.606+00",NULL,NULL
3043,"Shrirampur.","India","Maharashtra","2020-04-07 16:46:03.98+00","2020-04-07 16:46:03.98+00",NULL,NULL
3044,"Kopargaon","India","Maharashtra","2020-04-07 16:46:04.062+00","2020-04-07 16:46:04.062+00",NULL,NULL
3045,"Sangamner","India","Maharashtra","2020-04-07 16:46:03.964+00","2020-04-07 16:46:03.964+00",NULL,NULL
3046,"Shrirampur","India","Maharashtra","2020-04-07 16:46:04.328+00","2020-04-07 16:46:04.328+00",NULL,NULL
3047,"Kankavli","India","Maharashtra","2020-04-07 16:46:04.473+00","2020-04-07 16:46:04.473+00",NULL,NULL
3048,"Malvan","India","Maharashtra","2020-04-07 16:46:04.526+00","2020-04-07 16:46:04.526+00",NULL,NULL
3049,"Kudal","India","Maharashtra","2020-04-07 16:46:04.501+00","2020-04-07 16:46:04.501+00",NULL,NULL
3050,"Devgad","India","Maharashtra","2020-04-07 16:46:04.559+00","2020-04-07 16:46:04.559+00",NULL,NULL
3051,"Kanakvli","India","Maharashtra","2020-04-07 16:46:04.701+00","2020-04-07 16:46:04.701+00",NULL,NULL
3052,"Sawantwadi","India","Maharashtra","2020-04-07 16:46:04.782+00","2020-04-07 16:46:04.782+00",NULL,NULL
3053,"Dodamarg","India","Maharashtra","2020-04-07 16:46:04.816+00","2020-04-07 16:46:04.816+00",NULL,NULL
3054,"Sindhudurgkudal","India","Maharashtra","2020-04-07 16:46:04.85+00","2020-04-07 16:46:04.85+00",NULL,NULL
3055,"Vaibhavwadi","India","Maharashtra","2020-04-07 16:46:04.745+00","2020-04-07 16:46:04.745+00",NULL,NULL
3056,"Vengurla","India","Maharashtra","2020-04-07 16:46:04.902+00","2020-04-07 16:46:04.902+00",NULL,NULL
3057,"Akkalkot","India","Maharashtra","2020-04-07 16:46:04.983+00","2020-04-07 16:46:04.983+00",NULL,NULL
3058,"Barshi","India","Maharashtra","2020-04-07 16:46:04.958+00","2020-04-07 16:46:04.958+00",NULL,NULL
3059,"South Solapur","India","Maharashtra","2020-04-07 16:46:05.014+00","2020-04-07 16:46:05.014+00",NULL,NULL
3060,"Madha","India","Maharashtra","2020-04-07 16:46:05.046+00","2020-04-07 16:46:05.046+00",NULL,NULL
3061,"North Solapur","India","Maharashtra","2020-04-07 16:46:05.08+00","2020-04-07 16:46:05.08+00",NULL,NULL
3062,"Mohol","India","Maharashtra","2020-04-07 16:46:05.552+00","2020-04-07 16:46:05.552+00",NULL,NULL
3063,"Solapur North","India","Maharashtra","2020-04-07 16:46:05.848+00","2020-04-07 16:46:05.848+00",NULL,NULL
3064,"Solapur South","India","Maharashtra","2020-04-07 16:46:05.919+00","2020-04-07 16:46:05.919+00",NULL,NULL
3065,"Kalyan","India","Maharashtra","2020-04-07 16:46:06.093+00","2020-04-07 16:46:06.093+00",NULL,NULL
3066,"Ambarnath","India","Maharashtra","2020-04-07 16:46:06.068+00","2020-04-07 16:46:06.068+00",NULL,NULL
3067,"Shahapur","India","Maharashtra","2020-04-07 16:46:06.181+00","2020-04-07 16:46:06.181+00",NULL,NULL
3068,"Bhiwandi","India","Maharashtra","2020-04-07 16:46:06.207+00","2020-04-07 16:46:06.207+00",NULL,NULL
3069,"Murbad","India","Maharashtra","2020-04-07 16:46:06.316+00","2020-04-07 16:46:06.316+00",NULL,NULL
3070,"Dadar","India","Maharashtra","2020-04-07 16:46:06.409+00","2020-04-07 16:46:06.409+00",NULL,NULL
3071,"Amaravati","India","Maharashtra","2020-04-07 16:46:06.498+00","2020-04-07 16:46:06.498+00",NULL,NULL
3072,"Mumbai","India","Maharashtra","2020-04-07 16:46:06.463+00","2020-04-07 16:46:06.463+00",NULL,NULL
3073,"Palghar","India","Maharashtra","2020-04-07 16:46:06.524+00","2020-04-07 16:46:06.524+00",NULL,NULL
3074,"Osmanabad","India","Maharashtra","2020-04-07 16:46:06.593+00","2020-04-07 16:46:06.593+00",NULL,NULL
3075,"Tuljapur","India","Maharashtra","2020-04-07 16:46:06.618+00","2020-04-07 16:46:06.618+00",NULL,NULL
3076,"Dahanu","India","Maharashtra","2020-04-07 16:46:06.565+00","2020-04-07 16:46:06.565+00",NULL,NULL
3077,"Kallam","India","Maharashtra","2020-04-07 16:46:06.974+00","2020-04-07 16:46:06.974+00",NULL,NULL
3078,"Vashi","India","Maharashtra","2020-04-07 16:46:06.944+00","2020-04-07 16:46:06.944+00",NULL,NULL
3079,"Vasai","India","Maharashtra","2020-04-07 16:46:07.016+00","2020-04-07 16:46:07.016+00",NULL,NULL
3080,"Bassein","India","Maharashtra","2020-04-07 16:46:07.082+00","2020-04-07 16:46:07.082+00",NULL,NULL
3081,"Jawhar","India","Maharashtra","2020-04-07 16:46:07.15+00","2020-04-07 16:46:07.15+00",NULL,NULL
3082,"Talasari","India","Maharashtra","2020-04-07 16:46:07.508+00","2020-04-07 16:46:07.508+00",NULL,NULL
3083,"Mokhada","India","Maharashtra","2020-04-07 16:46:07.424+00","2020-04-07 16:46:07.424+00",NULL,NULL
3084,"Wada","India","Maharashtra","2020-04-07 16:46:07.538+00","2020-04-07 16:46:07.538+00",NULL,NULL
3085,"Vikramgad","India","Maharashtra","2020-04-07 16:46:07.587+00","2020-04-07 16:46:07.587+00",NULL,NULL
3086,"Aurangabad","India","Maharashtra","2020-04-07 16:46:07.598+00","2020-04-07 16:46:07.598+00",NULL,NULL
3087,"Goregaon East","India","Maharashtra","2020-04-07 16:46:07.625+00","2020-04-07 16:46:07.625+00",NULL,NULL
3088,"Hinganghat","India","Maharashtra","2020-04-07 16:46:07.641+00","2020-04-07 16:46:07.641+00",NULL,NULL
3089,"Arvi","India","Maharashtra","2020-04-07 16:46:07.675+00","2020-04-07 16:46:07.675+00",NULL,NULL
3090,"Wardha","India","Maharashtra","2020-04-07 16:46:07.967+00","2020-04-07 16:46:07.967+00",NULL,NULL
3091,"Ashti","India","Maharashtra","2020-04-07 16:46:07.928+00","2020-04-07 16:46:07.928+00",NULL,NULL
3092,"Deoli","India","Maharashtra","2020-04-07 16:46:08.2+00","2020-04-07 16:46:08.2+00",NULL,NULL
3093,"Samudrapur","India","Maharashtra","2020-04-07 16:46:08.299+00","2020-04-07 16:46:08.299+00",NULL,NULL
3094,"Karanja","India","Maharashtra","2020-04-07 16:46:08.245+00","2020-04-07 16:46:08.245+00",NULL,NULL
3095,"Seloo","India","Maharashtra","2020-04-07 16:46:08.323+00","2020-04-07 16:46:08.323+00",NULL,NULL
3096,"Lohara","India","Maharashtra","2020-04-07 16:46:08.648+00","2020-04-07 16:46:08.648+00",NULL,NULL
3097,"Bhoom","India","Maharashtra","2020-04-07 16:46:08.392+00","2020-04-07 16:46:08.392+00",NULL,NULL
3098,"Omerga","India","Maharashtra","2020-04-07 16:46:08.679+00","2020-04-07 16:46:08.679+00",NULL,NULL
3099,"Paranda","India","Maharashtra","2020-04-07 16:46:08.761+00","2020-04-07 16:46:08.761+00",NULL,NULL
3100,"Akot","India","Maharashtra","2020-04-07 16:46:09.322+00","2020-04-07 16:46:09.322+00",NULL,NULL
3101,"Telhara","India","Maharashtra","2020-04-07 16:46:09.475+00","2020-04-07 16:46:09.475+00",NULL,NULL
3102,"Barshitakli","India","Maharashtra","2020-04-07 16:46:09.376+00","2020-04-07 16:46:09.376+00",NULL,NULL
3103,"Sillod","India","Maharashtra","2020-04-07 16:46:09.754+00","2020-04-07 16:46:09.754+00",NULL,NULL
3104,"Paithan","India","Maharashtra","2020-04-07 16:46:09.813+00","2020-04-07 16:46:09.813+00",NULL,NULL
3105,"Karanja","India","Maharashtra","2020-04-07 16:46:09.51+00","2020-04-07 16:46:09.51+00",NULL,NULL
3106,"Gangapur","India","Maharashtra","2020-04-07 16:46:09.709+00","2020-04-07 16:46:09.709+00",NULL,NULL
3107,"Kannad","India","Maharashtra","2020-04-07 16:46:09.854+00","2020-04-07 16:46:09.854+00",NULL,NULL
3108,"Ambad","India","Maharashtra","2020-04-07 16:46:09.887+00","2020-04-07 16:46:09.887+00",NULL,NULL
3109,"Soegaon","India","Maharashtra","2020-04-07 16:46:09.954+00","2020-04-07 16:46:09.954+00",NULL,NULL
3110,"Badnapur","India","Maharashtra","2020-04-07 16:46:09.925+00","2020-04-07 16:46:09.925+00",NULL,NULL
3111,"Bhokardan","India","Maharashtra","2020-04-07 16:46:09.99+00","2020-04-07 16:46:09.99+00",NULL,NULL
3112,"Ghansawangi","India","Maharashtra","2020-04-07 16:46:10.023+00","2020-04-07 16:46:10.023+00",NULL,NULL
3113,"Jaffrabad","India","Maharashtra","2020-04-07 16:46:10.268+00","2020-04-07 16:46:10.268+00",NULL,NULL
3114,"Ghanwangi","India","Maharashtra","2020-04-07 16:46:10.332+00","2020-04-07 16:46:10.332+00",NULL,NULL
3115,"Khuldabad","India","Maharashtra","2020-04-07 16:46:10.393+00","2020-04-07 16:46:10.393+00",NULL,NULL
3116,"Khultabad","India","Maharashtra","2020-04-07 16:46:10.467+00","2020-04-07 16:46:10.467+00",NULL,NULL
3117,"Vaijapur","India","Maharashtra","2020-04-07 16:46:10.524+00","2020-04-07 16:46:10.524+00",NULL,NULL
3118,"Mulchera","India","Maharashtra","2020-04-07 16:46:10.639+00","2020-04-07 16:46:10.639+00",NULL,NULL
3119,"Phulumbri","India","Maharashtra","2020-04-07 16:46:10.549+00","2020-04-07 16:46:10.549+00",NULL,NULL
3120,"Patoda","India","Maharashtra","2020-04-07 16:46:10.697+00","2020-04-07 16:46:10.697+00",NULL,NULL
3121,"Ambejogai","India","Maharashtra","2020-04-07 16:46:10.728+00","2020-04-07 16:46:10.728+00",NULL,NULL
3122,"Ashti","India","Maharashtra","2020-04-07 16:46:10.769+00","2020-04-07 16:46:10.769+00",NULL,NULL
3123,"Ambajogai","India","Maharashtra","2020-04-07 16:46:10.802+00","2020-04-07 16:46:10.802+00",NULL,NULL
3124,"Beed","India","Maharashtra","2020-04-07 16:46:10.827+00","2020-04-07 16:46:10.827+00",NULL,NULL
3125,"Bid","India","Maharashtra","2020-04-07 16:46:11.076+00","2020-04-07 16:46:11.076+00",NULL,NULL
3126,"Georai","India","Maharashtra","2020-04-07 16:46:11.105+00","2020-04-07 16:46:11.105+00",NULL,NULL
3127,"Kaij","India","Maharashtra","2020-04-07 16:46:11.139+00","2020-04-07 16:46:11.139+00",NULL,NULL
3128,"Kille Dharur","India","Maharashtra","2020-04-07 16:46:11.191+00","2020-04-07 16:46:11.191+00",NULL,NULL
3129,"Manjlegaon","India","Maharashtra","2020-04-07 16:46:11.165+00","2020-04-07 16:46:11.165+00",NULL,NULL
3130,"Parli Vaijinath","India","Maharashtra","2020-04-07 16:46:11.224+00","2020-04-07 16:46:11.224+00",NULL,NULL
3131,"Parli","India","Maharashtra","2020-04-07 16:46:11.255+00","2020-04-07 16:46:11.255+00",NULL,NULL
3132,"Shirur","India","Maharashtra","2020-04-07 16:46:11.306+00","2020-04-07 16:46:11.306+00",NULL,NULL
3133,"Pandharpur","India","Maharashtra","2020-04-07 16:46:11.589+00","2020-04-07 16:46:11.589+00",NULL,NULL
3134,"Majalgaon","India","Maharashtra","2020-04-07 16:46:11.541+00","2020-04-07 16:46:11.541+00",NULL,NULL
3135,"Mangalvedha","India","Maharashtra","2020-04-07 16:46:12.46+00","2020-04-07 16:46:12.46+00",NULL,NULL
3136,"Sangola","India","Maharashtra","2020-04-07 16:46:12.512+00","2020-04-07 16:46:12.512+00",NULL,NULL
3137,"Malsiras","India","Maharashtra","2020-04-07 16:46:12.608+00","2020-04-07 16:46:12.608+00",NULL,NULL
3138,"Mangalvedhe","India","Maharashtra","2020-04-07 16:46:12.641+00","2020-04-07 16:46:12.641+00",NULL,NULL
3139,"Karmala","India","Maharashtra","2020-04-07 16:46:12.538+00","2020-04-07 16:46:12.538+00",NULL,NULL
3140,"Malshiras","India","Maharashtra","2020-04-07 16:46:12.679+00","2020-04-07 16:46:12.679+00",NULL,NULL
3141,"Malsras","India","Maharashtra","2020-04-07 16:46:12.983+00","2020-04-07 16:46:12.983+00",NULL,NULL
3142,"Valva","India","Maharashtra","2020-04-07 16:46:13.765+00","2020-04-07 16:46:13.765+00",NULL,NULL
3143,"Miraj","India","Maharashtra","2020-04-07 16:46:13.729+00","2020-04-07 16:46:13.729+00",NULL,NULL
3144,"Palus","India","Maharashtra","2020-04-07 16:46:13.808+00","2020-04-07 16:46:13.808+00",NULL,NULL
3145,"Kavathe Mahankal","India","Maharashtra","2020-04-07 16:46:13.929+00","2020-04-07 16:46:13.929+00",NULL,NULL
3146,"Jath","India","Maharashtra","2020-04-07 16:46:13.854+00","2020-04-07 16:46:13.854+00",NULL,NULL
3147,"Tasgaon","India","Maharashtra","2020-04-07 16:46:13.98+00","2020-04-07 16:46:13.98+00",NULL,NULL
3148,"Jat","India","Maharashtra","2020-04-07 16:46:14.254+00","2020-04-07 16:46:14.254+00",NULL,NULL
3149,"Kavthe Mahankal","India","Maharashtra","2020-04-07 16:46:14.3+00","2020-04-07 16:46:14.3+00",NULL,NULL
3150,"Kadegaon","India","Maharashtra","2020-04-07 16:46:14.355+00","2020-04-07 16:46:14.355+00",NULL,NULL
3151,"Atpadi","India","Maharashtra","2020-04-07 16:46:14.395+00","2020-04-07 16:46:14.395+00",NULL,NULL
3152,"Khanapur","India","Maharashtra","2020-04-07 16:46:14.49+00","2020-04-07 16:46:14.49+00",NULL,NULL
3153,"Shirala","India","Maharashtra","2020-04-07 16:46:14.529+00","2020-04-07 16:46:14.529+00",NULL,NULL
3154,"Yavatmal","India","Maharashtra","2020-04-07 16:46:14.806+00","2020-04-07 16:46:14.806+00",NULL,NULL
3155,"Pusad","India","Maharashtra","2020-04-07 16:46:14.776+00","2020-04-07 16:46:14.776+00",NULL,NULL
3156,"Ralegaon","India","Maharashtra","2020-04-07 16:46:14.857+00","2020-04-07 16:46:14.857+00",NULL,NULL
3157,"Arni","India","Maharashtra","2020-04-07 16:46:14.885+00","2020-04-07 16:46:14.885+00",NULL,NULL
3158,"Wani","India","Maharashtra","2020-04-07 16:46:15.116+00","2020-04-07 16:46:15.116+00",NULL,NULL
3159,"Umarkhed","India","Maharashtra","2020-04-07 16:46:15.152+00","2020-04-07 16:46:15.152+00",NULL,NULL
3160,"Kalapur","India","Maharashtra","2020-04-07 16:46:15.425+00","2020-04-07 16:46:15.425+00",NULL,NULL
3161,"Ghatanji","India","Maharashtra","2020-04-07 16:46:15.467+00","2020-04-07 16:46:15.467+00",NULL,NULL
3162,"Babhulgaon","India","Maharashtra","2020-04-07 16:46:15.51+00","2020-04-07 16:46:15.51+00",NULL,NULL
3163,"Digras","India","Maharashtra","2020-04-07 16:46:15.791+00","2020-04-07 16:46:15.791+00",NULL,NULL
3164,"Darwha","India","Maharashtra","2020-04-07 16:46:15.536+00","2020-04-07 16:46:15.536+00",NULL,NULL
3165,"Umerkhed","India","Maharashtra","2020-04-07 16:46:15.816+00","2020-04-07 16:46:15.816+00",NULL,NULL
3166,"Mahagaon","India","Maharashtra","2020-04-07 16:46:15.841+00","2020-04-07 16:46:15.841+00",NULL,NULL
3167,"Kalamb","India","Maharashtra","2020-04-07 16:46:16.1+00","2020-04-07 16:46:16.1+00",NULL,NULL
3168,"Maregaon","India","Maharashtra","2020-04-07 16:46:16.14+00","2020-04-07 16:46:16.14+00",NULL,NULL
3169,"Kelapur","India","Maharashtra","2020-04-07 16:46:16.167+00","2020-04-07 16:46:16.167+00",NULL,NULL
3170,"Ner Parsopant","India","Maharashtra","2020-04-07 16:46:16.198+00","2020-04-07 16:46:16.198+00",NULL,NULL
3171,"Jhari Jamni","India","Maharashtra","2020-04-07 16:46:16.228+00","2020-04-07 16:46:16.228+00",NULL,NULL
3172,"Jalgoan","India","Maharashtra","2020-04-07 16:46:16.308+00","2020-04-07 16:46:16.308+00",NULL,NULL
3173,"Pombhurna","India","Maharashtra","2020-04-07 16:46:16.424+00","2020-04-07 16:46:16.424+00",NULL,NULL
3174,"Kamthi","India","Maharashtra","2020-04-07 16:46:16.37+00","2020-04-07 16:46:16.37+00",NULL,NULL
3175,"Paratwada","India","Maharashtra","2020-04-07 16:46:16.507+00","2020-04-07 16:46:16.507+00",NULL,NULL
3176,"Chembur","India","Maharashtra","2020-04-07 16:46:17.888+00","2020-04-07 16:46:17.888+00",NULL,NULL
3177,"Borivali West","India","Maharashtra","2020-04-07 16:46:18.49+00","2020-04-07 16:46:18.49+00",NULL,NULL
3178,"Borivlai East","India","Maharashtra","2020-04-07 16:46:21.179+00","2020-04-07 16:46:21.179+00",NULL,NULL
3179,"zari","India","Maharashtra","2020-04-07 16:46:17.692+00","2020-04-07 16:46:17.692+00",NULL,NULL
3180,"Dahisar West","India","Maharashtra","2020-04-07 16:46:21.29+00","2020-04-07 16:46:21.29+00",NULL,NULL
3181,"Wadwani","India","Maharashtra","2020-04-07 16:46:17.747+00","2020-04-07 16:46:17.747+00",NULL,NULL
3182,"Malad East","India","Maharashtra","2020-04-07 16:46:21.642+00","2020-04-07 16:46:21.642+00",NULL,NULL
3183,"Malad West","India","Maharashtra","2020-04-07 16:46:21.675+00","2020-04-07 16:46:21.675+00",NULL,NULL
3184,"Goregaon West","India","Maharashtra","2020-04-07 16:46:22.18+00","2020-04-07 16:46:22.18+00",NULL,NULL
3185,"Jogeshwari East","India","Maharashtra","2020-04-07 16:46:22.239+00","2020-04-07 16:46:22.239+00",NULL,NULL
3186,"Ningthoukhong","India","Manipur","2020-04-07 16:48:15.78+00","2020-04-07 16:48:15.78+00",NULL,NULL
3187,"Jogeshwari West","India","Maharashtra","2020-04-07 16:46:22.537+00","2020-04-07 16:46:22.537+00",NULL,NULL
3188,"Churachandpur","India","Manipur","2020-04-07 16:48:15.828+00","2020-04-07 16:48:15.828+00",NULL,NULL
3189,"Nil","India","Manipur","2020-04-07 16:48:15.843+00","2020-04-07 16:48:15.843+00",NULL,NULL
3190,"Nil","India","Manipur","2020-04-07 16:48:15.879+00","2020-04-07 16:48:15.879+00",NULL,NULL
3191,"Imphal West","India","Manipur","2020-04-07 16:48:15.837+00","2020-04-07 16:48:15.837+00",NULL,NULL
3192,"Nil","India","Manipur","2020-04-07 16:48:15.926+00","2020-04-07 16:48:15.926+00",NULL,NULL
3193,"Nil","India","Manipur","2020-04-07 16:48:15.914+00","2020-04-07 16:48:15.914+00",NULL,NULL
3194,"Nil","India","Manipur","2020-04-07 16:48:15.951+00","2020-04-07 16:48:15.951+00",NULL,NULL
3195,"Nil","India","Manipur","2020-04-07 16:48:15.964+00","2020-04-07 16:48:15.964+00",NULL,NULL
3196,"Nil","India","Manipur","2020-04-07 16:48:15.97+00","2020-04-07 16:48:15.97+00",NULL,NULL
3197,"Nil","India","Manipur","2020-04-07 16:48:16.03+00","2020-04-07 16:48:16.03+00",NULL,NULL
3198,"Nil","India","Manipur","2020-04-07 16:48:15.99+00","2020-04-07 16:48:15.99+00",NULL,NULL
3199,"Maram","India","Manipur","2020-04-07 16:48:16.211+00","2020-04-07 16:48:16.211+00",NULL,NULL
3200,"East Khasi Hills","India","Meghalaya","2020-04-07 16:48:25.276+00","2020-04-07 16:48:25.276+00",NULL,NULL
3201,"Nangwalbibra","India","Meghalaya","2020-04-07 16:48:25.284+00","2020-04-07 16:48:25.284+00",NULL,NULL
3202,"Resubelpara","India","Meghalaya","2020-04-07 16:48:25.31+00","2020-04-07 16:48:25.31+00",NULL,NULL
3203,"Mendipathar","India","Meghalaya","2020-04-07 16:48:25.336+00","2020-04-07 16:48:25.336+00",NULL,NULL
3204,"Rongjeng","India","Meghalaya","2020-04-07 16:48:25.343+00","2020-04-07 16:48:25.343+00",NULL,NULL
3205,"Shillong","India","Meghalaya","2020-04-07 16:48:25.402+00","2020-04-07 16:48:25.402+00",NULL,NULL
3206,"Williamnagar","India","Meghalaya","2020-04-07 16:48:25.37+00","2020-04-07 16:48:25.37+00",NULL,NULL
3207,"Rongra","India","Meghalaya","2020-04-07 16:48:25.377+00","2020-04-07 16:48:25.377+00",NULL,NULL
3208,"Mawphlang","India","Meghalaya","2020-04-07 16:48:25.848+00","2020-04-07 16:48:25.848+00",NULL,NULL
3209,"Mawkyrwat","India","Meghalaya","2020-04-07 16:48:25.871+00","2020-04-07 16:48:25.871+00",NULL,NULL
3210,"Nongpoh","India","Meghalaya","2020-04-07 16:48:25.886+00","2020-04-07 16:48:25.886+00",NULL,NULL
3211,"Nongstoin","India","Meghalaya","2020-04-07 16:48:25.934+00","2020-04-07 16:48:25.934+00",NULL,NULL
3212,"Pynursla","India","Meghalaya","2020-04-07 16:48:25.999+00","2020-04-07 16:48:25.999+00",NULL,NULL
3213,"Shella","India","Meghalaya","2020-04-07 16:48:26.059+00","2020-04-07 16:48:26.059+00",NULL,NULL
3214,"Sumer","India","Meghalaya","2020-04-07 16:48:26.085+00","2020-04-07 16:48:26.085+00",NULL,NULL
3215,"Mawkynrew","India","Meghalaya","2020-04-07 16:48:26.111+00","2020-04-07 16:48:26.111+00",NULL,NULL
3216,"Thadlaskein","India","Meghalaya","2020-04-07 16:48:26.119+00","2020-04-07 16:48:26.119+00",NULL,NULL
3217,"Ucc","India","Meghalaya","2020-04-07 16:48:26.152+00","2020-04-07 16:48:26.152+00",NULL,NULL
3218,"Umsning","India","Meghalaya","2020-04-07 16:48:26.202+00","2020-04-07 16:48:26.202+00",NULL,NULL
3219,"Balat","India","Meghalaya","2020-04-07 16:48:26.468+00","2020-04-07 16:48:26.468+00",NULL,NULL
3220,"Byrnihat","India","Meghalaya","2020-04-07 16:48:26.497+00","2020-04-07 16:48:26.497+00",NULL,NULL
3221,"Bholaganj Bazar","India","Meghalaya","2020-04-07 16:48:26.524+00","2020-04-07 16:48:26.524+00",NULL,NULL
3222,"Cherrabazar","India","Meghalaya","2020-04-07 16:48:26.552+00","2020-04-07 16:48:26.552+00",NULL,NULL
3223,"Cherrapunjee","India","Meghalaya","2020-04-07 16:48:26.578+00","2020-04-07 16:48:26.578+00",NULL,NULL
3224,"Dawki","India","Meghalaya","2020-04-07 16:48:26.604+00","2020-04-07 16:48:26.604+00",NULL,NULL
3225,"Jowai","India","Meghalaya","2020-04-07 16:48:26.645+00","2020-04-07 16:48:26.645+00",NULL,NULL
3226,"Khliehriat","India","Meghalaya","2020-04-07 16:48:26.675+00","2020-04-07 16:48:26.675+00",NULL,NULL
3227,"Ladrymbai","India","Meghalaya","2020-04-07 16:48:26.707+00","2020-04-07 16:48:26.707+00",NULL,NULL
3228,"Mairang","India","Meghalaya","2020-04-07 16:48:26.75+00","2020-04-07 16:48:26.75+00",NULL,NULL
3229,"Mawsynram","India","Meghalaya","2020-04-07 16:48:26.782+00","2020-04-07 16:48:26.782+00",NULL,NULL
3230,"Umiam","India","Meghalaya","2020-04-07 16:48:26.813+00","2020-04-07 16:48:26.813+00",NULL,NULL
3231,"Umsaw","India","Meghalaya","2020-04-07 16:48:27.06+00","2020-04-07 16:48:27.06+00",NULL,NULL
3232,"Baghmara","India","Meghalaya","2020-04-07 16:48:27.144+00","2020-04-07 16:48:27.144+00",NULL,NULL
3233,"Araimile","India","Meghalaya","2020-04-07 16:48:27.118+00","2020-04-07 16:48:27.118+00",NULL,NULL
3234,"Ampati","India","Meghalaya","2020-04-07 16:48:27.091+00","2020-04-07 16:48:27.091+00",NULL,NULL
3235,"Barengapara","India","Meghalaya","2020-04-07 16:48:27.17+00","2020-04-07 16:48:27.17+00",NULL,NULL
3236,"Dobasipara","India","Meghalaya","2020-04-07 16:48:28.02+00","2020-04-07 16:48:28.02+00",NULL,NULL
3237,"Lower Chandmari","India","Meghalaya","2020-04-07 16:48:28.05+00","2020-04-07 16:48:28.05+00",NULL,NULL
3238,"Grobadha","India","Meghalaya","2020-04-07 16:48:28.081+00","2020-04-07 16:48:28.081+00",NULL,NULL
3239,"Tikrikilla","India","Meghalaya","2020-04-07 16:48:28.15+00","2020-04-07 16:48:28.15+00",NULL,NULL
3240,"Fulbari","India","Meghalaya","2020-04-07 16:48:28.111+00","2020-04-07 16:48:28.111+00",NULL,NULL
3241,"Nongstoin","India","Meghalaya","2020-04-07 16:48:28.228+00","2020-04-07 16:48:28.228+00",NULL,NULL
3242,"Mahendraganj","India","Meghalaya","2020-04-07 16:48:28.198+00","2020-04-07 16:48:28.198+00",NULL,NULL
3243,"Jowai","India","Meghalaya","2020-04-07 16:48:28.427+00","2020-04-07 16:48:28.427+00",NULL,NULL
3244,"Mawphlang","India","Meghalaya","2020-04-07 16:48:28.446+00","2020-04-07 16:48:28.446+00",NULL,NULL
3245,"Tura","India","Meghalaya","2020-04-07 16:48:28.68+00","2020-04-07 16:48:28.68+00",NULL,NULL
3246,"Serchhip","India","Mizoram","2020-04-07 16:48:38.287+00","2020-04-07 16:48:38.287+00",NULL,NULL
3247,"S.khawbung","India","Mizoram","2020-04-07 16:48:38.294+00","2020-04-07 16:48:38.294+00",NULL,NULL
3248,"Thingsulthliah","India","Mizoram","2020-04-07 16:48:38.3+00","2020-04-07 16:48:38.3+00",NULL,NULL
3249,"North Thingdawl","India","Mizoram","2020-04-07 16:48:38.32+00","2020-04-07 16:48:38.32+00",NULL,NULL
3250,"Tlangnuam (Part)","India","Mizoram","2020-04-07 16:48:38.359+00","2020-04-07 16:48:38.359+00",NULL,NULL
3251,"Zotlang","India","Mizoram","2020-04-07 16:48:38.375+00","2020-04-07 16:48:38.375+00",NULL,NULL
3252,"Thingsai","India","Mizoram","2020-04-07 16:48:38.462+00","2020-04-07 16:48:38.462+00",NULL,NULL
3253,"Aibawk","India","Mizoram","2020-04-07 16:48:38.492+00","2020-04-07 16:48:38.492+00",NULL,NULL
3254,"West Bunghmun","India","Mizoram","2020-04-07 16:48:38.569+00","2020-04-07 16:48:38.569+00",NULL,NULL
3255,"Chawngte","India","Mizoram","2020-04-07 16:48:38.622+00","2020-04-07 16:48:38.622+00",NULL,NULL
3256,"Bilkhawthlir","India","Mizoram","2020-04-07 16:48:38.602+00","2020-04-07 16:48:38.602+00",NULL,NULL
3257,"Khawbung","India","Mizoram","2020-04-07 16:48:38.644+00","2020-04-07 16:48:38.644+00",NULL,NULL
3258,"Hnahthial","India","Mizoram","2020-04-07 16:48:38.669+00","2020-04-07 16:48:38.669+00",NULL,NULL
3259,"Khawzawl","India","Mizoram","2020-04-07 16:48:39.324+00","2020-04-07 16:48:39.324+00",NULL,NULL
3260,"Darlawn","India","Mizoram","2020-04-07 16:48:39.568+00","2020-04-07 16:48:39.568+00",NULL,NULL
3261,"Bunghmun","India","Mizoram","2020-04-07 16:48:39.601+00","2020-04-07 16:48:39.601+00",NULL,NULL
3262,"Kulikawn","India","Mizoram","2020-04-07 16:48:39.633+00","2020-04-07 16:48:39.633+00",NULL,NULL
3263,"Lunglei","India","Mizoram","2020-04-07 16:48:39.699+00","2020-04-07 16:48:39.699+00",NULL,NULL
3264,"Lungdar","India","Mizoram","2020-04-07 16:48:39.667+00","2020-04-07 16:48:39.667+00",NULL,NULL
3265,"Lawngtlai","India","Mizoram","2020-04-07 16:48:39.64+00","2020-04-07 16:48:39.64+00",NULL,NULL
3266,"West Phaileng","India","Mizoram","2020-04-07 16:48:39.705+00","2020-04-07 16:48:39.705+00",NULL,NULL
3267,"Ngopa","India","Mizoram","2020-04-07 16:48:39.756+00","2020-04-07 16:48:39.756+00",NULL,NULL
3268,"Phaileng","India","Mizoram","2020-04-07 16:48:39.819+00","2020-04-07 16:48:39.819+00",NULL,NULL
3269,"Reiek","India","Mizoram","2020-04-07 16:48:39.864+00","2020-04-07 16:48:39.864+00",NULL,NULL
3270,"Tuipang","India","Mizoram","2020-04-07 16:48:39.871+00","2020-04-07 16:48:39.871+00",NULL,NULL
3271,"Sairang","India","Mizoram","2020-04-07 16:48:39.904+00","2020-04-07 16:48:39.904+00",NULL,NULL
3272,"Phullen","India","Mizoram","2020-04-07 16:48:39.946+00","2020-04-07 16:48:39.946+00",NULL,NULL
3273,"Aizawl","India","Mizoram","2020-04-07 16:48:39.972+00","2020-04-07 16:48:39.972+00",NULL,NULL
3274,"E. Lungdar","India","Mizoram","2020-04-07 16:48:39.998+00","2020-04-07 16:48:39.998+00",NULL,NULL
3275,"Tlangnuam","India","Mizoram","2020-04-07 16:48:40.061+00","2020-04-07 16:48:40.061+00",NULL,NULL
3276,"Lengpui","India","Mizoram","2020-04-07 16:48:40.086+00","2020-04-07 16:48:40.086+00",NULL,NULL
3277,"Zawlnuam","India","Mizoram","2020-04-07 16:48:40.324+00","2020-04-07 16:48:40.324+00",NULL,NULL
3278,"Dimapur","India","Nagaland","2020-04-07 16:48:50.658+00","2020-04-07 16:48:50.658+00",NULL,NULL
3279,"Mon","India","Nagaland","2020-04-07 16:48:50.665+00","2020-04-07 16:48:50.665+00",NULL,NULL
3280,"Changtongya","India","Nagaland","2020-04-07 16:48:50.672+00","2020-04-07 16:48:50.672+00",NULL,NULL
3281,"Kohima","India","Nagaland","2020-04-07 16:48:50.68+00","2020-04-07 16:48:50.68+00",NULL,NULL
3282,"Phek","India","Nagaland","2020-04-07 16:48:50.687+00","2020-04-07 16:48:50.687+00",NULL,NULL
3283,"Mokokchung","India","Nagaland","2020-04-07 16:48:50.714+00","2020-04-07 16:48:50.714+00",NULL,NULL
3284,"Dimapur Sadar","India","Nagaland","2020-04-07 16:48:50.758+00","2020-04-07 16:48:50.758+00",NULL,NULL
3285,"Chumukedima","India","Nagaland","2020-04-07 16:48:51.004+00","2020-04-07 16:48:51.004+00",NULL,NULL
3286,"Kiphire","India","Nagaland","2020-04-07 16:48:51.024+00","2020-04-07 16:48:51.024+00",NULL,NULL
3287,"Tuensang","India","Nagaland","2020-04-07 16:48:51.059+00","2020-04-07 16:48:51.059+00",NULL,NULL
3288,"Longleng","India","Nagaland","2020-04-07 16:48:51.069+00","2020-04-07 16:48:51.069+00",NULL,NULL
3289,"Kohima Sadar","India","Nagaland","2020-04-07 16:48:51.156+00","2020-04-07 16:48:51.156+00",NULL,NULL
3290,"Tuli","India","Nagaland","2020-04-07 16:48:51.189+00","2020-04-07 16:48:51.189+00",NULL,NULL
3291,"Peren","India","Nagaland","2020-04-07 16:48:51.221+00","2020-04-07 16:48:51.221+00",NULL,NULL
3292,"Peren","India","Nagaland","2020-04-07 16:48:51.258+00","2020-04-07 16:48:51.258+00",NULL,NULL
3293,"Wokha","India","Nagaland","2020-04-07 16:48:51.252+00","2020-04-07 16:48:51.252+00",NULL,NULL
3294,"Zunheboto","India","Nagaland","2020-04-07 16:48:51.265+00","2020-04-07 16:48:51.265+00",NULL,NULL
3295,"Cuttack Sadar","India","Odisha","2020-04-07 16:49:02.07+00","2020-04-07 16:49:02.07+00",NULL,NULL
3296,"Bhandari","India","Nagaland","2020-04-07 16:48:51.355+00","2020-04-07 16:48:51.355+00",NULL,NULL
3297,"Akuluto","India","Nagaland","2020-04-07 16:48:51.295+00","2020-04-07 16:48:51.295+00",NULL,NULL
3298,"Balipatna","India","Odisha","2020-04-07 16:49:02.076+00","2020-04-07 16:49:02.076+00",NULL,NULL
3299,"Saheednagar","India","Odisha","2020-04-07 16:49:02.328+00","2020-04-07 16:49:02.328+00",NULL,NULL
3300,"Niali","India","Odisha","2020-04-07 16:49:02.391+00","2020-04-07 16:49:02.391+00",NULL,NULL
3301,"Barang","India","Odisha","2020-04-07 16:49:02.796+00","2020-04-07 16:49:02.796+00",NULL,NULL
3302,"Gobindpur","India","Odisha","2020-04-07 16:49:02.624+00","2020-04-07 16:49:02.624+00",NULL,NULL
3303,"Bhanjanagar","India","Odisha","2020-04-07 16:49:02.918+00","2020-04-07 16:49:02.918+00",NULL,NULL
3304,"Asika","India","Odisha","2020-04-07 16:49:03.01+00","2020-04-07 16:49:03.01+00",NULL,NULL
3305,"Buguda","India","Odisha","2020-04-07 16:49:02.955+00","2020-04-07 16:49:02.955+00",NULL,NULL
3306,"Surada","India","Odisha","2020-04-07 16:49:03.042+00","2020-04-07 16:49:03.042+00",NULL,NULL
3307,"Aska","India","Odisha","2020-04-07 16:49:03.772+00","2020-04-07 16:49:03.772+00",NULL,NULL
3308,"Kabisuryanagar","India","Odisha","2020-04-07 16:49:03.308+00","2020-04-07 16:49:03.308+00",NULL,NULL
3309,"Digapahandi","India","Odisha","2020-04-07 16:49:03.912+00","2020-04-07 16:49:03.912+00",NULL,NULL
3310,"Hinjili","India","Odisha","2020-04-07 16:49:03.826+00","2020-04-07 16:49:03.826+00",NULL,NULL
3311,"Khaprakhol","India","Odisha","2020-04-07 16:49:04.049+00","2020-04-07 16:49:04.049+00",NULL,NULL
3312,"Tusra","India","Odisha","2020-04-07 16:49:04.103+00","2020-04-07 16:49:04.103+00",NULL,NULL
3313,"Patnagarh","India","Odisha","2020-04-07 16:49:04.147+00","2020-04-07 16:49:04.147+00",NULL,NULL
3314,"Kantabanji","India","Odisha","2020-04-07 16:49:04.185+00","2020-04-07 16:49:04.185+00",NULL,NULL
3315,"Titilagarh","India","Odisha","2020-04-07 16:49:04.224+00","2020-04-07 16:49:04.224+00",NULL,NULL
3316,"Loisingha","India","Odisha","2020-04-07 16:49:04.252+00","2020-04-07 16:49:04.252+00",NULL,NULL
3317,"Sonepur","India","Odisha","2020-04-07 16:49:04.27+00","2020-04-07 16:49:04.27+00",NULL,NULL
3318,"Balangir","India","Odisha","2020-04-07 16:49:04.347+00","2020-04-07 16:49:04.347+00",NULL,NULL
3319,"S.rampur","India","Odisha","2020-04-07 16:49:04.692+00","2020-04-07 16:49:04.692+00",NULL,NULL
3320,"Birmaharajpur","India","Odisha","2020-04-07 16:49:04.436+00","2020-04-07 16:49:04.436+00",NULL,NULL
3321,"Binka","India","Odisha","2020-04-07 16:49:04.409+00","2020-04-07 16:49:04.409+00",NULL,NULL
3322,"Losingha","India","Odisha","2020-04-07 16:49:04.828+00","2020-04-07 16:49:04.828+00",NULL,NULL
3323,"Tarbha","India","Odisha","2020-04-07 16:49:04.879+00","2020-04-07 16:49:04.879+00",NULL,NULL
3324,"S.rampur","India","Odisha","2020-04-07 16:49:04.857+00","2020-04-07 16:49:04.857+00",NULL,NULL
3325,"Ullunda","India","Odisha","2020-04-07 16:49:04.914+00","2020-04-07 16:49:04.914+00",NULL,NULL
3326,"Basta","India","Odisha","2020-04-07 16:49:04.987+00","2020-04-07 16:49:04.987+00",NULL,NULL
3327,"Soro","India","Odisha","2020-04-07 16:49:04.936+00","2020-04-07 16:49:04.936+00",NULL,NULL
3328,"Baliapal","India","Odisha","2020-04-07 16:49:05.62+00","2020-04-07 16:49:05.62+00",NULL,NULL
3329,"Baleshwar Sadar","India","Odisha","2020-04-07 16:49:05.86+00","2020-04-07 16:49:05.86+00",NULL,NULL
3330,"Bhograi","India","Odisha","2020-04-07 16:49:06.13+00","2020-04-07 16:49:06.13+00",NULL,NULL
3331,"Balasore","India","Odisha","2020-04-07 16:49:06.196+00","2020-04-07 16:49:06.196+00",NULL,NULL
3332,"Jaleswar","India","Odisha","2020-04-07 16:49:06.24+00","2020-04-07 16:49:06.24+00",NULL,NULL
3333,"Raibania","India","Odisha","2020-04-07 16:49:06.492+00","2020-04-07 16:49:06.492+00",NULL,NULL
3334,"Simulia","India","Odisha","2020-04-07 16:49:06.771+00","2020-04-07 16:49:06.771+00",NULL,NULL
3335,"Nilagiri","India","Odisha","2020-04-07 16:49:06.811+00","2020-04-07 16:49:06.811+00",NULL,NULL
3336,"Chhatrapur","India","Odisha","2020-04-07 16:49:07.019+00","2020-04-07 16:49:07.019+00",NULL,NULL
3337,"Nilgiri","India","Odisha","2020-04-07 16:49:06.896+00","2020-04-07 16:49:06.896+00",NULL,NULL
3338,"Khallikote","India","Odisha","2020-04-07 16:49:07.292+00","2020-04-07 16:49:07.292+00",NULL,NULL
3339,"Chatrapur","India","Odisha","2020-04-07 16:49:07.046+00","2020-04-07 16:49:07.046+00",NULL,NULL
3340,"Kodala","India","Odisha","2020-04-07 16:49:07.328+00","2020-04-07 16:49:07.328+00",NULL,NULL
3341,"Purushottampur","India","Odisha","2020-04-07 16:49:07.58+00","2020-04-07 16:49:07.58+00",NULL,NULL
3342,"Serango","India","Odisha","2020-04-07 16:49:07.701+00","2020-04-07 16:49:07.701+00",NULL,NULL
3343,"Mohana","India","Odisha","2020-04-07 16:49:07.67+00","2020-04-07 16:49:07.67+00",NULL,NULL
3344,"Parlakhemundi","India","Odisha","2020-04-07 16:49:07.733+00","2020-04-07 16:49:07.733+00",NULL,NULL
3345,"Rayagada","India","Odisha","2020-04-07 16:49:08.08+00","2020-04-07 16:49:08.08+00",NULL,NULL
3346,"R.udayagiri","India","Odisha","2020-04-07 16:49:08.049+00","2020-04-07 16:49:08.049+00",NULL,NULL
3347,"Kashinagara","India","Odisha","2020-04-07 16:49:07.996+00","2020-04-07 16:49:07.996+00",NULL,NULL
3348,"Paralakhemundi","India","Odisha","2020-04-07 16:49:07.758+00","2020-04-07 16:49:07.758+00",NULL,NULL
3349,"Berhampur","India","Odisha","2020-04-07 16:49:08.137+00","2020-04-07 16:49:08.137+00",NULL,NULL
3350,"Brahmapur Sadar","India","Odisha","2020-04-07 16:49:08.168+00","2020-04-07 16:49:08.168+00",NULL,NULL
3351,"Bissmagiri","India","Odisha","2020-04-07 16:49:08.212+00","2020-04-07 16:49:08.212+00",NULL,NULL
3352,"Bomakei","India","Odisha","2020-04-07 16:49:08.259+00","2020-04-07 16:49:08.259+00",NULL,NULL
3353,"Chikiti","India","Odisha","2020-04-07 16:49:08.317+00","2020-04-07 16:49:08.317+00",NULL,NULL
3354,"Girisola","India","Odisha","2020-04-07 16:49:08.36+00","2020-04-07 16:49:08.36+00",NULL,NULL
3355,"Jarada","India","Odisha","2020-04-07 16:49:08.499+00","2020-04-07 16:49:08.499+00",NULL,NULL
3356,"Chandbali","India","Odisha","2020-04-07 16:49:08.899+00","2020-04-07 16:49:08.899+00",NULL,NULL
3357,"Bhadrak Rural","India","Odisha","2020-04-07 16:49:08.932+00","2020-04-07 16:49:08.932+00",NULL,NULL
3358,"Tihidi","India","Odisha","2020-04-07 16:49:09.005+00","2020-04-07 16:49:09.005+00",NULL,NULL
3359,"Bhadrak","India","Odisha","2020-04-07 16:49:08.965+00","2020-04-07 16:49:08.965+00",NULL,NULL
3360,"Dhamnagar","India","Odisha","2020-04-07 16:49:09.056+00","2020-04-07 16:49:09.056+00",NULL,NULL
3361,"Bhandari Pokhari","India","Odisha","2020-04-07 16:49:09.114+00","2020-04-07 16:49:09.114+00",NULL,NULL
3362,"Chandabali","India","Odisha","2020-04-07 16:49:09.154+00","2020-04-07 16:49:09.154+00",NULL,NULL
3363,"Basudebpur","India","Odisha","2020-04-07 16:49:09.235+00","2020-04-07 16:49:09.235+00",NULL,NULL
3364,"Basudevpur","India","Odisha","2020-04-07 16:49:09.188+00","2020-04-07 16:49:09.188+00",NULL,NULL
3365,"Similia","India","Odisha","2020-04-07 16:49:09.284+00","2020-04-07 16:49:09.284+00",NULL,NULL
3366,"Similia","India","Odisha","2020-04-07 16:49:09.744+00","2020-04-07 16:49:09.744+00",NULL,NULL
3367,"Bant","India","Odisha","2020-04-07 16:49:10.032+00","2020-04-07 16:49:10.032+00",NULL,NULL
3368,"Bhubaneswar","India","Odisha","2020-04-07 16:49:10.145+00","2020-04-07 16:49:10.145+00",NULL,NULL
3369,"Balianta","India","Odisha","2020-04-07 16:49:10.183+00","2020-04-07 16:49:10.183+00",NULL,NULL
3370,"Darpanigarh","India","Odisha","2020-04-07 16:49:10.395+00","2020-04-07 16:49:10.395+00",NULL,NULL
3371,"Jajpur Road","India","Odisha","2020-04-07 16:49:10.423+00","2020-04-07 16:49:10.423+00",NULL,NULL
3372,"Jajpur","India","Odisha","2020-04-07 16:49:10.872+00","2020-04-07 16:49:10.872+00",NULL,NULL
3373,"Binjharpur","India","Odisha","2020-04-07 16:49:10.927+00","2020-04-07 16:49:10.927+00",NULL,NULL
3374,"Dharmasala","India","Odisha","2020-04-07 16:49:10.963+00","2020-04-07 16:49:10.963+00",NULL,NULL
3375,"Pattamundai","India","Odisha","2020-04-07 16:49:10.974+00","2020-04-07 16:49:10.974+00",NULL,NULL
3376,"Aul","India","Odisha","2020-04-07 16:49:11.006+00","2020-04-07 16:49:11.006+00",NULL,NULL
3377,"Kendrapara","India","Odisha","2020-04-07 16:49:11.112+00","2020-04-07 16:49:11.112+00",NULL,NULL
3378,"Rajnagar","India","Odisha","2020-04-07 16:49:11.241+00","2020-04-07 16:49:11.241+00",NULL,NULL
3379,"Salipur","India","Odisha","2020-04-07 16:49:11.159+00","2020-04-07 16:49:11.159+00",NULL,NULL
3380,"Marsaghai","India","Odisha","2020-04-07 16:49:11.3+00","2020-04-07 16:49:11.3+00",NULL,NULL
3381,"Rajkanika","India","Odisha","2020-04-07 16:49:11.956+00","2020-04-07 16:49:11.956+00",NULL,NULL
3382,"Jagatsinghpur","India","Odisha","2020-04-07 16:49:12.121+00","2020-04-07 16:49:12.121+00",NULL,NULL
3383,"Naugaon","India","Odisha","2020-04-07 16:49:12.149+00","2020-04-07 16:49:12.149+00",NULL,NULL
3384,"Ersama","India","Odisha","2020-04-07 16:49:12.176+00","2020-04-07 16:49:12.176+00",NULL,NULL
3385,"Jagatsinghapur","India","Odisha","2020-04-07 16:49:12.206+00","2020-04-07 16:49:12.206+00",NULL,NULL
3386,"Tirtol","India","Odisha","2020-04-07 16:49:12.239+00","2020-04-07 16:49:12.239+00",NULL,NULL
3387,"Balikuda","India","Odisha","2020-04-07 16:49:12.304+00","2020-04-07 16:49:12.304+00",NULL,NULL
3388,"Kujang","India","Odisha","2020-04-07 16:49:12.275+00","2020-04-07 16:49:12.275+00",NULL,NULL
3389,"Paradip","India","Odisha","2020-04-07 16:49:12.56+00","2020-04-07 16:49:12.56+00",NULL,NULL
3390,"Athagad","India","Odisha","2020-04-07 16:49:12.674+00","2020-04-07 16:49:12.674+00",NULL,NULL
3391,"Baramba","India","Odisha","2020-04-07 16:49:12.723+00","2020-04-07 16:49:12.723+00",NULL,NULL
3392,"Choudwar","India","Odisha","2020-04-07 16:49:12.756+00","2020-04-07 16:49:12.756+00",NULL,NULL
3393,"Narasinghpur","India","Odisha","2020-04-07 16:49:12.806+00","2020-04-07 16:49:12.806+00",NULL,NULL
3394,"Tangi Choudwar","India","Odisha","2020-04-07 16:49:12.853+00","2020-04-07 16:49:12.853+00",NULL,NULL
3395,"Mahanga","India","Odisha","2020-04-07 16:49:12.881+00","2020-04-07 16:49:12.881+00",NULL,NULL
3396,"Tigiria","India","Odisha","2020-04-07 16:49:13.132+00","2020-04-07 16:49:13.132+00",NULL,NULL
3397,"Anandapur","India","Odisha","2020-04-07 16:49:13.408+00","2020-04-07 16:49:13.408+00",NULL,NULL
3398,"Barbil","India","Odisha","2020-04-07 16:49:13.442+00","2020-04-07 16:49:13.442+00",NULL,NULL
3399,"Ghatagaon","India","Odisha","2020-04-07 16:49:13.482+00","2020-04-07 16:49:13.482+00",NULL,NULL
3400,"Champua","India","Odisha","2020-04-07 16:49:13.524+00","2020-04-07 16:49:13.524+00",NULL,NULL
3401,"Hatadihi","India","Odisha","2020-04-07 16:49:13.763+00","2020-04-07 16:49:13.763+00",NULL,NULL
3402,"Patna","India","Odisha","2020-04-07 16:49:14.267+00","2020-04-07 16:49:14.267+00",NULL,NULL
3403,"Keonjhar","India","Odisha","2020-04-07 16:49:14.08+00","2020-04-07 16:49:14.08+00",NULL,NULL
3404,"Telkoi","India","Odisha","2020-04-07 16:49:14.316+00","2020-04-07 16:49:14.316+00",NULL,NULL
3405,"Nabarangpur","India","Odisha","2020-04-07 16:49:14.371+00","2020-04-07 16:49:14.371+00",NULL,NULL
3406,"Jeypore(k)","India","Odisha","2020-04-07 16:49:14.434+00","2020-04-07 16:49:14.434+00",NULL,NULL
3407,"Umerkote","India","Odisha","2020-04-07 16:49:14.399+00","2020-04-07 16:49:14.399+00",NULL,NULL
3408,"Koraput","India","Odisha","2020-04-07 16:49:14.461+00","2020-04-07 16:49:14.461+00",NULL,NULL
3409,"Borigumma","India","Odisha","2020-04-07 16:49:14.488+00","2020-04-07 16:49:14.488+00",NULL,NULL
3410,"Damanjodi","India","Odisha","2020-04-07 16:49:14.525+00","2020-04-07 16:49:14.525+00",NULL,NULL
3411,"Laxmipur","India","Odisha","2020-04-07 16:49:15.23+00","2020-04-07 16:49:15.23+00",NULL,NULL
3412,"Narayanpatna","India","Odisha","2020-04-07 16:49:15.257+00","2020-04-07 16:49:15.257+00",NULL,NULL
3413,"Sunabeda","India","Odisha","2020-04-07 16:49:15.002+00","2020-04-07 16:49:15.002+00",NULL,NULL
3414,"Malkangiri","India","Odisha","2020-04-07 16:49:15.269+00","2020-04-07 16:49:15.269+00",NULL,NULL
3415,"Pottangi","India","Odisha","2020-04-07 16:49:15.243+00","2020-04-07 16:49:15.243+00",NULL,NULL
3416,"Jeypur","India","Odisha","2020-04-07 16:49:15.286+00","2020-04-07 16:49:15.286+00",NULL,NULL
3417,"Chitrakonda","India","Odisha","2020-04-07 16:49:15.309+00","2020-04-07 16:49:15.309+00",NULL,NULL
3418,"Bissamcuttack","India","Odisha","2020-04-07 16:49:15.347+00","2020-04-07 16:49:15.347+00",NULL,NULL
3419,"Gudari","India","Odisha","2020-04-07 16:49:15.393+00","2020-04-07 16:49:15.393+00",NULL,NULL
3420,"Gunupur","India","Odisha","2020-04-07 16:49:15.373+00","2020-04-07 16:49:15.373+00",NULL,NULL
3421,"Machkund","India","Odisha","2020-04-07 16:49:15.595+00","2020-04-07 16:49:15.595+00",NULL,NULL
3422,"Rayagada","India","Odisha","2020-04-07 16:49:15.422+00","2020-04-07 16:49:15.422+00",NULL,NULL
3423,"Kashipur","India","Odisha","2020-04-07 16:49:15.485+00","2020-04-07 16:49:15.485+00",NULL,NULL
3424,"Muniguda","India","Odisha","2020-04-07 16:49:15.517+00","2020-04-07 16:49:15.517+00",NULL,NULL
3425,"K.singhpur","India","Odisha","2020-04-07 16:49:15.457+00","2020-04-07 16:49:15.457+00",NULL,NULL
3426,"Machhkund","India","Odisha","2020-04-07 16:49:15.631+00","2020-04-07 16:49:15.631+00",NULL,NULL
3427,"Kodinga","India","Odisha","2020-04-07 16:49:15.669+00","2020-04-07 16:49:15.669+00",NULL,NULL
3428,"Motu","India","Odisha","2020-04-07 16:49:15.748+00","2020-04-07 16:49:15.748+00",NULL,NULL
3429,"Kotpad","India","Odisha","2020-04-07 16:49:15.704+00","2020-04-07 16:49:15.704+00",NULL,NULL
3430,"Baripada","India","Odisha","2020-04-07 16:49:16.287+00","2020-04-07 16:49:16.287+00",NULL,NULL
3431,"Khunta","India","Odisha","2020-04-07 16:49:16.348+00","2020-04-07 16:49:16.348+00",NULL,NULL
3432,"Nabarangapur","India","Odisha","2020-04-07 16:49:15.794+00","2020-04-07 16:49:15.794+00",NULL,NULL
3433,"Rasgovindpur","India","Odisha","2020-04-07 16:49:16.321+00","2020-04-07 16:49:16.321+00",NULL,NULL
3434,"Betnoti","India","Odisha","2020-04-07 16:49:16.381+00","2020-04-07 16:49:16.381+00",NULL,NULL
3435,"Barsahi","India","Odisha","2020-04-07 16:49:16.445+00","2020-04-07 16:49:16.445+00",NULL,NULL
3436,"Udala","India","Odisha","2020-04-07 16:49:16.505+00","2020-04-07 16:49:16.505+00",NULL,NULL
3437,"Rairangpur","India","Odisha","2020-04-07 16:49:16.641+00","2020-04-07 16:49:16.641+00",NULL,NULL
3438,"Bahalda","India","Odisha","2020-04-07 16:49:16.674+00","2020-04-07 16:49:16.674+00",NULL,NULL
3439,"Karanjia","India","Odisha","2020-04-07 16:49:16.726+00","2020-04-07 16:49:16.726+00",NULL,NULL
3440,"Khajuripada","India","Odisha","2020-04-07 16:49:17.131+00","2020-04-07 16:49:17.131+00",NULL,NULL
3441,"Kalinga","India","Odisha","2020-04-07 16:49:17.095+00","2020-04-07 16:49:17.095+00",NULL,NULL
3442,"Kantamal","India","Odisha","2020-04-07 16:49:17.102+00","2020-04-07 16:49:17.102+00",NULL,NULL
3443,"Kothagarh","India","Odisha","2020-04-07 16:49:17.164+00","2020-04-07 16:49:17.164+00",NULL,NULL
3444,"Kurtamgarh","India","Odisha","2020-04-07 16:49:17.404+00","2020-04-07 16:49:17.404+00",NULL,NULL
3445,"Linepada","India","Odisha","2020-04-07 16:49:17.434+00","2020-04-07 16:49:17.434+00",NULL,NULL
3446,"Phulbani","India","Odisha","2020-04-07 16:49:17.478+00","2020-04-07 16:49:17.478+00",NULL,NULL
3447,"Boudhraj","India","Odisha","2020-04-07 16:49:17.514+00","2020-04-07 16:49:17.514+00",NULL,NULL
3448,"Manamunda","India","Odisha","2020-04-07 16:49:17.568+00","2020-04-07 16:49:17.568+00",NULL,NULL
3449,"Balliguda","India","Odisha","2020-04-07 16:49:17.667+00","2020-04-07 16:49:17.667+00",NULL,NULL
3450,"Nuagaon","India","Odisha","2020-04-07 16:49:17.629+00","2020-04-07 16:49:17.629+00",NULL,NULL
3451,"Paburia","India","Odisha","2020-04-07 16:49:17.711+00","2020-04-07 16:49:17.711+00",NULL,NULL
3452,"Phiringia","India","Odisha","2020-04-07 16:49:17.748+00","2020-04-07 16:49:17.748+00",NULL,NULL
3453,"Purunakatak","India","Odisha","2020-04-07 16:49:17.786+00","2020-04-07 16:49:17.786+00",NULL,NULL
3454,"Raikia","India","Odisha","2020-04-07 16:49:17.813+00","2020-04-07 16:49:17.813+00",NULL,NULL
3455,"Sankarakhole","India","Odisha","2020-04-07 16:49:17.84+00","2020-04-07 16:49:17.84+00",NULL,NULL
3456,"Baghiabahal","India","Odisha","2020-04-07 16:49:17.868+00","2020-04-07 16:49:17.868+00",NULL,NULL
3457,"Bamunigaon","India","Odisha","2020-04-07 16:49:17.9+00","2020-04-07 16:49:17.9+00",NULL,NULL
3458,"Barakhama","India","Odisha","2020-04-07 16:49:17.928+00","2020-04-07 16:49:17.928+00",NULL,NULL
3459,"Chakapad","India","Odisha","2020-04-07 16:49:18.489+00","2020-04-07 16:49:18.489+00",NULL,NULL
3460,"Bounsuni","India","Odisha","2020-04-07 16:49:17.955+00","2020-04-07 16:49:17.955+00",NULL,NULL
3461,"Biranarasinghpur","India","Odisha","2020-04-07 16:49:18.432+00","2020-04-07 16:49:18.432+00",NULL,NULL
3462,"Daringbadi","India","Odisha","2020-04-07 16:49:18.52+00","2020-04-07 16:49:18.52+00",NULL,NULL
3463,"Ghantapada","India","Odisha","2020-04-07 16:49:18.548+00","2020-04-07 16:49:18.548+00",NULL,NULL
3464,"Gumagarh","India","Odisha","2020-04-07 16:49:18.578+00","2020-04-07 16:49:18.578+00",NULL,NULL
3465,"Jhadrajing","India","Odisha","2020-04-07 16:49:18.868+00","2020-04-07 16:49:18.868+00",NULL,NULL
3466,"Harabhanga","India","Odisha","2020-04-07 16:49:18.839+00","2020-04-07 16:49:18.839+00",NULL,NULL
3467,"Sarsara","India","Odisha","2020-04-07 16:49:18.896+00","2020-04-07 16:49:18.896+00",NULL,NULL
3468,"Tikabali","India","Odisha","2020-04-07 16:49:18.925+00","2020-04-07 16:49:18.925+00",NULL,NULL
3469,"Puri","India","Odisha","2020-04-07 16:49:19.237+00","2020-04-07 16:49:19.237+00",NULL,NULL
3470,"Tumudibandha","India","Odisha","2020-04-07 16:49:19.16+00","2020-04-07 16:49:19.16+00",NULL,NULL
3471,"G.udayagiri","India","Odisha","2020-04-07 16:49:19.22+00","2020-04-07 16:49:19.22+00",NULL,NULL
3472,"Satyabai","India","Odisha","2020-04-07 16:49:19.288+00","2020-04-07 16:49:19.288+00",NULL,NULL
3473,"Bhapur","India","Odisha","2020-04-07 16:49:19.394+00","2020-04-07 16:49:19.394+00",NULL,NULL
3474,"Nayagarh","India","Odisha","2020-04-07 16:49:19.346+00","2020-04-07 16:49:19.346+00",NULL,NULL
3475,"Satyabadi","India","Odisha","2020-04-07 16:49:19.339+00","2020-04-07 16:49:19.339+00",NULL,NULL
3476,"Ranpur","India","Odisha","2020-04-07 16:49:19.424+00","2020-04-07 16:49:19.424+00",NULL,NULL
3477,"Daspalla","India","Odisha","2020-04-07 16:49:19.451+00","2020-04-07 16:49:19.451+00",NULL,NULL
3478,"Ranapur","India","Odisha","2020-04-07 16:49:19.483+00","2020-04-07 16:49:19.483+00",NULL,NULL
3479,"Khandaparagarh","India","Odisha","2020-04-07 16:49:19.969+00","2020-04-07 16:49:19.969+00",NULL,NULL
3480,"Brahmagiri","India","Odisha","2020-04-07 16:49:20.184+00","2020-04-07 16:49:20.184+00",NULL,NULL
3481,"Odagaon","India","Odisha","2020-04-07 16:49:20.077+00","2020-04-07 16:49:20.077+00",NULL,NULL
3482,"Jamankira","India","Odisha","2020-04-07 16:49:20.311+00","2020-04-07 16:49:20.311+00",NULL,NULL
3483,"Sadar","India","Odisha","2020-04-07 16:49:20.364+00","2020-04-07 16:49:20.364+00",NULL,NULL
3484,"Jujumura","India","Odisha","2020-04-07 16:49:20.378+00","2020-04-07 16:49:20.378+00",NULL,NULL
3485,"Burla","India","Odisha","2020-04-07 16:49:20.392+00","2020-04-07 16:49:20.392+00",NULL,NULL
3486,"Attabira","India","Odisha","2020-04-07 16:49:20.399+00","2020-04-07 16:49:20.399+00",NULL,NULL
3487,"Reamal","India","Odisha","2020-04-07 16:49:20.438+00","2020-04-07 16:49:20.438+00",NULL,NULL
3488,"Rairakhol","India","Odisha","2020-04-07 16:49:20.42+00","2020-04-07 16:49:20.42+00",NULL,NULL
3489,"Debagarh","India","Odisha","2020-04-07 16:49:20.406+00","2020-04-07 16:49:20.406+00",NULL,NULL
3490,"Ambabhana","India","Odisha","2020-04-07 16:49:20.471+00","2020-04-07 16:49:20.471+00",NULL,NULL
3491,"Sambalpur","India","Odisha","2020-04-07 16:49:20.453+00","2020-04-07 16:49:20.453+00",NULL,NULL
3492,"Bargarh","India","Odisha","2020-04-07 16:49:20.49+00","2020-04-07 16:49:20.49+00",NULL,NULL
3493,"Bijepur","India","Odisha","2020-04-07 16:49:20.536+00","2020-04-07 16:49:20.536+00",NULL,NULL
3494,"Barapali","India","Odisha","2020-04-07 16:49:20.508+00","2020-04-07 16:49:20.508+00",NULL,NULL
3495,"Gaisilet","India","Odisha","2020-04-07 16:49:20.57+00","2020-04-07 16:49:20.57+00",NULL,NULL
3496,"Ambabhona","India","Odisha","2020-04-07 16:49:20.552+00","2020-04-07 16:49:20.552+00",NULL,NULL
3497,"Sohella","India","Odisha","2020-04-07 16:49:20.593+00","2020-04-07 16:49:20.593+00",NULL,NULL
3498,"Rajborasamber","India","Odisha","2020-04-07 16:49:21.244+00","2020-04-07 16:49:21.244+00",NULL,NULL
3499,"Paikmal","India","Odisha","2020-04-07 16:49:21.296+00","2020-04-07 16:49:21.296+00",NULL,NULL
3500,"Bheden","India","Odisha","2020-04-07 16:49:21.536+00","2020-04-07 16:49:21.536+00",NULL,NULL
3501,"Bamra","India","Odisha","2020-04-07 16:49:21.788+00","2020-04-07 16:49:21.788+00",NULL,NULL
3502,"Jharsuguda","India","Odisha","2020-04-07 16:49:21.553+00","2020-04-07 16:49:21.553+00",NULL,NULL
3503,"Lakhanpur","India","Odisha","2020-04-07 16:49:22.652+00","2020-04-07 16:49:22.652+00",NULL,NULL
3504,"Belpahar","India","Odisha","2020-04-07 16:49:22.695+00","2020-04-07 16:49:22.695+00",NULL,NULL
3505,"Govindpur","India","Odisha","2020-04-07 16:49:22.773+00","2020-04-07 16:49:22.773+00",NULL,NULL
3506,"Brajarajnagar","India","Odisha","2020-04-07 16:49:22.739+00","2020-04-07 16:49:22.739+00",NULL,NULL
3507,"Kolabira","India","Odisha","2020-04-07 16:49:22.813+00","2020-04-07 16:49:22.813+00",NULL,NULL
3508,"Mahulpalli","India","Odisha","2020-04-07 16:49:22.84+00","2020-04-07 16:49:22.84+00",NULL,NULL
3509,"Kuchinda","India","Odisha","2020-04-07 16:49:22.867+00","2020-04-07 16:49:22.867+00",NULL,NULL
3510,"Laikera","India","Odisha","2020-04-07 16:49:22.9+00","2020-04-07 16:49:22.9+00",NULL,NULL
3511,"Rengali","India","Odisha","2020-04-07 16:49:23.142+00","2020-04-07 16:49:23.142+00",NULL,NULL
3512,"Katarbaga","India","Odisha","2020-04-07 16:49:23.19+00","2020-04-07 16:49:23.19+00",NULL,NULL
3513,"Barkote","India","Odisha","2020-04-07 16:49:23.238+00","2020-04-07 16:49:23.238+00",NULL,NULL
3514,"Dhankauda","India","Odisha","2020-04-07 16:49:23.514+00","2020-04-07 16:49:23.514+00",NULL,NULL
3515,"Maneswar","India","Odisha","2020-04-07 16:49:23.545+00","2020-04-07 16:49:23.545+00",NULL,NULL
3516,"Dhanupali","India","Odisha","2020-04-07 16:49:23.573+00","2020-04-07 16:49:23.573+00",NULL,NULL
3517,"Sarangada","India","Odisha","2020-04-07 16:49:24.255+00","2020-04-07 16:49:24.255+00",NULL,NULL
3518,"Deogarh","India","Odisha","2020-04-07 16:49:23.604+00","2020-04-07 16:49:23.604+00",NULL,NULL
3519,"Hirakud","India","Odisha","2020-04-07 16:49:23.864+00","2020-04-07 16:49:23.864+00",NULL,NULL
3520,"Bhubaneshwar","India","Odisha","2020-04-07 16:49:24.74+00","2020-04-07 16:49:24.74+00",NULL,NULL
3521,"Kendujhar","India","Odisha","2020-04-07 16:49:24.776+00","2020-04-07 16:49:24.776+00",NULL,NULL
3522,"Rasulpur","India","Odisha","2020-04-07 16:49:25.044+00","2020-04-07 16:49:25.044+00",NULL,NULL
3523,"Chilika Nuapada","India","Odisha","2020-04-07 16:49:24.811+00","2020-04-07 16:49:24.811+00",NULL,NULL
3524,"Khorda","India","Odisha","2020-04-07 16:49:25.079+00","2020-04-07 16:49:25.079+00",NULL,NULL
3525,"Chilika","India","Odisha","2020-04-07 16:49:25.161+00","2020-04-07 16:49:25.161+00",NULL,NULL
3526,"Banpur","India","Odisha","2020-04-07 16:49:25.412+00","2020-04-07 16:49:25.412+00",NULL,NULL
3527,"Khurda","India","Odisha","2020-04-07 16:49:25.573+00","2020-04-07 16:49:25.573+00",NULL,NULL
3528,"Jatni","India","Odisha","2020-04-07 16:49:25.587+00","2020-04-07 16:49:25.587+00",NULL,NULL
3529,"Tangi","India","Odisha","2020-04-07 16:49:25.635+00","2020-04-07 16:49:25.635+00",NULL,NULL
3530,"Bolagarh","India","Odisha","2020-04-07 16:49:25.721+00","2020-04-07 16:49:25.721+00",NULL,NULL
3531,"Begunia","India","Odisha","2020-04-07 16:49:25.687+00","2020-04-07 16:49:25.687+00",NULL,NULL
3532,"Chandaka","India","Odisha","2020-04-07 16:49:25.754+00","2020-04-07 16:49:25.754+00",NULL,NULL
3533,"Nishchintakoili","India","Odisha","2020-04-07 16:49:25.833+00","2020-04-07 16:49:25.833+00",NULL,NULL
3534,"Banki","India","Odisha","2020-04-07 16:49:25.801+00","2020-04-07 16:49:25.801+00",NULL,NULL
3535,"Dompara","India","Odisha","2020-04-07 16:49:25.865+00","2020-04-07 16:49:25.865+00",NULL,NULL
3536,"Nimapada","India","Odisha","2020-04-07 16:49:25.966+00","2020-04-07 16:49:25.966+00",NULL,NULL
3537,"Pipili","India","Odisha","2020-04-07 16:49:25.912+00","2020-04-07 16:49:25.912+00",NULL,NULL
3538,"Kishorenagar","India","Odisha","2020-04-07 16:49:25.994+00","2020-04-07 16:49:25.994+00",NULL,NULL
3539,"GOP","India","Odisha","2020-04-07 16:49:26.248+00","2020-04-07 16:49:26.248+00",NULL,NULL
3540,"Kakatpur","India","Odisha","2020-04-07 16:49:26.314+00","2020-04-07 16:49:26.314+00",NULL,NULL
3541,"Garadpur","India","Odisha","2020-04-07 16:49:26.43+00","2020-04-07 16:49:26.43+00",NULL,NULL
3542,"Astarang","India","Odisha","2020-04-07 16:49:26.343+00","2020-04-07 16:49:26.343+00",NULL,NULL
3543,"Darpan","India","Odisha","2020-04-07 16:49:26.469+00","2020-04-07 16:49:26.469+00",NULL,NULL
3544,"Kamakhyanagar","India","Odisha","2020-04-07 16:49:26.519+00","2020-04-07 16:49:26.519+00",NULL,NULL
3545,"Cuttack","India","Odisha","2020-04-07 16:49:26.508+00","2020-04-07 16:49:26.508+00",NULL,NULL
3546,"Athamallik","India","Odisha","2020-04-07 16:49:27.016+00","2020-04-07 16:49:27.016+00",NULL,NULL
3547,"Hindol","India","Odisha","2020-04-07 16:49:26.968+00","2020-04-07 16:49:26.968+00",NULL,NULL
3548,"Banarpal","India","Odisha","2020-04-07 16:49:26.987+00","2020-04-07 16:49:26.987+00",NULL,NULL
3549,"Angul","India","Odisha","2020-04-07 16:49:27.047+00","2020-04-07 16:49:27.047+00",NULL,NULL
3550,"Talcher","India","Odisha","2020-04-07 16:49:27.284+00","2020-04-07 16:49:27.284+00",NULL,NULL
3551,"Chhendipada","India","Odisha","2020-04-07 16:49:27.756+00","2020-04-07 16:49:27.756+00",NULL,NULL
3552,"Anugul","India","Odisha","2020-04-07 16:49:27.803+00","2020-04-07 16:49:27.803+00",NULL,NULL
3553,"Pallahara","India","Odisha","2020-04-07 16:49:27.843+00","2020-04-07 16:49:27.843+00",NULL,NULL
3554,"Rengali Damsite","India","Odisha","2020-04-07 16:49:28.112+00","2020-04-07 16:49:28.112+00",NULL,NULL
3555,"Dhenkanal Sadar","India","Odisha","2020-04-07 16:49:28.529+00","2020-04-07 16:49:28.529+00",NULL,NULL
3556,"Dhenkanal","India","Odisha","2020-04-07 16:49:28.497+00","2020-04-07 16:49:28.497+00",NULL,NULL
3557,"Talcher Sadar","India","Odisha","2020-04-07 16:49:28.391+00","2020-04-07 16:49:28.391+00",NULL,NULL
3558,"Colliery","India","Odisha","2020-04-07 16:49:28.441+00","2020-04-07 16:49:28.441+00",NULL,NULL
3559,"Gandia","India","Odisha","2020-04-07 16:49:28.621+00","2020-04-07 16:49:28.621+00",NULL,NULL
3560,"Motunga","India","Odisha","2020-04-07 16:49:28.577+00","2020-04-07 16:49:28.577+00",NULL,NULL
3561,"Lanjigarh","India","Odisha","2020-04-07 16:49:28.629+00","2020-04-07 16:49:28.629+00",NULL,NULL
3562,"Madanpur Rampur","India","Odisha","2020-04-07 16:49:28.656+00","2020-04-07 16:49:28.656+00",NULL,NULL
3563,"Jaipatn A","India","Odisha","2020-04-07 16:49:28.698+00","2020-04-07 16:49:28.698+00",NULL,NULL
3564,"Jaipatna","India","Odisha","2020-04-07 16:49:28.736+00","2020-04-07 16:49:28.736+00",NULL,NULL
3565,"Nuapada","India","Odisha","2020-04-07 16:49:28.752+00","2020-04-07 16:49:28.752+00",NULL,NULL
3566,"Dharamgarh","India","Odisha","2020-04-07 16:49:28.784+00","2020-04-07 16:49:28.784+00",NULL,NULL
3567,"Sinhapalli","India","Odisha","2020-04-07 16:49:28.854+00","2020-04-07 16:49:28.854+00",NULL,NULL
3568,"Bhawanipatna","India","Odisha","2020-04-07 16:49:29.127+00","2020-04-07 16:49:29.127+00",NULL,NULL
3569,"Kesinga","India","Odisha","2020-04-07 16:49:28.888+00","2020-04-07 16:49:28.888+00",NULL,NULL
3570,"Khariar","India","Odisha","2020-04-07 16:49:29.209+00","2020-04-07 16:49:29.209+00",NULL,NULL
3571,"Raurkela (M)","India","Odisha","2020-04-07 16:49:29.503+00","2020-04-07 16:49:29.503+00",NULL,NULL
3572,"Jonk","India","Odisha","2020-04-07 16:49:29.283+00","2020-04-07 16:49:29.283+00",NULL,NULL
3573,"Lahunipara","India","Odisha","2020-04-07 16:49:29.571+00","2020-04-07 16:49:29.571+00",NULL,NULL
3574,"Raurkela Industrial Township (ITS)","India","Odisha","2020-04-07 16:49:29.598+00","2020-04-07 16:49:29.598+00",NULL,NULL
3575,"Kuarmunda","India","Odisha","2020-04-07 16:49:29.629+00","2020-04-07 16:49:29.629+00",NULL,NULL
3576,"Lathikata","India","Odisha","2020-04-07 16:49:29.687+00","2020-04-07 16:49:29.687+00",NULL,NULL
3577,"Bonaigarh","India","Odisha","2020-04-07 16:49:29.658+00","2020-04-07 16:49:29.658+00",NULL,NULL
3578,"Gurundia","India","Odisha","2020-04-07 16:49:29.75+00","2020-04-07 16:49:29.75+00",NULL,NULL
3579,"Nuagaon","India","Odisha","2020-04-07 16:49:29.798+00","2020-04-07 16:49:29.798+00",NULL,NULL
3580,"Rourkela Steel City","India","Odisha","2020-04-07 16:49:29.874+00","2020-04-07 16:49:29.874+00",NULL,NULL
3581,"Bisra","India","Odisha","2020-04-07 16:49:29.831+00","2020-04-07 16:49:29.831+00",NULL,NULL
3582,"Koida","India","Odisha","2020-04-07 16:49:29.932+00","2020-04-07 16:49:29.932+00",NULL,NULL
3583,"Rajagangapur","India","Odisha","2020-04-07 16:49:30.118+00","2020-04-07 16:49:30.118+00",NULL,NULL
3584,"Kamarposh Balang","India","Odisha","2020-04-07 16:49:30.244+00","2020-04-07 16:49:30.244+00",NULL,NULL
3585,"Biramitrapur","India","Odisha","2020-04-07 16:49:30.208+00","2020-04-07 16:49:30.208+00",NULL,NULL
3586,"Raghunathapali","India","Odisha","2020-04-07 16:49:30.081+00","2020-04-07 16:49:30.081+00",NULL,NULL
3587,"Balisankara","India","Odisha","2020-04-07 16:49:30.29+00","2020-04-07 16:49:30.29+00",NULL,NULL
3588,"Hemgir","India","Odisha","2020-04-07 16:49:30.362+00","2020-04-07 16:49:30.362+00",NULL,NULL
3589,"Baragaon","India","Odisha","2020-04-07 16:49:30.326+00","2020-04-07 16:49:30.326+00",NULL,NULL
3590,"Sundargarh","India","Odisha","2020-04-07 16:49:31.001+00","2020-04-07 16:49:31.001+00",NULL,NULL
3591,"Bhasma","India","Odisha","2020-04-07 16:49:31.051+00","2020-04-07 16:49:31.051+00",NULL,NULL
3592,"Kutra","India","Odisha","2020-04-07 16:49:31.123+00","2020-04-07 16:49:31.123+00",NULL,NULL
3593,"Subdega","India","Odisha","2020-04-07 16:49:31.469+00","2020-04-07 16:49:31.469+00",NULL,NULL
3594,"Lephripara","India","Odisha","2020-04-07 16:49:31.163+00","2020-04-07 16:49:31.163+00",NULL,NULL
3595,"Banspal","India","Odisha","2020-04-07 16:49:31.545+00","2020-04-07 16:49:31.545+00",NULL,NULL
3596,"Sadar","India","Odisha","2020-04-07 16:49:31.723+00","2020-04-07 16:49:31.723+00",NULL,NULL
3597,"Pondicherry","India","Pondicherry","2020-04-07 16:51:19.409+00","2020-04-07 16:51:19.409+00",NULL,NULL
3598,"Karaikal","India","Pondicherry","2020-04-07 16:51:19.429+00","2020-04-07 16:51:19.429+00",NULL,NULL
3599,"Kottucherry Commune Panchayat","India","Pondicherry","2020-04-07 16:51:19.466+00","2020-04-07 16:51:19.466+00",NULL,NULL
3600,"Neravy Commune Panchayat","India","Pondicherry","2020-04-07 16:51:19.564+00","2020-04-07 16:51:19.564+00",NULL,NULL
3601,"Villianur Commune Panchayat","India","Pondicherry","2020-04-07 16:51:19.731+00","2020-04-07 16:51:19.731+00",NULL,NULL
3602,"Cuddalore","India","Pondicherry","2020-04-07 16:51:19.795+00","2020-04-07 16:51:19.795+00",NULL,NULL
3603,"Amritsar","India","Punjab","2020-04-07 16:51:21.131+00","2020-04-07 16:51:21.131+00",NULL,NULL
3604,"Amritsar -I","India","Punjab","2020-04-07 16:51:21.102+00","2020-04-07 16:51:21.102+00",NULL,NULL
3605,"Bundala","India","Punjab","2020-04-07 16:51:21.18+00","2020-04-07 16:51:21.18+00",NULL,NULL
3606,"Baba Bakala","India","Punjab","2020-04-07 16:51:21.237+00","2020-04-07 16:51:21.237+00",NULL,NULL
3607,"TARN-TARAN","India","Punjab","2020-04-07 16:51:21.246+00","2020-04-07 16:51:21.246+00",NULL,NULL
3608,"Amritsar","India","Punjab","2020-04-07 16:51:21.307+00","2020-04-07 16:51:21.307+00",NULL,NULL
3609,"Tarn Taran","India","Punjab","2020-04-07 16:51:21.385+00","2020-04-07 16:51:21.385+00",NULL,NULL
3610,"Mansa","India","Punjab","2020-04-07 16:51:21.599+00","2020-04-07 16:51:21.599+00",NULL,NULL
3611,"Bathinda","India","Punjab","2020-04-07 16:51:21.583+00","2020-04-07 16:51:21.583+00",NULL,NULL
3612,"Budhlada","India","Punjab","2020-04-07 16:51:21.691+00","2020-04-07 16:51:21.691+00",NULL,NULL
3613,"Phul","India","Punjab","2020-04-07 16:51:21.741+00","2020-04-07 16:51:21.741+00",NULL,NULL
3614,"Rampura Phul","India","Punjab","2020-04-07 16:51:21.637+00","2020-04-07 16:51:21.637+00",NULL,NULL
3615,"Maur","India","Punjab","2020-04-07 16:51:22.031+00","2020-04-07 16:51:22.031+00",NULL,NULL
3616,"Talwandi Sabo","India","Punjab","2020-04-07 16:51:23.816+00","2020-04-07 16:51:23.816+00",NULL,NULL
3617,"Sardulgarh","India","Punjab","2020-04-07 16:51:23.875+00","2020-04-07 16:51:23.875+00",NULL,NULL
3618,"Nihal Singh Wala","India","Punjab","2020-04-07 16:51:23.883+00","2020-04-07 16:51:23.883+00",NULL,NULL
3619,"Baghapurana","India","Punjab","2020-04-07 16:51:23.898+00","2020-04-07 16:51:23.898+00",NULL,NULL
3620,"Moga","India","Punjab","2020-04-07 16:51:23.932+00","2020-04-07 16:51:23.932+00",NULL,NULL
3621,"Faridkot","India","Punjab","2020-04-07 16:51:23.956+00","2020-04-07 16:51:23.956+00",NULL,NULL
3622,"Bhagha Purana","India","Punjab","2020-04-07 16:51:23.912+00","2020-04-07 16:51:23.912+00",NULL,NULL
3623,"Muktsar","India","Punjab","2020-04-07 16:51:23.951+00","2020-04-07 16:51:23.951+00",NULL,NULL
3624,"Jaitu","India","Punjab","2020-04-07 16:51:24.064+00","2020-04-07 16:51:24.064+00",NULL,NULL
3625,"Malout","India","Punjab","2020-04-07 16:51:23.977+00","2020-04-07 16:51:23.977+00",NULL,NULL
3626,"Abohar","India","Punjab","2020-04-07 16:51:24.176+00","2020-04-07 16:51:24.176+00",NULL,NULL
3627,"Giddarbaha","India","Punjab","2020-04-07 16:51:24.112+00","2020-04-07 16:51:24.112+00",NULL,NULL
3628,"Fazilka","India","Punjab","2020-04-07 16:51:24.215+00","2020-04-07 16:51:24.215+00",NULL,NULL
3629,"Moga","India","Punjab","2020-04-07 16:51:24.279+00","2020-04-07 16:51:24.279+00",NULL,NULL
3630,"Firozepur","India","Punjab","2020-04-07 16:51:24.316+00","2020-04-07 16:51:24.316+00",NULL,NULL
3631,"Ferozepur","India","Punjab","2020-04-07 16:51:24.396+00","2020-04-07 16:51:24.396+00",NULL,NULL
3632,"Jalalabad","India","Punjab","2020-04-07 16:51:24.439+00","2020-04-07 16:51:24.439+00",NULL,NULL
3633,"Zira","India","Punjab","2020-04-07 16:51:25.215+00","2020-04-07 16:51:25.215+00",NULL,NULL
3634,"Pathankot","India","Punjab","2020-04-07 16:51:25.311+00","2020-04-07 16:51:25.311+00",NULL,NULL
3635,"Pathankot","India","Punjab","2020-04-07 16:51:25.353+00","2020-04-07 16:51:25.353+00",NULL,NULL
3636,"Gurdaspur","India","Punjab","2020-04-07 16:51:25.345+00","2020-04-07 16:51:25.345+00",NULL,NULL
3637,"Batala","India","Punjab","2020-04-07 16:51:25.381+00","2020-04-07 16:51:25.381+00",NULL,NULL
3638,"Sub Tehsil Dhariwal","India","Punjab","2020-04-07 16:51:25.466+00","2020-04-07 16:51:25.466+00",NULL,NULL
3639,"Dera Baba Nanak","India","Punjab","2020-04-07 16:51:25.432+00","2020-04-07 16:51:25.432+00",NULL,NULL
3640,"Hoshiarpur","India","Punjab","2020-04-07 16:51:25.882+00","2020-04-07 16:51:25.882+00",NULL,NULL
3641,"Dhar Kalan","India","Punjab","2020-04-07 16:51:25.511+00","2020-04-07 16:51:25.511+00",NULL,NULL
3642,"Balachaur","India","Punjab","2020-04-07 16:51:25.968+00","2020-04-07 16:51:25.968+00",NULL,NULL
3643,"Dasua","India","Punjab","2020-04-07 16:51:25.997+00","2020-04-07 16:51:25.997+00",NULL,NULL
3644,"Garhshankar","India","Punjab","2020-04-07 16:51:26.259+00","2020-04-07 16:51:26.259+00",NULL,NULL
3645,"Mukerian","India","Punjab","2020-04-07 16:51:26.337+00","2020-04-07 16:51:26.337+00",NULL,NULL
3646,"Hoshiar  Pur","India","Punjab","2020-04-07 16:51:26.425+00","2020-04-07 16:51:26.425+00",NULL,NULL
3647,"Nawanshahar","India","Punjab","2020-04-07 16:51:26.662+00","2020-04-07 16:51:26.662+00",NULL,NULL
3648,"Dasuya","India","Punjab","2020-04-07 16:51:26.711+00","2020-04-07 16:51:26.711+00",NULL,NULL
3649,"Jalandhar - I","India","Punjab","2020-04-07 16:51:26.734+00","2020-04-07 16:51:26.734+00",NULL,NULL
3650,"Jalandhar","India","Punjab","2020-04-07 16:51:26.815+00","2020-04-07 16:51:26.815+00",NULL,NULL
3651,"Jalandhar -II","India","Punjab","2020-04-07 16:51:27.015+00","2020-04-07 16:51:27.015+00",NULL,NULL
3652,"Phillaur","India","Punjab","2020-04-07 16:51:27.267+00","2020-04-07 16:51:27.267+00",NULL,NULL
3654,"Bhulath","India","Punjab","2020-04-07 16:51:27.559+00","2020-04-07 16:51:27.559+00",NULL,NULL
3655,"Nawanshahr","India","Punjab","2020-04-07 16:51:27.306+00","2020-04-07 16:51:27.306+00",NULL,NULL
3656,"Kapurthala","India","Punjab","2020-04-07 16:51:27.59+00","2020-04-07 16:51:27.59+00",NULL,NULL
3657,"Nakoder","India","Punjab","2020-04-07 16:51:28.119+00","2020-04-07 16:51:28.119+00",NULL,NULL
3658,"Nakodar","India","Punjab","2020-04-07 16:51:27.881+00","2020-04-07 16:51:27.881+00",NULL,NULL
3659,"Dhilwan","India","Punjab","2020-04-07 16:51:28.154+00","2020-04-07 16:51:28.154+00",NULL,NULL
3660,"Sultanpur","India","Punjab","2020-04-07 16:51:28.199+00","2020-04-07 16:51:28.199+00",NULL,NULL
3661,"Kapurthala","India","Punjab","2020-04-07 16:51:28.233+00","2020-04-07 16:51:28.233+00",NULL,NULL
3662,"Sultanpur","India","Punjab","2020-04-07 16:51:28.273+00","2020-04-07 16:51:28.273+00",NULL,NULL
3663,"Bholath","India","Punjab","2020-04-07 16:51:28.315+00","2020-04-07 16:51:28.315+00",NULL,NULL
3664,"Sultanpur Lodhi","India","Punjab","2020-04-07 16:51:28.467+00","2020-04-07 16:51:28.467+00",NULL,NULL
3665,"Phagwara","India","Punjab","2020-04-07 16:51:28.512+00","2020-04-07 16:51:28.512+00",NULL,NULL
3666,"Phagwara","India","Punjab","2020-04-07 16:51:28.555+00","2020-04-07 16:51:28.555+00",NULL,NULL
3667,"Phagwara Ho","India","Punjab","2020-04-07 16:51:28.611+00","2020-04-07 16:51:28.611+00",NULL,NULL
3668,"Ludhiana (West)","India","Punjab","2020-04-07 16:51:29.125+00","2020-04-07 16:51:29.125+00",NULL,NULL
3669,"Jagraon","India","Punjab","2020-04-07 16:51:29.203+00","2020-04-07 16:51:29.203+00",NULL,NULL
3670,"Ludhiana","India","Punjab","2020-04-07 16:51:28.725+00","2020-04-07 16:51:28.725+00",NULL,NULL
3671,"Khanna","India","Punjab","2020-04-07 16:51:29.307+00","2020-04-07 16:51:29.307+00",NULL,NULL
3672,"Ludhiana (East)","India","Punjab","2020-04-07 16:51:29.24+00","2020-04-07 16:51:29.24+00",NULL,NULL
3673,"Samrala","India","Punjab","2020-04-07 16:51:29.471+00","2020-04-07 16:51:29.471+00",NULL,NULL
3674,"Payal","India","Punjab","2020-04-07 16:51:29.545+00","2020-04-07 16:51:29.545+00",NULL,NULL
3675,"Dera Bassi","India","Punjab","2020-04-07 16:51:29.63+00","2020-04-07 16:51:29.63+00",NULL,NULL
3676,"Derabassi","India","Punjab","2020-04-07 16:51:29.663+00","2020-04-07 16:51:29.663+00",NULL,NULL
3677,"Malerkotla","India","Punjab","2020-04-07 16:51:29.926+00","2020-04-07 16:51:29.926+00",NULL,NULL
3678,"Barnala","India","Punjab","2020-04-07 16:51:29.951+00","2020-04-07 16:51:29.951+00",NULL,NULL
3679,"Sangrur","India","Punjab","2020-04-07 16:51:30.212+00","2020-04-07 16:51:30.212+00",NULL,NULL
3680,"Sunam","India","Punjab","2020-04-07 16:51:30.291+00","2020-04-07 16:51:30.291+00",NULL,NULL
3681,"Moonak","India","Punjab","2020-04-07 16:51:30.627+00","2020-04-07 16:51:30.627+00",NULL,NULL
3682,"Dhuri","India","Punjab","2020-04-07 16:51:30.335+00","2020-04-07 16:51:30.335+00",NULL,NULL
3683,"Anandpur Sahib","India","Punjab","2020-04-07 16:51:30.916+00","2020-04-07 16:51:30.916+00",NULL,NULL
3684,"Khizrabad West","India","Punjab","2020-04-07 16:51:30.978+00","2020-04-07 16:51:30.978+00",NULL,NULL
3685,"Kharar","India","Punjab","2020-04-07 16:51:30.947+00","2020-04-07 16:51:30.947+00",NULL,NULL
3686,"Kiratpur Sahib","India","Punjab","2020-04-07 16:51:30.986+00","2020-04-07 16:51:30.986+00",NULL,NULL
3687,"S.A.S.Nagar (Mohali)","India","Punjab","2020-04-07 16:51:31.025+00","2020-04-07 16:51:31.025+00",NULL,NULL
3688,"Rupnagar","India","Punjab","2020-04-07 16:51:31.109+00","2020-04-07 16:51:31.109+00",NULL,NULL
3689,"Lutheri","India","Punjab","2020-04-07 16:51:31.054+00","2020-04-07 16:51:31.054+00",NULL,NULL
3690,"Ropar","India","Punjab","2020-04-07 16:51:31.351+00","2020-04-07 16:51:31.351+00",NULL,NULL
3691,"Mohali","India","Punjab","2020-04-07 16:51:31.585+00","2020-04-07 16:51:31.585+00",NULL,NULL
3692,"Mullanpur","India","Punjab","2020-04-07 16:51:31.399+00","2020-04-07 16:51:31.399+00",NULL,NULL
3693,"Sialba Majri","India","Punjab","2020-04-07 16:51:31.466+00","2020-04-07 16:51:31.466+00",NULL,NULL
3694,"Chamkaur Sahib","India","Punjab","2020-04-07 16:51:33.154+00","2020-04-07 16:51:33.154+00",NULL,NULL
3695,"Bharatgarh","India","Punjab","2020-04-07 16:51:32.039+00","2020-04-07 16:51:32.039+00",NULL,NULL
3696,"Dera Bassi","India","Punjab","2020-04-07 16:51:33.489+00","2020-04-07 16:51:33.489+00",NULL,NULL
3697,"Khamanon","India","Punjab","2020-04-07 16:51:33.395+00","2020-04-07 16:51:33.395+00",NULL,NULL
3698,"Patiala","India","Punjab","2020-04-07 16:51:33.411+00","2020-04-07 16:51:33.411+00",NULL,NULL
3699,"Bassi","India","Punjab","2020-04-07 16:51:33.547+00","2020-04-07 16:51:33.547+00",NULL,NULL
3700,"Fatehgarh Sahib","India","Punjab","2020-04-07 16:51:33.584+00","2020-04-07 16:51:33.584+00",NULL,NULL
3701,"Rajpura","India","Punjab","2020-04-07 16:51:33.625+00","2020-04-07 16:51:33.625+00",NULL,NULL
3702,"S.A.S.Nagar (Mohali)","India","Punjab","2020-04-07 16:51:33.688+00","2020-04-07 16:51:33.688+00",NULL,NULL
3703,"Derabassi","India","Punjab","2020-04-07 16:51:33.755+00","2020-04-07 16:51:33.755+00",NULL,NULL
3704,"Samana","India","Punjab","2020-04-07 16:51:33.811+00","2020-04-07 16:51:33.811+00",NULL,NULL
3705,"Amloh (P)","India","Punjab","2020-04-07 16:51:33.875+00","2020-04-07 16:51:33.875+00",NULL,NULL
3706,"Nabha","India","Punjab","2020-04-07 16:51:34.143+00","2020-04-07 16:51:34.143+00",NULL,NULL
3707,"Fatehgarh Sahib","India","Punjab","2020-04-07 16:51:34.207+00","2020-04-07 16:51:34.207+00",NULL,NULL
3708,"Firozpur","India","Punjab","2020-04-07 16:51:34.378+00","2020-04-07 16:51:34.378+00",NULL,NULL
3709,"Jalandhar-II","India","Punjab","2020-04-07 16:51:34.443+00","2020-04-07 16:51:34.443+00",NULL,NULL
3710,"Ludhiana East","India","Punjab","2020-04-07 16:51:34.472+00","2020-04-07 16:51:34.472+00",NULL,NULL
3711,"Abohar","India","Punjab","2020-04-07 16:51:34.48+00","2020-04-07 16:51:34.48+00",NULL,NULL
3712,"Fazilka","India","Punjab","2020-04-07 16:51:34.756+00","2020-04-07 16:51:34.756+00",NULL,NULL
3713,"Bharatpur","India","Rajasthan","2020-04-07 16:52:56.686+00","2020-04-07 16:52:56.686+00",NULL,NULL
3714,"Fatehgargh Sahib","India","Punjab","2020-04-07 16:51:34.807+00","2020-04-07 16:51:34.807+00",NULL,NULL
3715,"Kumher","India","Rajasthan","2020-04-07 16:52:56.957+00","2020-04-07 16:52:56.957+00",NULL,NULL
3716,"Bhilwara","India","Rajasthan","2020-04-07 16:52:59.029+00","2020-04-07 16:52:59.029+00",NULL,NULL
3717,"Nagar","India","Rajasthan","2020-04-07 16:52:56.759+00","2020-04-07 16:52:56.759+00",NULL,NULL
3718,"Mandalgarh","India","Rajasthan","2020-04-07 16:52:59.988+00","2020-04-07 16:52:59.988+00",NULL,NULL
3719,"Dungarpur","India","Rajasthan","2020-04-07 16:53:01.245+00","2020-04-07 16:53:01.245+00",NULL,NULL
3720,"Banswara","India","Rajasthan","2020-04-07 16:53:01.298+00","2020-04-07 16:53:01.298+00",NULL,NULL
3721,"Jaipur","India","Rajasthan","2020-04-07 16:53:04.276+00","2020-04-07 16:53:04.276+00",NULL,NULL
3722,"Dausa","India","Rajasthan","2020-04-07 16:53:04.288+00","2020-04-07 16:53:04.288+00",NULL,NULL
3723,"PHULERA","India","Rajasthan","2020-04-07 16:53:04.367+00","2020-04-07 16:53:04.367+00",NULL,NULL
3724,"Dausa","India","Rajasthan","2020-04-07 16:53:04.833+00","2020-04-07 16:53:04.833+00",NULL,NULL
3725,"Baran","India","Rajasthan","2020-04-07 16:53:09.036+00","2020-04-07 16:53:09.036+00",NULL,NULL
3726,"Kota","India","Rajasthan","2020-04-07 16:53:09.012+00","2020-04-07 16:53:09.013+00",NULL,NULL
3727,"Ladpura","India","Rajasthan","2020-04-07 16:53:09.268+00","2020-04-07 16:53:09.268+00",NULL,NULL
3728,"Jhalawar","India","Rajasthan","2020-04-07 16:53:09.044+00","2020-04-07 16:53:09.044+00",NULL,NULL
3729,"Kota","India","Rajasthan","2020-04-07 16:53:10.578+00","2020-04-07 16:53:10.578+00",NULL,NULL
3730,"Digod","India","Rajasthan","2020-04-07 16:53:10.682+00","2020-04-07 16:53:10.682+00",NULL,NULL
3731,"Baran","India","Rajasthan","2020-04-07 16:53:11.959+00","2020-04-07 16:53:11.959+00",NULL,NULL
3732,"Jhalawar","India","Rajasthan","2020-04-07 16:53:12.075+00","2020-04-07 16:53:12.075+00",NULL,NULL
3733,"Tonk","India","Rajasthan","2020-04-07 16:53:13.091+00","2020-04-07 16:53:13.091+00",NULL,NULL
3734,"Laxaman Garh","India","Rajasthan","2020-04-07 16:53:15.985+00","2020-04-07 16:53:15.985+00",NULL,NULL
3735,"Ramgarh","India","Rajasthan","2020-04-07 16:53:16.05+00","2020-04-07 16:53:16.05+00",NULL,NULL
3736,"Alwar","India","Rajasthan","2020-04-07 16:53:15.894+00","2020-04-07 16:53:15.894+00",NULL,NULL
3737,"Bundi","India","Rajasthan","2020-04-07 16:53:13.132+00","2020-04-07 16:53:13.132+00",NULL,NULL
3738,"Thanagazi","India","Rajasthan","2020-04-07 16:53:16.092+00","2020-04-07 16:53:16.092+00",NULL,NULL
3739,"Tijara","India","Rajasthan","2020-04-07 16:53:16.391+00","2020-04-07 16:53:16.391+00",NULL,NULL
3740,"Rajgarh","India","Rajasthan","2020-04-07 16:53:16.13+00","2020-04-07 16:53:16.13+00",NULL,NULL
3741,"Laxmangarh Alwar","India","Rajasthan","2020-04-07 16:53:16.434+00","2020-04-07 16:53:16.434+00",NULL,NULL
3742,"Kathumar","India","Rajasthan","2020-04-07 16:53:16.701+00","2020-04-07 16:53:16.701+00",NULL,NULL
3743,"Kishan Garh Bass","India","Rajasthan","2020-04-07 16:53:16.801+00","2020-04-07 16:53:16.801+00",NULL,NULL
3744,"Kishan Garh","India","Rajasthan","2020-04-07 16:53:16.731+00","2020-04-07 16:53:16.731+00",NULL,NULL
3745,"Laxmangarh","India","Rajasthan","2020-04-07 16:53:16.923+00","2020-04-07 16:53:16.923+00",NULL,NULL
3746,"Tana Gazi","India","Rajasthan","2020-04-07 16:53:16.962+00","2020-04-07 16:53:16.962+00",NULL,NULL
3747,"Laxman Garh","India","Rajasthan","2020-04-07 16:53:16.89+00","2020-04-07 16:53:16.89+00",NULL,NULL
3748,"Tizara","India","Rajasthan","2020-04-07 16:53:17.01+00","2020-04-07 16:53:17.01+00",NULL,NULL
3749,"Mandawar","India","Rajasthan","2020-04-07 16:53:17.032+00","2020-04-07 16:53:17.032+00",NULL,NULL
3750,"Bansur","India","Rajasthan","2020-04-07 16:53:17.048+00","2020-04-07 16:53:17.048+00",NULL,NULL
3751,"Bahror","India","Rajasthan","2020-04-07 16:53:17.064+00","2020-04-07 16:53:17.064+00",NULL,NULL
3752,"Behror","India","Rajasthan","2020-04-07 16:53:17.329+00","2020-04-07 16:53:17.329+00",NULL,NULL
3753,"Neemrana","India","Rajasthan","2020-04-07 16:53:17.583+00","2020-04-07 16:53:17.583+00",NULL,NULL
3754,"Baitu","India","Rajasthan","2020-04-07 16:53:17.626+00","2020-04-07 16:53:17.626+00",NULL,NULL
3755,"Balotra","India","Rajasthan","2020-04-07 16:53:17.657+00","2020-04-07 16:53:17.657+00",NULL,NULL
3756,"Bishala","India","Rajasthan","2020-04-07 16:53:17.891+00","2020-04-07 16:53:17.891+00",NULL,NULL
3757,"Chohtan","India","Rajasthan","2020-04-07 16:53:17.922+00","2020-04-07 16:53:17.922+00",NULL,NULL
3758,"Dhorimana","India","Rajasthan","2020-04-07 16:53:17.951+00","2020-04-07 16:53:17.951+00",NULL,NULL
3759,"Gudamalani","India","Rajasthan","2020-04-07 16:53:18.017+00","2020-04-07 16:53:18.017+00",NULL,NULL
3760,"Gadra Road","India","Rajasthan","2020-04-07 16:53:17.983+00","2020-04-07 16:53:17.983+00",NULL,NULL
3761,"Gunga","India","Rajasthan","2020-04-07 16:53:18.054+00","2020-04-07 16:53:18.054+00",NULL,NULL
3762,"Kalyanpur","India","Rajasthan","2020-04-07 16:53:18.131+00","2020-04-07 16:53:18.131+00",NULL,NULL
3763,"Kavas","India","Rajasthan","2020-04-07 16:53:18.167+00","2020-04-07 16:53:18.167+00",NULL,NULL
3764,"Jasol","India","Rajasthan","2020-04-07 16:53:18.089+00","2020-04-07 16:53:18.089+00",NULL,NULL
3765,"Mewanagar","India","Rajasthan","2020-04-07 16:53:18.202+00","2020-04-07 16:53:18.202+00",NULL,NULL
3766,"Mokalsar","India","Rajasthan","2020-04-07 16:53:18.231+00","2020-04-07 16:53:18.231+00",NULL,NULL
3767,"Padru","India","Rajasthan","2020-04-07 16:53:18.293+00","2020-04-07 16:53:18.293+00",NULL,NULL
3768,"Pachpadra City","India","Rajasthan","2020-04-07 16:53:18.263+00","2020-04-07 16:53:18.263+00",NULL,NULL
3769,"Parlu","India","Rajasthan","2020-04-07 16:53:18.547+00","2020-04-07 16:53:18.547+00",NULL,NULL
3770,"Ramsar","India","Rajasthan","2020-04-07 16:53:18.614+00","2020-04-07 16:53:18.614+00",NULL,NULL
3771,"Rawatsar","India","Rajasthan","2020-04-07 16:53:18.686+00","2020-04-07 16:53:18.686+00",NULL,NULL
3772,"Ranigaon","India","Rajasthan","2020-04-07 16:53:18.656+00","2020-04-07 16:53:18.656+00",NULL,NULL
3773,"Samdari","India","Rajasthan","2020-04-07 16:53:18.705+00","2020-04-07 16:53:18.705+00",NULL,NULL
3774,"Sanawara","India","Rajasthan","2020-04-07 16:53:18.72+00","2020-04-07 16:53:18.72+00",NULL,NULL
3775,"Sedwa","India","Rajasthan","2020-04-07 16:53:18.736+00","2020-04-07 16:53:18.736+00",NULL,NULL
3776,"Shiv","India","Rajasthan","2020-04-07 16:53:18.752+00","2020-04-07 16:53:18.752+00",NULL,NULL
3777,"Sindhari","India","Rajasthan","2020-04-07 16:53:18.768+00","2020-04-07 16:53:18.768+00",NULL,NULL
3778,"Siwana","India","Rajasthan","2020-04-07 16:53:18.785+00","2020-04-07 16:53:18.785+00",NULL,NULL
3779,"Swau Padamsingh","India","Rajasthan","2020-04-07 16:53:18.818+00","2020-04-07 16:53:18.818+00",NULL,NULL
3780,"Beawar","India","Rajasthan","2020-04-07 16:53:18.879+00","2020-04-07 16:53:18.879+00",NULL,NULL
3781,"Barmer","India","Rajasthan","2020-04-07 16:53:18.843+00","2020-04-07 16:53:18.843+00",NULL,NULL
3782,"Nasirabad","India","Rajasthan","2020-04-07 16:53:19.143+00","2020-04-07 16:53:19.143+00",NULL,NULL
3783,"Pisangan","India","Rajasthan","2020-04-07 16:53:18.904+00","2020-04-07 16:53:18.904+00",NULL,NULL
3784,"Bhinai","India","Rajasthan","2020-04-07 16:53:19.411+00","2020-04-07 16:53:19.411+00",NULL,NULL
3785,"Bijainagar","India","Rajasthan","2020-04-07 16:53:19.671+00","2020-04-07 16:53:19.671+00",NULL,NULL
3786,"Kekri","India","Rajasthan","2020-04-07 16:53:19.729+00","2020-04-07 16:53:19.729+00",NULL,NULL
3787,"Sarwar","India","Rajasthan","2020-04-07 16:53:19.771+00","2020-04-07 16:53:19.771+00",NULL,NULL
3788,"Bikaner","India","Rajasthan","2020-04-07 16:53:19.791+00","2020-04-07 16:53:19.791+00",NULL,NULL
3789,"Khajuwala","India","Rajasthan","2020-04-07 16:53:19.943+00","2020-04-07 16:53:19.943+00",NULL,NULL
3790,"Chhatargarh","India","Rajasthan","2020-04-07 16:53:19.844+00","2020-04-07 16:53:19.844+00",NULL,NULL
3791,"Nokha","India","Rajasthan","2020-04-07 16:53:19.875+00","2020-04-07 16:53:19.875+00",NULL,NULL
3792,"Lunkaransar","India","Rajasthan","2020-04-07 16:53:20.19+00","2020-04-07 16:53:20.19+00",NULL,NULL
3793,"Dungargarh","India","Rajasthan","2020-04-07 16:53:20.441+00","2020-04-07 16:53:20.441+00",NULL,NULL
3794,"Bhupalsagar","India","Rajasthan","2020-04-07 16:53:20.467+00","2020-04-07 16:53:20.467+00",NULL,NULL
3795,"Rawatbhata","India","Rajasthan","2020-04-07 16:53:20.499+00","2020-04-07 16:53:20.499+00",NULL,NULL
3796,"Arnod","India","Rajasthan","2020-04-07 16:53:20.515+00","2020-04-07 16:53:20.515+00",NULL,NULL
3797,"Barisadari","India","Rajasthan","2020-04-07 16:53:20.53+00","2020-04-07 16:53:20.53+00",NULL,NULL
3798,"Chittorgarh","India","Rajasthan","2020-04-07 16:53:20.55+00","2020-04-07 16:53:20.55+00",NULL,NULL
3799,"Begun","India","Rajasthan","2020-04-07 16:53:20.569+00","2020-04-07 16:53:20.569+00",NULL,NULL
3800,"Rawatbhatta","India","Rajasthan","2020-04-07 16:53:20.601+00","2020-04-07 16:53:20.601+00",NULL,NULL
3801,"Bhadesar","India","Rajasthan","2020-04-07 16:53:20.622+00","2020-04-07 16:53:20.622+00",NULL,NULL
3802,"Nimbahera","India","Rajasthan","2020-04-07 16:53:24.159+00","2020-04-07 16:53:24.159+00",NULL,NULL
3803,"Chhotisadari","India","Rajasthan","2020-04-07 16:53:24.2+00","2020-04-07 16:53:24.2+00",NULL,NULL
3804,"Cittorgarh","India","Rajasthan","2020-04-07 16:53:24.218+00","2020-04-07 16:53:24.218+00",NULL,NULL
3805,"Doongla","India","Rajasthan","2020-04-07 16:53:24.256+00","2020-04-07 16:53:24.256+00",NULL,NULL
3806,"Partabgarh","India","Rajasthan","2020-04-07 16:53:24.235+00","2020-04-07 16:53:24.235+00",NULL,NULL
3807,"Gangrar","India","Rajasthan","2020-04-07 16:53:24.273+00","2020-04-07 16:53:24.273+00",NULL,NULL
3808,"Rashmi","India","Rajasthan","2020-04-07 16:53:24.334+00","2020-04-07 16:53:24.334+00",NULL,NULL
3809,"Kapasan","India","Rajasthan","2020-04-07 16:53:24.298+00","2020-04-07 16:53:24.298+00",NULL,NULL
3810,"Rawabhatta","India","Rajasthan","2020-04-07 16:53:24.394+00","2020-04-07 16:53:24.394+00",NULL,NULL
3811,"Ratangarh","India","Rajasthan","2020-04-07 16:53:24.401+00","2020-04-07 16:53:24.401+00",NULL,NULL
3812,"Sujangarh","India","Rajasthan","2020-04-07 16:53:24.443+00","2020-04-07 16:53:24.443+00",NULL,NULL
3813,"Churu","India","Rajasthan","2020-04-07 16:53:24.641+00","2020-04-07 16:53:24.641+00",NULL,NULL
3814,"Sardarshahar","India","Rajasthan","2020-04-07 16:53:24.67+00","2020-04-07 16:53:24.67+00",NULL,NULL
3815,"Rajgarh","India","Rajasthan","2020-04-07 16:53:24.759+00","2020-04-07 16:53:24.759+00",NULL,NULL
3816,"Sadulpur","India","Rajasthan","2020-04-07 16:53:24.721+00","2020-04-07 16:53:24.721+00",NULL,NULL
3817,"Sardarshahr","India","Rajasthan","2020-04-07 16:53:24.794+00","2020-04-07 16:53:24.794+00",NULL,NULL
3818,"Taranagar","India","Rajasthan","2020-04-07 16:53:25.065+00","2020-04-07 16:53:25.065+00",NULL,NULL
3819,"Bayana","India","Rajasthan","2020-04-07 16:53:25.356+00","2020-04-07 16:53:25.356+00",NULL,NULL
3820,"Bayana Mdg","India","Rajasthan","2020-04-07 16:53:25.467+00","2020-04-07 16:53:25.467+00",NULL,NULL
3821,"Bari","India","Rajasthan","2020-04-07 16:53:25.473+00","2020-04-07 16:53:25.473+00",NULL,NULL
3822,"Saipau","India","Rajasthan","2020-04-07 16:53:25.521+00","2020-04-07 16:53:25.521+00",NULL,NULL
3823,"Baseri","India","Rajasthan","2020-04-07 16:53:25.54+00","2020-04-07 16:53:25.54+00",NULL,NULL
3824,"Baresri","India","Rajasthan","2020-04-07 16:53:25.69+00","2020-04-07 16:53:25.69+00",NULL,NULL
3825,"Roopbas","India","Rajasthan","2020-04-07 16:53:25.653+00","2020-04-07 16:53:25.653+00",NULL,NULL
3826,"Rajakhera","India","Rajasthan","2020-04-07 16:53:25.62+00","2020-04-07 16:53:25.62+00",NULL,NULL
3827,"Dholpur","India","Rajasthan","2020-04-07 16:53:25.563+00","2020-04-07 16:53:25.563+00",NULL,NULL
3828,"Weir","India","Rajasthan","2020-04-07 16:53:25.736+00","2020-04-07 16:53:25.736+00",NULL,NULL
3829,"Nawalgarh","India","Rajasthan","2020-04-07 16:53:25.974+00","2020-04-07 16:53:25.974+00",NULL,NULL
3830,"Jhunjhunu","India","Rajasthan","2020-04-07 16:53:26.015+00","2020-04-07 16:53:26.015+00",NULL,NULL
3831,"Udaipurwati","India","Rajasthan","2020-04-07 16:53:26.052+00","2020-04-07 16:53:26.052+00",NULL,NULL
3832,"Jhunjhunun","India","Rajasthan","2020-04-07 16:53:26.294+00","2020-04-07 16:53:26.294+00",NULL,NULL
3833,"Nawlgarh","India","Rajasthan","2020-04-07 16:53:26.349+00","2020-04-07 16:53:26.349+00",NULL,NULL
3834,"Udaiurwati","India","Rajasthan","2020-04-07 16:53:26.733+00","2020-04-07 16:53:26.733+00",NULL,NULL
3835,"Malsisar","India","Rajasthan","2020-04-07 16:53:26.423+00","2020-04-07 16:53:26.423+00",NULL,NULL
3836,"Chirawa","India","Rajasthan","2020-04-07 16:53:26.776+00","2020-04-07 16:53:26.776+00",NULL,NULL
3837,"Khetri","India","Rajasthan","2020-04-07 16:53:27.043+00","2020-04-07 16:53:27.043+00",NULL,NULL
3838,"Buhana","India","Rajasthan","2020-04-07 16:53:27.291+00","2020-04-07 16:53:27.291+00",NULL,NULL
3839,"Surajgarh","India","Rajasthan","2020-04-07 16:53:27.34+00","2020-04-07 16:53:27.34+00",NULL,NULL
3840,"Jodhpur","India","Rajasthan","2020-04-07 16:53:27.434+00","2020-04-07 16:53:27.434+00",NULL,NULL
3841,"Jaisalmer","India","Rajasthan","2020-04-07 16:53:27.458+00","2020-04-07 16:53:27.458+00",NULL,NULL
3842,"Pokaran","India","Rajasthan","2020-04-07 16:53:27.573+00","2020-04-07 16:53:27.573+00",NULL,NULL
3843,"Aau","India","Rajasthan","2020-04-07 16:53:27.608+00","2020-04-07 16:53:27.608+00",NULL,NULL
3844,"Pokaran","India","Rajasthan","2020-04-07 16:53:29.316+00","2020-04-07 16:53:29.316+00",NULL,NULL
3845,"Jetaran","India","Rajasthan","2020-04-07 16:53:29.571+00","2020-04-07 16:53:29.571+00",NULL,NULL
3846,"Desuri","India","Rajasthan","2020-04-07 16:53:29.679+00","2020-04-07 16:53:29.679+00",NULL,NULL
3847,"Jaitaran","India","Rajasthan","2020-04-07 16:53:29.632+00","2020-04-07 16:53:29.632+00",NULL,NULL
3848,"Bali","India","Rajasthan","2020-04-07 16:53:29.715+00","2020-04-07 16:53:29.715+00",NULL,NULL
3849,"Pali","India","Rajasthan","2020-04-07 16:53:29.753+00","2020-04-07 16:53:29.753+00",NULL,NULL
3850,"Sojat","India","Rajasthan","2020-04-07 16:53:30.143+00","2020-04-07 16:53:30.143+00",NULL,NULL
3851,"Sumerpur","India","Rajasthan","2020-04-07 16:53:30.174+00","2020-04-07 16:53:30.174+00",NULL,NULL
3852,"Pali  Mwr","India","Rajasthan","2020-04-07 16:53:30.235+00","2020-04-07 16:53:30.235+00",NULL,NULL
3853,"Raipur Mwr","India","Rajasthan","2020-04-07 16:53:30.281+00","2020-04-07 16:53:30.281+00",NULL,NULL
3854,"Raipur  Mwr","India","Rajasthan","2020-04-07 16:53:30.539+00","2020-04-07 16:53:30.539+00",NULL,NULL
3855,"Marwar Jn.","India","Rajasthan","2020-04-07 16:53:31.099+00","2020-04-07 16:53:31.099+00",NULL,NULL
3856,"Rohat","India","Rajasthan","2020-04-07 16:53:30.615+00","2020-04-07 16:53:30.615+00",NULL,NULL
3857,"Marwar  Jn.","India","Rajasthan","2020-04-07 16:53:32.072+00","2020-04-07 16:53:32.072+00",NULL,NULL
3858,"Somesar","India","Rajasthan","2020-04-07 16:53:32.143+00","2020-04-07 16:53:32.143+00",NULL,NULL
3859,"Hindaun","India","Rajasthan","2020-04-07 16:53:32.151+00","2020-04-07 16:53:32.151+00",NULL,NULL
3860,"Karauli","India","Rajasthan","2020-04-07 16:53:32.391+00","2020-04-07 16:53:32.391+00",NULL,NULL
3861,"Sawaimadhopur","India","Rajasthan","2020-04-07 16:53:32.629+00","2020-04-07 16:53:32.629+00",NULL,NULL
3862,"Gangapur","India","Rajasthan","2020-04-07 16:53:32.662+00","2020-04-07 16:53:32.662+00",NULL,NULL
3863,"Sawai Madhopur","India","Rajasthan","2020-04-07 16:53:32.693+00","2020-04-07 16:53:32.693+00",NULL,NULL
3864,"Chauth Ka Barwara","India","Rajasthan","2020-04-07 16:53:32.726+00","2020-04-07 16:53:32.726+00",NULL,NULL
3865,"Malarna Dungar","India","Rajasthan","2020-04-07 16:53:32.757+00","2020-04-07 16:53:32.757+00",NULL,NULL
3866,"Chuth Ka Barwara","India","Rajasthan","2020-04-07 16:53:33.619+00","2020-04-07 16:53:33.619+00",NULL,NULL
3867,"Khandar","India","Rajasthan","2020-04-07 16:53:33.669+00","2020-04-07 16:53:33.669+00",NULL,NULL
3868,"Nadoti","India","Rajasthan","2020-04-07 16:53:33.837+00","2020-04-07 16:53:33.837+00",NULL,NULL
3869,"Bamanwas","India","Rajasthan","2020-04-07 16:53:33.802+00","2020-04-07 16:53:33.802+00",NULL,NULL
3870,"Malarna Doongar","India","Rajasthan","2020-04-07 16:53:33.706+00","2020-04-07 16:53:33.706+00",NULL,NULL
3871,"Bonli","India","Rajasthan","2020-04-07 16:53:34.471+00","2020-04-07 16:53:34.471+00",NULL,NULL
3872,"Sapotara","India","Rajasthan","2020-04-07 16:53:34.146+00","2020-04-07 16:53:34.146+00",NULL,NULL
3873,"Todabhim","India","Rajasthan","2020-04-07 16:53:34.648+00","2020-04-07 16:53:34.648+00",NULL,NULL
3874,"Mandrail","India","Rajasthan","2020-04-07 16:53:34.749+00","2020-04-07 16:53:34.749+00",NULL,NULL
3875,"Sri Madhopur","India","Rajasthan","2020-04-07 16:53:34.769+00","2020-04-07 16:53:34.769+00",NULL,NULL
3876,"Neem-Ka-Thana","India","Rajasthan","2020-04-07 16:53:34.808+00","2020-04-07 16:53:34.808+00",NULL,NULL
3877,"Sikar","India","Rajasthan","2020-04-07 16:53:35.479+00","2020-04-07 16:53:35.479+00",NULL,NULL
3878,"Nimkathana","India","Rajasthan","2020-04-07 16:53:34.852+00","2020-04-07 16:53:34.852+00",NULL,NULL
3879,"Fatehpur","India","Rajasthan","2020-04-07 16:53:35.674+00","2020-04-07 16:53:35.674+00",NULL,NULL
3880,"Fatehpur Shekhawati","India","Rajasthan","2020-04-07 16:53:35.754+00","2020-04-07 16:53:35.754+00",NULL,NULL
3881,"Lachhmangarh","India","Rajasthan","2020-04-07 16:53:35.806+00","2020-04-07 16:53:35.806+00",NULL,NULL
3882,"Srimadhopur","India","Rajasthan","2020-04-07 16:53:35.88+00","2020-04-07 16:53:35.88+00",NULL,NULL
3883,"Aburoad","India","Rajasthan","2020-04-07 16:53:36.377+00","2020-04-07 16:53:36.377+00",NULL,NULL
3884,"Abu Road","India","Rajasthan","2020-04-07 16:53:36.413+00","2020-04-07 16:53:36.413+00",NULL,NULL
3885,"Sirohi","India","Rajasthan","2020-04-07 16:53:36.506+00","2020-04-07 16:53:36.506+00",NULL,NULL
3886,"Pindwara","India","Rajasthan","2020-04-07 16:53:36.472+00","2020-04-07 16:53:36.472+00",NULL,NULL
3887,"Reodar","India","Rajasthan","2020-04-07 16:53:36.443+00","2020-04-07 16:53:36.443+00",NULL,NULL
3888,"Sheoganj","India","Rajasthan","2020-04-07 16:53:36.771+00","2020-04-07 16:53:36.771+00",NULL,NULL
3889,"Jalore","India","Rajasthan","2020-04-07 16:53:36.839+00","2020-04-07 16:53:36.839+00",NULL,NULL
3890,"Ahore","India","Rajasthan","2020-04-07 16:53:36.802+00","2020-04-07 16:53:36.802+00",NULL,NULL
3891,"Bhinmal","India","Rajasthan","2020-04-07 16:53:36.951+00","2020-04-07 16:53:36.951+00",NULL,NULL
3892,"Sanchore","India","Rajasthan","2020-04-07 16:53:36.977+00","2020-04-07 16:53:36.977+00",NULL,NULL
3893,"Jalor","India","Rajasthan","2020-04-07 16:53:37.027+00","2020-04-07 16:53:37.027+00",NULL,NULL
3894,"Raniwara","India","Rajasthan","2020-04-07 16:53:37.07+00","2020-04-07 16:53:37.07+00",NULL,NULL
3895,"Sayla","India","Rajasthan","2020-04-07 16:53:37.098+00","2020-04-07 16:53:37.098+00",NULL,NULL
3896,"Anupgarh","India","Rajasthan","2020-04-07 16:53:37.138+00","2020-04-07 16:53:37.138+00",NULL,NULL
3897,"Bagra","India","Rajasthan","2020-04-07 16:53:37.124+00","2020-04-07 16:53:37.124+00",NULL,NULL
3898,"Srigangangar","India","Rajasthan","2020-04-07 16:53:37.19+00","2020-04-07 16:53:37.19+00",NULL,NULL
3899,"Raisinghnagar","India","Rajasthan","2020-04-07 16:53:37.166+00","2020-04-07 16:53:37.166+00",NULL,NULL
3900,"Sriganganagar","India","Rajasthan","2020-04-07 16:53:37.218+00","2020-04-07 16:53:37.218+00",NULL,NULL
3901,"Srigangangaar","India","Rajasthan","2020-04-07 16:53:37.247+00","2020-04-07 16:53:37.247+00",NULL,NULL
3902,"Sadulshahar","India","Rajasthan","2020-04-07 16:53:37.283+00","2020-04-07 16:53:37.283+00",NULL,NULL
3903,"Hanumangarh","India","Rajasthan","2020-04-07 16:53:37.255+00","2020-04-07 16:53:37.255+00",NULL,NULL
3904,"Gajsingpur","India","Rajasthan","2020-04-07 16:53:37.723+00","2020-04-07 16:53:37.723+00",NULL,NULL
3905,"Gharsana","India","Rajasthan","2020-04-07 16:53:37.768+00","2020-04-07 16:53:37.768+00",NULL,NULL
3906,"Sribijaynagar","India","Rajasthan","2020-04-07 16:53:37.803+00","2020-04-07 16:53:37.803+00",NULL,NULL
3907,"Kesrisinghpur","India","Rajasthan","2020-04-07 16:53:38.275+00","2020-04-07 16:53:38.275+00",NULL,NULL
3908,"Srikaranpur","India","Rajasthan","2020-04-07 16:53:38.338+00","2020-04-07 16:53:38.338+00",NULL,NULL
3909,"Padampur","India","Rajasthan","2020-04-07 16:53:38.37+00","2020-04-07 16:53:38.37+00",NULL,NULL
3910,"Bhadra","India","Rajasthan","2020-04-07 16:53:38.444+00","2020-04-07 16:53:38.444+00",NULL,NULL
3911,"Nohar","India","Rajasthan","2020-04-07 16:53:38.491+00","2020-04-07 16:53:38.491+00",NULL,NULL
3912,"Suratgarh","India","Rajasthan","2020-04-07 16:53:38.592+00","2020-04-07 16:53:38.592+00",NULL,NULL
3913,"Pilibangan","India","Rajasthan","2020-04-07 16:53:38.645+00","2020-04-07 16:53:38.645+00",NULL,NULL
3914,"Rawatsar","India","Rajasthan","2020-04-07 16:53:38.678+00","2020-04-07 16:53:38.678+00",NULL,NULL
3915,"Sangaria","India","Rajasthan","2020-04-07 16:53:38.712+00","2020-04-07 16:53:38.712+00",NULL,NULL
3916,"Suratgarh","India","Rajasthan","2020-04-07 16:53:38.974+00","2020-04-07 16:53:38.974+00",NULL,NULL
3917,"Tibbi","India","Rajasthan","2020-04-07 16:53:39.033+00","2020-04-07 16:53:39.033+00",NULL,NULL
3918,"Mavli","India","Rajasthan","2020-04-07 16:53:39.043+00","2020-04-07 16:53:39.043+00",NULL,NULL
3919,"Gogunda","India","Rajasthan","2020-04-07 16:53:39.091+00","2020-04-07 16:53:39.091+00",NULL,NULL
3920,"Girwa","India","Rajasthan","2020-04-07 16:53:39.125+00","2020-04-07 16:53:39.125+00",NULL,NULL
3921,"Lasadia","India","Rajasthan","2020-04-07 16:53:39.219+00","2020-04-07 16:53:39.219+00",NULL,NULL
3922,"Vallabhangar","India","Rajasthan","2020-04-07 16:53:39.459+00","2020-04-07 16:53:39.459+00",NULL,NULL
3923,"Dhariawad","India","Rajasthan","2020-04-07 16:53:39.539+00","2020-04-07 16:53:39.539+00",NULL,NULL
3924,"Sayra","India","Rajasthan","2020-04-07 16:53:39.63+00","2020-04-07 16:53:39.63+00",NULL,NULL
3925,"Vallabhnagar","India","Rajasthan","2020-04-07 16:53:39.671+00","2020-04-07 16:53:39.671+00",NULL,NULL
3926,"Nathdwara","India","Rajasthan","2020-04-07 16:53:39.691+00","2020-04-07 16:53:39.691+00",NULL,NULL
3927,"Rajsamand","India","Rajasthan","2020-04-07 16:53:39.73+00","2020-04-07 16:53:39.73+00",NULL,NULL
3928,"Gilund","India","Rajasthan","2020-04-07 16:53:39.768+00","2020-04-07 16:53:39.768+00",NULL,NULL
3929,"Kumbhalgarh","India","Rajasthan","2020-04-07 16:53:40.007+00","2020-04-07 16:53:40.007+00",NULL,NULL
3930,"Khamnore","India","Rajasthan","2020-04-07 16:53:40.048+00","2020-04-07 16:53:40.048+00",NULL,NULL
3931,"Koaria","India","Rajasthan","2020-04-07 16:53:40.08+00","2020-04-07 16:53:40.08+00",NULL,NULL
3932,"Kuraj","India","Rajasthan","2020-04-07 16:53:40.147+00","2020-04-07 16:53:40.147+00",NULL,NULL
3933,"Kothaira","India","Rajasthan","2020-04-07 16:53:40.114+00","2020-04-07 16:53:40.114+00",NULL,NULL
3934,"Kankroli","India","Rajasthan","2020-04-07 16:53:40.508+00","2020-04-07 16:53:40.508+00",NULL,NULL
3935,"Railmagra","India","Rajasthan","2020-04-07 16:53:40.227+00","2020-04-07 16:53:40.227+00",NULL,NULL
3936,"Lawa Sardargarh","India","Rajasthan","2020-04-07 16:53:40.177+00","2020-04-07 16:53:40.177+00",NULL,NULL
3937,"Badgaon","India","Rajasthan","2020-04-07 16:53:40.584+00","2020-04-07 16:53:40.584+00",NULL,NULL
3938,"Sarara","India","Rajasthan","2020-04-07 16:53:40.604+00","2020-04-07 16:53:40.604+00",NULL,NULL
3939,"Kherwara","India","Rajasthan","2020-04-07 16:53:40.64+00","2020-04-07 16:53:40.64+00",NULL,NULL
3940,"Jhadol","India","Rajasthan","2020-04-07 16:53:40.691+00","2020-04-07 16:53:40.691+00",NULL,NULL
3941,"Salumber","India","Rajasthan","2020-04-07 16:53:40.669+00","2020-04-07 16:53:40.669+00",NULL,NULL
3942,"Kotra","India","Rajasthan","2020-04-07 16:53:40.935+00","2020-04-07 16:53:40.935+00",NULL,NULL
3943,"Charbhuja","India","Rajasthan","2020-04-07 16:53:41.36+00","2020-04-07 16:53:41.36+00",NULL,NULL
3944,"Rajasamand","India","Rajasthan","2020-04-07 16:53:41.319+00","2020-04-07 16:53:41.319+00",NULL,NULL
3945,"Amer","India","Rajasthan","2020-04-07 16:53:41.46+00","2020-04-07 16:53:41.46+00",NULL,NULL
3946,"Kishangarh","India","Rajasthan","2020-04-07 16:53:43.53+00","2020-04-07 16:53:43.53+00",NULL,NULL
3947,"Sanganer","India","Rajasthan","2020-04-07 16:53:41.494+00","2020-04-07 16:53:41.494+00",NULL,NULL
3948,"MASUDA","India","Rajasthan","2020-04-07 16:53:44.127+00","2020-04-07 16:53:44.127+00",NULL,NULL
3949,"Ajmer","India","Rajasthan","2020-04-07 16:53:44.041+00","2020-04-07 16:53:44.041+00",NULL,NULL
3950,"Kishan Garh","India","Rajasthan","2020-04-07 16:53:44.701+00","2020-04-07 16:53:44.701+00",NULL,NULL
3951,"Aspur","India","Rajasthan","2020-04-07 16:53:44.406+00","2020-04-07 16:53:44.406+00",NULL,NULL
3952,"Shergarh","India","Rajasthan","2020-04-07 16:53:44.321+00","2020-04-07 16:53:44.321+00",NULL,NULL
3953,"Ladnun","India","Rajasthan","2020-04-07 16:53:44.794+00","2020-04-07 16:53:44.794+00",NULL,NULL
3954,"Didwana","India","Rajasthan","2020-04-07 16:53:44.829+00","2020-04-07 16:53:44.829+00",NULL,NULL
3955,"Degana","India","Rajasthan","2020-04-07 16:53:44.911+00","2020-04-07 16:53:44.911+00",NULL,NULL
3956,"Makrana","India","Rajasthan","2020-04-07 16:53:44.956+00","2020-04-07 16:53:44.956+00",NULL,NULL
3957,"Parbatsar","India","Rajasthan","2020-04-07 16:53:45.2+00","2020-04-07 16:53:45.2+00",NULL,NULL
3958,"Nagaur","India","Rajasthan","2020-04-07 16:53:47.003+00","2020-04-07 16:53:47.003+00",NULL,NULL
3959,"Nawacity","India","Rajasthan","2020-04-07 16:53:45.227+00","2020-04-07 16:53:45.227+00",NULL,NULL
3960,"Merta","India","Rajasthan","2020-04-07 16:53:47.069+00","2020-04-07 16:53:47.069+00",NULL,NULL
3961,"Khinwsar","India","Rajasthan","2020-04-07 16:53:47.418+00","2020-04-07 16:53:47.418+00",NULL,NULL
3962,"Mundwa","India","Rajasthan","2020-04-07 16:53:47.169+00","2020-04-07 16:53:47.169+00",NULL,NULL
3963,"Jael","India","Rajasthan","2020-04-07 16:53:47.132+00","2020-04-07 16:53:47.132+00",NULL,NULL
3964,"Marwar Mundwa","India","Rajasthan","2020-04-07 16:53:47.458+00","2020-04-07 16:53:47.458+00",NULL,NULL
3965,"Lavera Baori","India","Rajasthan","2020-04-07 16:53:47.604+00","2020-04-07 16:53:47.604+00",NULL,NULL
3966,"Pipalhunt","India","Rajasthan","2020-04-07 16:53:47.972+00","2020-04-07 16:53:47.972+00",NULL,NULL
3967,"East District","India","Sikkim","2020-04-07 16:55:20.051+00","2020-04-07 16:55:20.051+00",NULL,NULL
3968,"Gangtok","India","Sikkim","2020-04-07 16:55:20.088+00","2020-04-07 16:55:20.088+00",NULL,NULL
3969,"Pakyong","India","Sikkim","2020-04-07 16:55:20.137+00","2020-04-07 16:55:20.137+00",NULL,NULL
3970,"Mangan","India","Sikkim","2020-04-07 16:55:20.144+00","2020-04-07 16:55:20.144+00",NULL,NULL
3971,"Singtam","India","Sikkim","2020-04-07 16:55:20.191+00","2020-04-07 16:55:20.191+00",NULL,NULL
3972,"Chungthang","India","Sikkim","2020-04-07 16:55:20.234+00","2020-04-07 16:55:20.234+00",NULL,NULL
3973,"Dikchu","India","Sikkim","2020-04-07 16:55:20.282+00","2020-04-07 16:55:20.282+00",NULL,NULL
3974,"Gayzing","India","Sikkim","2020-04-07 16:55:20.29+00","2020-04-07 16:55:20.29+00",NULL,NULL
3975,"Rangpo","India","Sikkim","2020-04-07 16:55:20.331+00","2020-04-07 16:55:20.331+00",NULL,NULL
3976,"Melli","India","Sikkim","2020-04-07 16:55:20.346+00","2020-04-07 16:55:20.346+00",NULL,NULL
3977,"Namchi","India","Sikkim","2020-04-07 16:55:20.38+00","2020-04-07 16:55:20.38+00",NULL,NULL
3978,"Pelling","India","Sikkim","2020-04-07 16:55:20.509+00","2020-04-07 16:55:20.509+00",NULL,NULL
3979,"Jorethang","India","Sikkim","2020-04-07 16:55:20.43+00","2020-04-07 16:55:20.43+00",NULL,NULL
3980,"Rangli","India","Sikkim","2020-04-07 16:55:20.561+00","2020-04-07 16:55:20.561+00",NULL,NULL
3981,"Rhenock","India","Sikkim","2020-04-07 16:55:20.653+00","2020-04-07 16:55:20.653+00",NULL,NULL
3982,"Ravangla","India","Sikkim","2020-04-07 16:55:20.619+00","2020-04-07 16:55:20.619+00",NULL,NULL
3983,"Dindigul","India","Tamil Nadu","2020-04-07 16:55:24.378+00","2020-04-07 16:55:24.378+00",NULL,NULL
3984,"Oddanchatram","India","Tamil Nadu","2020-04-07 16:55:24.647+00","2020-04-07 16:55:24.647+00",NULL,NULL
3985,"Vedasandur","India","Tamil Nadu","2020-04-07 16:55:24.835+00","2020-04-07 16:55:24.835+00",NULL,NULL
3986,"Nilakkottai","India","Tamil Nadu","2020-04-07 16:55:25.667+00","2020-04-07 16:55:25.667+00",NULL,NULL
3987,"Nilakottai","India","Tamil Nadu","2020-04-07 16:55:27.631+00","2020-04-07 16:55:27.631+00",NULL,NULL
3988,"Erode","India","Tamil Nadu","2020-04-07 16:55:29.39+00","2020-04-07 16:55:29.39+00",NULL,NULL
3989,"Kodaikanal","India","Tamil Nadu","2020-04-07 16:55:28.633+00","2020-04-07 16:55:28.633+00",NULL,NULL
3990,"Perundurai","India","Tamil Nadu","2020-04-07 16:55:29.43+00","2020-04-07 16:55:29.43+00",NULL,NULL
3991,"Gobichettipalayam","India","Tamil Nadu","2020-04-07 16:55:30.408+00","2020-04-07 16:55:30.408+00",NULL,NULL
3992,"Namakkal","India","Tamil Nadu","2020-04-07 16:55:30.278+00","2020-04-07 16:55:30.278+00",NULL,NULL
3993,"Bhavani","India","Tamil Nadu","2020-04-07 16:55:30.233+00","2020-04-07 16:55:30.233+00",NULL,NULL
3994,"Sankarankovil","India","Tamil Nadu","2020-04-07 16:55:32.628+00","2020-04-07 16:55:32.628+00",NULL,NULL
3995,"Kovilpatti","India","Tamil Nadu","2020-04-07 16:55:32.632+00","2020-04-07 16:55:32.632+00",NULL,NULL
3996,"Vilathikulam (kol)","India","Tamil Nadu","2020-04-07 16:55:32.655+00","2020-04-07 16:55:32.655+00",NULL,NULL
3997,"Alangulam","India","Tamil Nadu","2020-04-07 16:55:32.693+00","2020-04-07 16:55:32.693+00",NULL,NULL
3998,"Sivagiri","India","Tamil Nadu","2020-04-07 16:55:32.777+00","2020-04-07 16:55:32.777+00",NULL,NULL
3999,"Virakeralampudur","India","Tamil Nadu","2020-04-07 16:55:32.719+00","2020-04-07 16:55:32.719+00",NULL,NULL
4000,"Tuticorin","India","Tamil Nadu","2020-04-07 16:55:32.828+00","2020-04-07 16:55:32.828+00",NULL,NULL
4001,"Tenkasi","India","Tamil Nadu","2020-04-07 16:55:33.298+00","2020-04-07 16:55:33.298+00",NULL,NULL
4002,"Sivigiri","India","Tamil Nadu","2020-04-07 16:55:33.67+00","2020-04-07 16:55:33.67+00",NULL,NULL
4003,"Sengottai","India","Tamil Nadu","2020-04-07 16:55:35.111+00","2020-04-07 16:55:35.111+00",NULL,NULL
4004,"Ettayapuram","India","Tamil Nadu","2020-04-07 16:55:34.779+00","2020-04-07 16:55:34.779+00",NULL,NULL
4005,"Vilathikulam","India","Tamil Nadu","2020-04-07 16:55:34.244+00","2020-04-07 16:55:34.244+00",NULL,NULL
4006,"Otapidaram","India","Tamil Nadu","2020-04-07 16:55:34.305+00","2020-04-07 16:55:34.305+00",NULL,NULL
4007,"Shenkottai","India","Tamil Nadu","2020-04-07 16:55:35.495+00","2020-04-07 16:55:35.495+00",NULL,NULL
4008,"Tiruvadanai","India","Tamil Nadu","2020-04-07 16:55:37.331+00","2020-04-07 16:55:37.331+00",NULL,NULL
4009,"Ettaiyapuram","India","Tamil Nadu","2020-04-07 16:55:37.31+00","2020-04-07 16:55:37.31+00",NULL,NULL
4010,"Ramanathapuram","India","Tamil Nadu","2020-04-07 16:55:37.362+00","2020-04-07 16:55:37.362+00",NULL,NULL
4011,"Kamudhi","India","Tamil Nadu","2020-04-07 16:55:37.599+00","2020-04-07 16:55:37.599+00",NULL,NULL
4012,"Kamuthi","India","Tamil Nadu","2020-04-07 16:55:37.632+00","2020-04-07 16:55:37.632+00",NULL,NULL
4013,"Rameswaram","India","Tamil Nadu","2020-04-07 16:55:38.079+00","2020-04-07 16:55:38.079+00",NULL,NULL
4014,"Kadaladi","India","Tamil Nadu","2020-04-07 16:55:38.242+00","2020-04-07 16:55:38.242+00",NULL,NULL
4015,"Mudukulathur","India","Tamil Nadu","2020-04-07 16:55:38.28+00","2020-04-07 16:55:38.28+00",NULL,NULL
4016,"Paramakudi","India","Tamil Nadu","2020-04-07 16:55:38.316+00","2020-04-07 16:55:38.316+00",NULL,NULL
4017,"Ottapidaram","India","Tamil Nadu","2020-04-07 16:55:41.267+00","2020-04-07 16:55:41.267+00",NULL,NULL
4018,"Tiruchendur","India","Tamil Nadu","2020-04-07 16:55:41.297+00","2020-04-07 16:55:41.297+00",NULL,NULL
4019,"Devakottai","India","Tamil Nadu","2020-04-07 16:55:40.343+00","2020-04-07 16:55:40.343+00",NULL,NULL
4020,"Satankulam","India","Tamil Nadu","2020-04-07 16:55:41.328+00","2020-04-07 16:55:41.328+00",NULL,NULL
4021,"Srivaikuntam","India","Tamil Nadu","2020-04-07 16:55:42.03+00","2020-04-07 16:55:42.03+00",NULL,NULL
4022,"Thoothukkudi","India","Tamil Nadu","2020-04-07 16:55:42.335+00","2020-04-07 16:55:42.335+00",NULL,NULL
4023,"Sathankulam","India","Tamil Nadu","2020-04-07 16:55:42.452+00","2020-04-07 16:55:42.452+00",NULL,NULL
4024,"Arcot","India","Tamil Nadu","2020-04-07 16:55:43.441+00","2020-04-07 16:55:43.441+00",NULL,NULL
4025,"Walajapet","India","Tamil Nadu","2020-04-07 16:55:43.404+00","2020-04-07 16:55:43.404+00",NULL,NULL
4026,"Wallajah","India","Tamil Nadu","2020-04-07 16:55:43.498+00","2020-04-07 16:55:43.498+00",NULL,NULL
4027,"Katpadi","India","Tamil Nadu","2020-04-07 16:55:44.222+00","2020-04-07 16:55:44.222+00",NULL,NULL
4028,"Arakkonam","India","Tamil Nadu","2020-04-07 16:55:43.761+00","2020-04-07 16:55:43.761+00",NULL,NULL
4029,"Arakonam","India","Tamil Nadu","2020-04-07 16:55:43.803+00","2020-04-07 16:55:43.803+00",NULL,NULL
4030,"Madurantakam","India","Tamil Nadu","2020-04-07 16:55:44.317+00","2020-04-07 16:55:44.317+00",NULL,NULL
4031,"Cheyyur","India","Tamil Nadu","2020-04-07 16:55:44.34+00","2020-04-07 16:55:44.34+00",NULL,NULL
4032,"Tirukalikundram","India","Tamil Nadu","2020-04-07 16:55:44.374+00","2020-04-07 16:55:44.374+00",NULL,NULL
4033,"Maduranthakam","India","Tamil Nadu","2020-04-07 16:55:44.687+00","2020-04-07 16:55:44.687+00",NULL,NULL
4034,"Chengalpattu","India","Tamil Nadu","2020-04-07 16:55:44.611+00","2020-04-07 16:55:44.611+00",NULL,NULL
4035,"Kanchipuram","India","Tamil Nadu","2020-04-07 16:55:44.719+00","2020-04-07 16:55:44.719+00",NULL,NULL
4036,"Cheyur","India","Tamil Nadu","2020-04-07 16:55:45.207+00","2020-04-07 16:55:45.207+00",NULL,NULL
4037,"Utiramerur","India","Tamil Nadu","2020-04-07 16:55:45.377+00","2020-04-07 16:55:45.377+00",NULL,NULL
4038,"Coimbatore North","India","Tamil Nadu","2020-04-07 16:55:45.932+00","2020-04-07 16:55:45.932+00",NULL,NULL
4039,"Uttiramerur","India","Tamil Nadu","2020-04-07 16:55:45.911+00","2020-04-07 16:55:45.911+00",NULL,NULL
4040,"Coimbatore South","India","Tamil Nadu","2020-04-07 16:55:45.963+00","2020-04-07 16:55:45.963+00",NULL,NULL
4041,"Virudhachalam","India","Tamil Nadu","2020-04-07 16:55:46.51+00","2020-04-07 16:55:46.51+00",NULL,NULL
4042,"Chidambaram","India","Tamil Nadu","2020-04-07 16:55:46.547+00","2020-04-07 16:55:46.547+00",NULL,NULL
4043,"Panruti","India","Tamil Nadu","2020-04-07 16:55:46.835+00","2020-04-07 16:55:46.835+00",NULL,NULL
4044,"Cuddalore","India","Tamil Nadu","2020-04-07 16:55:46.588+00","2020-04-07 16:55:46.588+00",NULL,NULL
4045,"Kattumannarkoil","India","Tamil Nadu","2020-04-07 16:55:46.96+00","2020-04-07 16:55:46.96+00",NULL,NULL
4046,"Panruti","India","Tamil Nadu","2020-04-07 16:55:46.997+00","2020-04-07 16:55:46.997+00",NULL,NULL
4047,"Krishnagiri","India","Tamil Nadu","2020-04-07 16:55:47.259+00","2020-04-07 16:55:47.259+00",NULL,NULL
4048,"Denkanikotta","India","Tamil Nadu","2020-04-07 16:55:47.503+00","2020-04-07 16:55:47.503+00",NULL,NULL
4049,"Hosur","India","Tamil Nadu","2020-04-07 16:55:47.537+00","2020-04-07 16:55:47.537+00",NULL,NULL
4050,"Harur","India","Tamil Nadu","2020-04-07 16:55:47.657+00","2020-04-07 16:55:47.657+00",NULL,NULL
4051,"Barugur","India","Tamil Nadu","2020-04-07 16:55:47.567+00","2020-04-07 16:55:47.567+00",NULL,NULL
4052,"Palacode","India","Tamil Nadu","2020-04-07 16:55:47.688+00","2020-04-07 16:55:47.688+00",NULL,NULL
4053,"Kaveripattinam","India","Tamil Nadu","2020-04-07 16:55:47.723+00","2020-04-07 16:55:47.723+00",NULL,NULL
4054,"Denkanikottai","India","Tamil Nadu","2020-04-07 16:55:47.755+00","2020-04-07 16:55:47.755+00",NULL,NULL
4055,"Vilavancode","India","Tamil Nadu","2020-04-07 16:55:48.37+00","2020-04-07 16:55:48.37+00",NULL,NULL
4056,"Mathur","India","Tamil Nadu","2020-04-07 16:55:48.271+00","2020-04-07 16:55:48.271+00",NULL,NULL
4057,"Uttangarai","India","Tamil Nadu","2020-04-07 16:55:48.349+00","2020-04-07 16:55:48.349+00",NULL,NULL
4058,"Kalkulam","India","Tamil Nadu","2020-04-07 16:55:48.406+00","2020-04-07 16:55:48.406+00",NULL,NULL
4059,"Agastheeswaram","India","Tamil Nadu","2020-04-07 16:55:48.443+00","2020-04-07 16:55:48.443+00",NULL,NULL
4060,"Thovalai","India","Tamil Nadu","2020-04-07 16:55:48.795+00","2020-04-07 16:55:48.795+00",NULL,NULL
4061,"Thovala","India","Tamil Nadu","2020-04-07 16:55:48.836+00","2020-04-07 16:55:48.836+00",NULL,NULL
4062,"Aravakurichi","India","Tamil Nadu","2020-04-07 16:55:49.091+00","2020-04-07 16:55:49.091+00",NULL,NULL
4063,"Agasteeswaram","India","Tamil Nadu","2020-04-07 16:55:48.872+00","2020-04-07 16:55:48.872+00",NULL,NULL
4064,"Karur","India","Tamil Nadu","2020-04-07 16:55:49.145+00","2020-04-07 16:55:49.145+00",NULL,NULL
4065,"Kulithalai","India","Tamil Nadu","2020-04-07 16:55:49.369+00","2020-04-07 16:55:49.369+00",NULL,NULL
4066,"Manapparai","India","Tamil Nadu","2020-04-07 16:55:49.374+00","2020-04-07 16:55:49.374+00",NULL,NULL
4067,"Manaparai","India","Tamil Nadu","2020-04-07 16:55:49.392+00","2020-04-07 16:55:49.392+00",NULL,NULL
4068,"Krishnarayapuram","India","Tamil Nadu","2020-04-07 16:55:49.408+00","2020-04-07 16:55:49.408+00",NULL,NULL
4069,"Kulittalai","India","Tamil Nadu","2020-04-07 16:55:49.424+00","2020-04-07 16:55:49.424+00",NULL,NULL
4070,"Tharangambadi","India","Tamil Nadu","2020-04-07 16:55:49.499+00","2020-04-07 16:55:49.499+00",NULL,NULL
4071,"Kirishnarayapuram","India","Tamil Nadu","2020-04-07 16:55:49.459+00","2020-04-07 16:55:49.459+00",NULL,NULL
4072,"Mayiladuthurai","India","Tamil Nadu","2020-04-07 16:55:49.528+00","2020-04-07 16:55:49.528+00",NULL,NULL
4073,"Nannilam","India","Tamil Nadu","2020-04-07 16:55:49.54+00","2020-04-07 16:55:49.54+00",NULL,NULL
4074,"Mayiaduthurai","India","Tamil Nadu","2020-04-07 16:55:49.567+00","2020-04-07 16:55:49.567+00",NULL,NULL
4075,"Sirkali","India","Tamil Nadu","2020-04-07 16:55:49.667+00","2020-04-07 16:55:49.667+00",NULL,NULL
4076,"Kotagiri","India","Tamil Nadu","2020-04-07 16:55:49.744+00","2020-04-07 16:55:49.744+00",NULL,NULL
4077,"Coonoor","India","Tamil Nadu","2020-04-07 16:55:49.771+00","2020-04-07 16:55:49.771+00",NULL,NULL
4078,"Gudalur","India","Tamil Nadu","2020-04-07 16:55:49.933+00","2020-04-07 16:55:49.933+00",NULL,NULL
4079,"Kundah","India","Tamil Nadu","2020-04-07 16:55:49.964+00","2020-04-07 16:55:49.964+00",NULL,NULL
4080,"Udhagamandalam","India","Tamil Nadu","2020-04-07 16:55:49.906+00","2020-04-07 16:55:49.906+00",NULL,NULL
4081,"Pandalur","India","Tamil Nadu","2020-04-07 16:55:50.035+00","2020-04-07 16:55:50.035+00",NULL,NULL
4082,"Panthalur","India","Tamil Nadu","2020-04-07 16:55:50.061+00","2020-04-07 16:55:50.061+00",NULL,NULL
4083,"Udagamandalam","India","Tamil Nadu","2020-04-07 16:55:50.08+00","2020-04-07 16:55:50.08+00",NULL,NULL
4084,"Peravurni","India","Tamil Nadu","2020-04-07 16:55:50.351+00","2020-04-07 16:55:50.351+00",NULL,NULL
4085,"Orathanadu","India","Tamil Nadu","2020-04-07 16:55:50.381+00","2020-04-07 16:55:50.381+00",NULL,NULL
4086,"Peravurani","India","Tamil Nadu","2020-04-07 16:55:50.407+00","2020-04-07 16:55:50.407+00",NULL,NULL
4087,"Pattukottai","India","Tamil Nadu","2020-04-07 16:55:50.473+00","2020-04-07 16:55:50.473+00",NULL,NULL
4088,"Pattukkottai","India","Tamil Nadu","2020-04-07 16:55:50.441+00","2020-04-07 16:55:50.441+00",NULL,NULL
4089,"Orattanad","India","Tamil Nadu","2020-04-07 16:55:50.528+00","2020-04-07 16:55:50.528+00",NULL,NULL
4090,"Vedaraniam","India","Tamil Nadu","2020-04-07 16:55:50.579+00","2020-04-07 16:55:50.579+00",NULL,NULL
4091,"Tiruturaipundi","India","Tamil Nadu","2020-04-07 16:55:50.62+00","2020-04-07 16:55:50.62+00",NULL,NULL
4092,"Vedaranyam","India","Tamil Nadu","2020-04-07 16:55:50.661+00","2020-04-07 16:55:50.661+00",NULL,NULL
4093,"Thiruthuraipoondi","India","Tamil Nadu","2020-04-07 16:55:50.768+00","2020-04-07 16:55:50.768+00",NULL,NULL
4094,"Pollachi","India","Tamil Nadu","2020-04-07 16:55:50.864+00","2020-04-07 16:55:50.864+00",NULL,NULL
4095,"Udamalpet","India","Tamil Nadu","2020-04-07 16:55:50.921+00","2020-04-07 16:55:50.921+00",NULL,NULL
4096,"Valparai","India","Tamil Nadu","2020-04-07 16:55:50.894+00","2020-04-07 16:55:50.894+00",NULL,NULL
4097,"Udumalaipettai","India","Tamil Nadu","2020-04-07 16:55:50.953+00","2020-04-07 16:55:50.953+00",NULL,NULL
4098,"Thiruvarur","India","Tamil Nadu","2020-04-07 16:55:51.062+00","2020-04-07 16:55:51.062+00",NULL,NULL
4099,"Tiruvarur","India","Tamil Nadu","2020-04-07 16:55:51.103+00","2020-04-07 16:55:51.103+00",NULL,NULL
4100,"Nagapattinam","India","Tamil Nadu","2020-04-07 16:55:51.135+00","2020-04-07 16:55:51.135+00",NULL,NULL
4101,"Palani","India","Tamil Nadu","2020-04-07 16:55:52.251+00","2020-04-07 16:55:52.251+00",NULL,NULL
4102,"Tirunelveli","India","Tamil Nadu","2020-04-07 16:55:52.975+00","2020-04-07 16:55:52.975+00",NULL,NULL
4103,"Kilvelur","India","Tamil Nadu","2020-04-07 16:55:54.244+00","2020-04-07 16:55:54.244+00",NULL,NULL
4104,"Arani","India","Tamil Nadu","2020-04-07 16:55:53.897+00","2020-04-07 16:55:53.897+00",NULL,NULL
4105,"Polur","India","Tamil Nadu","2020-04-07 16:55:54.189+00","2020-04-07 16:55:54.189+00",NULL,NULL
4106,"Tiruvannamalai","India","Tamil Nadu","2020-04-07 16:55:53.933+00","2020-04-07 16:55:53.933+00",NULL,NULL
4107,"Tirukuvalai","India","Tamil Nadu","2020-04-07 16:55:54.323+00","2020-04-07 16:55:54.323+00",NULL,NULL
4108,"Tirupattur","India","Tamil Nadu","2020-04-07 16:55:54.648+00","2020-04-07 16:55:54.648+00",NULL,NULL
4109,"Tindivanam","India","Tamil Nadu","2020-04-07 16:55:54.689+00","2020-04-07 16:55:54.689+00",NULL,NULL
4110,"Musiri","India","Tamil Nadu","2020-04-07 16:55:54.72+00","2020-04-07 16:55:54.72+00",NULL,NULL
4111,"Thottiyam","India","Tamil Nadu","2020-04-07 16:55:54.751+00","2020-04-07 16:55:54.751+00",NULL,NULL
4112,"Trichy","India","Tamil Nadu","2020-04-07 16:55:56.447+00","2020-04-07 16:55:56.447+00",NULL,NULL
4113,"Perambalur","India","Tamil Nadu","2020-04-07 16:55:56.461+00","2020-04-07 16:55:56.461+00",NULL,NULL
4114,"Lalgudi","India","Tamil Nadu","2020-04-07 16:55:56.516+00","2020-04-07 16:55:56.516+00",NULL,NULL
4115,"Kunnam","India","Tamil Nadu","2020-04-07 16:55:56.552+00","2020-04-07 16:55:56.552+00",NULL,NULL
4116,"Chennai","India","Tamil Nadu","2020-04-07 16:55:56.563+00","2020-04-07 16:55:56.563+00",NULL,NULL
4117,"Tiruchirappalli","India","Tamil Nadu","2020-04-07 16:55:56.628+00","2020-04-07 16:55:56.628+00",NULL,NULL
4118,"Tiruvallur","India","Tamil Nadu","2020-04-07 16:55:56.579+00","2020-04-07 16:55:56.579+00",NULL,NULL
4119,"Ambattur","India","Tamil Nadu","2020-04-07 16:55:56.663+00","2020-04-07 16:55:56.663+00",NULL,NULL
4120,"Coimbatore","India","Tamil Nadu","2020-04-07 16:55:56.907+00","2020-04-07 16:55:56.907+00",NULL,NULL
4121,"Ambasamudram","India","Tamil Nadu","2020-04-07 16:55:57.057+00","2020-04-07 16:55:57.057+00",NULL,NULL
4122,"Radhapuram","India","Tamil Nadu","2020-04-07 16:55:57.094+00","2020-04-07 16:55:57.094+00",NULL,NULL
4123,"Kodavasal","India","Tamil Nadu","2020-04-07 16:55:57.189+00","2020-04-07 16:55:57.189+00",NULL,NULL
4124,"Kumbakonam","India","Tamil Nadu","2020-04-07 16:55:57.265+00","2020-04-07 16:55:57.265+00",NULL,NULL
4125,"Needamangalam","India","Tamil Nadu","2020-04-07 16:55:57.328+00","2020-04-07 16:55:57.328+00",NULL,NULL
4126,"Tiruvidamarudur","India","Tamil Nadu","2020-04-07 16:55:57.721+00","2020-04-07 16:55:57.721+00",NULL,NULL
4127,"Kuttalam","India","Tamil Nadu","2020-04-07 16:55:57.759+00","2020-04-07 16:55:57.759+00",NULL,NULL
4128,"Thiruvidaimarudur","India","Tamil Nadu","2020-04-07 16:55:58.215+00","2020-04-07 16:55:58.215+00",NULL,NULL
4129,"Tiruvidaimarudur","India","Tamil Nadu","2020-04-07 16:55:58.339+00","2020-04-07 16:55:58.339+00",NULL,NULL
4130,"Vaniyambadi","India","Tamil Nadu","2020-04-07 16:55:58.621+00","2020-04-07 16:55:58.621+00",NULL,NULL
4131,"Tirupathur","India","Tamil Nadu","2020-04-07 16:55:58.911+00","2020-04-07 16:55:58.911+00",NULL,NULL
4132,"Gudiyattam","India","Tamil Nadu","2020-04-07 16:55:58.658+00","2020-04-07 16:55:58.658+00",NULL,NULL
4133,"Gudiyatham","India","Tamil Nadu","2020-04-07 16:55:58.948+00","2020-04-07 16:55:58.948+00",NULL,NULL
4134,"Thanjavur","India","Tamil Nadu","2020-04-07 16:55:59.197+00","2020-04-07 16:55:59.197+00",NULL,NULL
4135,"Thandrampattu","India","Tamil Nadu","2020-04-07 16:55:59.245+00","2020-04-07 16:55:59.245+00",NULL,NULL
4136,"Chennai City Corporation","India","Tamil Nadu","2020-04-07 16:55:59.29+00","2020-04-07 16:55:59.29+00",NULL,NULL
4137,"Tambaram","India","Tamil Nadu","2020-04-07 16:55:59.337+00","2020-04-07 16:55:59.337+00",NULL,NULL
4138,"Thirumayam","India","Tamil Nadu","2020-04-07 16:55:59.626+00","2020-04-07 16:55:59.626+00",NULL,NULL
4139,"Devakottai","India","Tamil Nadu","2020-04-07 16:55:59.674+00","2020-04-07 16:55:59.674+00",NULL,NULL
4140,"Tiruporur","India","Tamil Nadu","2020-04-07 16:55:59.951+00","2020-04-07 16:55:59.951+00",NULL,NULL
4141,"Aruppukottai","India","Tamil Nadu","2020-04-07 16:55:59.974+00","2020-04-07 16:55:59.974+00",NULL,NULL
4142,"Vriudhunagar","India","Tamil Nadu","2020-04-07 16:56:00.056+00","2020-04-07 16:56:00.056+00",NULL,NULL
4143,"Sholinganallur","India","Tamil Nadu","2020-04-07 16:56:00.01+00","2020-04-07 16:56:00.01+00",NULL,NULL
4144,"Poonamallee","India","Tamil Nadu","2020-04-07 16:56:00.09+00","2020-04-07 16:56:00.09+00",NULL,NULL
4145,"Sriperumbudur","India","Tamil Nadu","2020-04-07 16:56:00.122+00","2020-04-07 16:56:00.122+00",NULL,NULL
4146,"Mylapore - Triplicane","India","Tamil Nadu","2020-04-07 16:56:00.162+00","2020-04-07 16:56:00.162+00",NULL,NULL
4147,"Palayankottai","India","Tamil Nadu","2020-04-07 16:56:00.2+00","2020-04-07 16:56:00.2+00",NULL,NULL
4148,"Chennai Corporation","India","Tamil Nadu","2020-04-07 16:56:00.571+00","2020-04-07 16:56:00.571+00",NULL,NULL
4149,"Salem","India","Tamil Nadu","2020-04-07 16:56:00.509+00","2020-04-07 16:56:00.509+00",NULL,NULL
4150,"Vellore","India","Tamil Nadu","2020-04-07 16:56:00.613+00","2020-04-07 16:56:00.613+00",NULL,NULL
4151,"Mettur","India","Tamil Nadu","2020-04-07 16:56:00.647+00","2020-04-07 16:56:00.647+00",NULL,NULL
4152,"Avadi","India","Tamil Nadu","2020-04-07 16:56:01.039+00","2020-04-07 16:56:01.039+00",NULL,NULL
4153,"Salem","India","Tamil Nadu","2020-04-07 16:56:01.554+00","2020-04-07 16:56:01.554+00",NULL,NULL
4154,"Kariapatti","India","Tamil Nadu","2020-04-07 16:56:00.915+00","2020-04-07 16:56:00.915+00",NULL,NULL
4155,"Srivilliputhur","India","Tamil Nadu","2020-04-07 16:56:00.958+00","2020-04-07 16:56:00.958+00",NULL,NULL
4156,"Kallakurichi","India","Tamil Nadu","2020-04-07 16:56:01.63+00","2020-04-07 16:56:01.63+00",NULL,NULL
4157,"Ariyalur","India","Tamil Nadu","2020-04-07 16:56:01.638+00","2020-04-07 16:56:01.638+00",NULL,NULL
4158,"Tirukkoyilur","India","Tamil Nadu","2020-04-07 16:56:01.67+00","2020-04-07 16:56:01.67+00",NULL,NULL
4159,"Srirangam","India","Tamil Nadu","2020-04-07 16:56:02.095+00","2020-04-07 16:56:02.095+00",NULL,NULL
4160,"Kancheepuram","India","Tamil Nadu","2020-04-07 16:56:01.943+00","2020-04-07 16:56:01.943+00",NULL,NULL
4161,"Villupuram","India","Tamil Nadu","2020-04-07 16:56:02.138+00","2020-04-07 16:56:02.138+00",NULL,NULL
4162,"Mambalam","India","Tamil Nadu","2020-04-07 16:56:02.178+00","2020-04-07 16:56:02.178+00",NULL,NULL
4163,"Udayarpalayam","India","Tamil Nadu","2020-04-07 16:56:02.212+00","2020-04-07 16:56:02.212+00",NULL,NULL
4164,"Thiruporur","India","Tamil Nadu","2020-04-07 16:56:02.511+00","2020-04-07 16:56:02.511+00",NULL,NULL
4165,"St.Thomas Mount","India","Tamil Nadu","2020-04-07 16:56:02.562+00","2020-04-07 16:56:02.562+00",NULL,NULL
4166,"Veppur","India","Tamil Nadu","2020-04-07 16:56:02.25+00","2020-04-07 16:56:02.25+00",NULL,NULL
4167,"Chinnasalem Taluk","India","Tamil Nadu","2020-04-07 16:56:02.611+00","2020-04-07 16:56:02.611+00",NULL,NULL
4168,"Tiruppuvanam","India","Tamil Nadu","2020-04-07 16:56:02.642+00","2020-04-07 16:56:02.642+00",NULL,NULL
4169,"tirupur","India","Tamil Nadu","2020-04-07 16:56:02.651+00","2020-04-07 16:56:02.651+00",NULL,NULL
4170,"Pappireddipatti","India","Tamil Nadu","2020-04-07 16:56:02.785+00","2020-04-07 16:56:02.785+00",NULL,NULL
4171,"Nallampalli","India","Tamil Nadu","2020-04-07 16:56:02.711+00","2020-04-07 16:56:02.711+00",NULL,NULL
4172,"Palacode","India","Tamil Nadu","2020-04-07 16:56:02.745+00","2020-04-07 16:56:02.745+00",NULL,NULL
4173,"Pennagaram","India","Tamil Nadu","2020-04-07 16:56:02.828+00","2020-04-07 16:56:02.828+00",NULL,NULL
4174,"Dharmapuri","India","Tamil Nadu","2020-04-07 16:56:02.865+00","2020-04-07 16:56:02.865+00",NULL,NULL
4175,"Uthiramerur","India","Tamil Nadu","2020-04-07 16:56:03.549+00","2020-04-07 16:56:03.549+00",NULL,NULL
4176,"Harur","India","Tamil Nadu","2020-04-07 16:56:03.323+00","2020-04-07 16:56:03.323+00",NULL,NULL
4177,"Tirutani","India","Tamil Nadu","2020-04-07 16:56:03.59+00","2020-04-07 16:56:03.59+00",NULL,NULL
4178,"Pallipattu","India","Tamil Nadu","2020-04-07 16:56:03.641+00","2020-04-07 16:56:03.641+00",NULL,NULL
4179,"Thiruvallur","India","Tamil Nadu","2020-04-07 16:56:03.891+00","2020-04-07 16:56:03.891+00",NULL,NULL
4180,"Sriperumbudur","India","Tamil Nadu","2020-04-07 16:56:03.953+00","2020-04-07 16:56:03.953+00",NULL,NULL
4181,"Tiurvallur","India","Tamil Nadu","2020-04-07 16:56:03.997+00","2020-04-07 16:56:03.997+00",NULL,NULL
4182,"Tiruttani","India","Tamil Nadu","2020-04-07 16:56:04.042+00","2020-04-07 16:56:04.042+00",NULL,NULL
4183,"Uttukottai","India","Tamil Nadu","2020-04-07 16:56:04.382+00","2020-04-07 16:56:04.382+00",NULL,NULL
4184,"Karaikudi","India","Tamil Nadu","2020-04-07 16:56:04.647+00","2020-04-07 16:56:04.647+00",NULL,NULL
4185,"Tiruppathur","India","Tamil Nadu","2020-04-07 16:56:04.688+00","2020-04-07 16:56:04.688+00",NULL,NULL
4186,"Singampunari Block","India","Tamil Nadu","2020-04-07 16:56:04.72+00","2020-04-07 16:56:04.72+00",NULL,NULL
4187,"Karaikudi-kallal Block","India","Tamil Nadu","2020-04-07 16:56:04.77+00","2020-04-07 16:56:04.77+00",NULL,NULL
4188,"Tiruppattur","India","Tamil Nadu","2020-04-07 16:56:04.746+00","2020-04-07 16:56:04.746+00",NULL,NULL
4189,"Tiruppattur-singampunari Block","India","Tamil Nadu","2020-04-07 16:56:05.055+00","2020-04-07 16:56:05.055+00",NULL,NULL
4190,"Madurai","India","Tamil Nadu","2020-04-07 16:56:05.155+00","2020-04-07 16:56:05.155+00",NULL,NULL
4191,"Madurai North","India","Tamil Nadu","2020-04-07 16:56:05.219+00","2020-04-07 16:56:05.219+00",NULL,NULL
4192,"Madurai South","India","Tamil Nadu","2020-04-07 16:56:05.244+00","2020-04-07 16:56:05.244+00",NULL,NULL
4193,"Vadipatti","India","Tamil Nadu","2020-04-07 16:56:05.278+00","2020-04-07 16:56:05.278+00",NULL,NULL
4194,"Peraiyur","India","Tamil Nadu","2020-04-07 16:56:05.408+00","2020-04-07 16:56:05.408+00",NULL,NULL
4195,"Tirumangalam Taluk","India","Tamil Nadu","2020-04-07 16:56:05.534+00","2020-04-07 16:56:05.534+00",NULL,NULL
4196,"Thirumangalam","India","Tamil Nadu","2020-04-07 16:56:05.477+00","2020-04-07 16:56:05.477+00",NULL,NULL
4197,"Melur","India","Tamil Nadu","2020-04-07 16:56:05.569+00","2020-04-07 16:56:05.569+00",NULL,NULL
4198,"Tiruchengodu","India","Tamil Nadu","2020-04-07 16:56:05.894+00","2020-04-07 16:56:05.894+00",NULL,NULL
4199,"Paramathi-Velur","India","Tamil Nadu","2020-04-07 16:56:05.934+00","2020-04-07 16:56:05.934+00",NULL,NULL
4200,"Tiruchengode","India","Tamil Nadu","2020-04-07 16:56:05.975+00","2020-04-07 16:56:05.975+00",NULL,NULL
4201,"Paramthi Velur","India","Tamil Nadu","2020-04-07 16:56:06.139+00","2020-04-07 16:56:06.139+00",NULL,NULL
4202,"Idappadi","India","Tamil Nadu","2020-04-07 16:56:06.201+00","2020-04-07 16:56:06.201+00",NULL,NULL
4203,"Pudukkottai","India","Tamil Nadu","2020-04-07 16:56:07.414+00","2020-04-07 16:56:07.414+00",NULL,NULL
4204,"Atur","India","Tamil Nadu","2020-04-07 16:56:07.463+00","2020-04-07 16:56:07.463+00",NULL,NULL
4205,"Sankari","India","Tamil Nadu","2020-04-07 16:56:06.521+00","2020-04-07 16:56:06.521+00",NULL,NULL
4206,"Sirkali Tk","India","Tamil Nadu","2020-04-07 16:56:07.113+00","2020-04-07 16:56:07.113+00",NULL,NULL
4207,"Sankari","India","Tamil Nadu","2020-04-07 16:56:06.575+00","2020-04-07 16:56:06.575+00",NULL,NULL
4208,"Manamadurai","India","Tamil Nadu","2020-04-07 16:56:07.503+00","2020-04-07 16:56:07.503+00",NULL,NULL
4209,"Turaiyur","India","Tamil Nadu","2020-04-07 16:56:07.539+00","2020-04-07 16:56:07.539+00",NULL,NULL
4210,"Mannargudi","India","Tamil Nadu","2020-04-07 16:56:07.59+00","2020-04-07 16:56:07.59+00",NULL,NULL
4211,"Bodinayakanur","India","Tamil Nadu","2020-04-07 16:56:07.641+00","2020-04-07 16:56:07.641+00",NULL,NULL
4212,"Papanasam","India","Tamil Nadu","2020-04-07 16:56:07.633+00","2020-04-07 16:56:07.633+00",NULL,NULL
4213,"Periyakulam","India","Tamil Nadu","2020-04-07 16:56:07.677+00","2020-04-07 16:56:07.677+00",NULL,NULL
4214,"Dharapuram","India","Tamil Nadu","2020-04-07 16:56:07.772+00","2020-04-07 16:56:07.772+00",NULL,NULL
4215,"Tirupur","India","Tamil Nadu","2020-04-07 16:56:07.739+00","2020-04-07 16:56:07.739+00",NULL,NULL
4216,"Mettupalayam","India","Tamil Nadu","2020-04-07 16:56:07.804+00","2020-04-07 16:56:07.804+00",NULL,NULL
4217,"Vellore Taluk","India","Tamil Nadu","2020-04-07 16:56:07.876+00","2020-04-07 16:56:07.876+00",NULL,NULL
4218,"Vriddhachalam","India","Tamil Nadu","2020-04-07 16:56:07.909+00","2020-04-07 16:56:07.909+00",NULL,NULL
4219,"Rajapalayam","India","Tamil Nadu","2020-04-07 16:56:08.699+00","2020-04-07 16:56:08.699+00",NULL,NULL
4220,"Tondiarpet Fort St George","India","Tamil Nadu","2020-04-07 16:56:09.024+00","2020-04-07 16:56:09.024+00",NULL,NULL
4221,"Sivakasi","India","Tamil Nadu","2020-04-07 16:56:08.735+00","2020-04-07 16:56:08.735+00",NULL,NULL
4222,"Sivaganga","India","Tamil Nadu","2020-04-07 16:56:09.315+00","2020-04-07 16:56:09.315+00",NULL,NULL
4223,"Arantangi","India","Tamil Nadu","2020-04-07 16:56:09.353+00","2020-04-07 16:56:09.353+00",NULL,NULL
4224,"Avudayarkoil","India","Tamil Nadu","2020-04-07 16:56:09.928+00","2020-04-07 16:56:09.928+00",NULL,NULL
4225,"Alangudi","India","Tamil Nadu","2020-04-07 16:56:10.138+00","2020-04-07 16:56:10.138+00",NULL,NULL
4226,"Manamelkudi","India","Tamil Nadu","2020-04-07 16:56:10.49+00","2020-04-07 16:56:10.49+00",NULL,NULL
4227,"Gandarvakottai","India","Tamil Nadu","2020-04-07 16:56:11.377+00","2020-04-07 16:56:11.377+00",NULL,NULL
4228,"Tirumayaam","India","Tamil Nadu","2020-04-07 16:56:14.27+00","2020-04-07 16:56:14.27+00",NULL,NULL
4229,"Tirumayam","India","Tamil Nadu","2020-04-07 16:56:12.396+00","2020-04-07 16:56:12.396+00",NULL,NULL
4230,"Illuppur","India","Tamil Nadu","2020-04-07 16:56:10.533+00","2020-04-07 16:56:10.533+00",NULL,NULL
4231,"Kulathur","India","Tamil Nadu","2020-04-07 16:56:10.79+00","2020-04-07 16:56:10.79+00",NULL,NULL
4232,"Yercaud","India","Tamil Nadu","2020-04-07 16:56:14.382+00","2020-04-07 16:56:14.382+00",NULL,NULL
4233,"Valapady","India","Tamil Nadu","2020-04-07 16:56:14.425+00","2020-04-07 16:56:14.425+00",NULL,NULL
4234,"Attur","India","Tamil Nadu","2020-04-07 16:56:14.86+00","2020-04-07 16:56:14.86+00",NULL,NULL
4235,"Rasipuram","India","Tamil Nadu","2020-04-07 16:56:14.995+00","2020-04-07 16:56:14.995+00",NULL,NULL
4236,"Gangavalli","India","Tamil Nadu","2020-04-07 16:56:14.748+00","2020-04-07 16:56:14.748+00",NULL,NULL
4237,"Edappadi","India","Tamil Nadu","2020-04-07 16:56:17.212+00","2020-04-07 16:56:17.212+00",NULL,NULL
4238,"Omalur","India","Tamil Nadu","2020-04-07 16:56:16.607+00","2020-04-07 16:56:16.607+00",NULL,NULL
4239,"Tirupattur","India","Tamil Nadu","2020-04-07 16:56:17.936+00","2020-04-07 16:56:17.936+00",NULL,NULL
4240,"Ilayangudi","India","Tamil Nadu","2020-04-07 16:56:18.028+00","2020-04-07 16:56:18.028+00",NULL,NULL
4241,"Thuraiyur","India","Tamil Nadu","2020-04-07 16:56:18.748+00","2020-04-07 16:56:18.748+00",NULL,NULL
4242,"Veppanthattai","India","Tamil Nadu","2020-04-07 16:56:19.026+00","2020-04-07 16:56:19.026+00",NULL,NULL
4243,"Manachanallur","India","Tamil Nadu","2020-04-07 16:56:19.37+00","2020-04-07 16:56:19.37+00",NULL,NULL
4244,"Thottiam","India","Tamil Nadu","2020-04-07 16:56:19.558+00","2020-04-07 16:56:19.558+00",NULL,NULL
4245,"Gummidipundi","India","Tamil Nadu","2020-04-07 16:56:20.358+00","2020-04-07 16:56:20.358+00",NULL,NULL
4246,"Ponneri","India","Tamil Nadu","2020-04-07 16:56:20.403+00","2020-04-07 16:56:20.403+00",NULL,NULL
4247,"Ambattur","India","Tamil Nadu","2020-04-07 16:56:20.763+00","2020-04-07 16:56:20.763+00",NULL,NULL
4248,"Manachanalloor","India","Tamil Nadu","2020-04-07 16:56:20.116+00","2020-04-07 16:56:20.116+00",NULL,NULL
4249,"Chinglepet","India","Tamil Nadu","2020-04-07 16:56:21.534+00","2020-04-07 16:56:21.534+00",NULL,NULL
4250,"Nidamangalam","India","Tamil Nadu","2020-04-07 16:56:21.623+00","2020-04-07 16:56:21.623+00",NULL,NULL
4251,"Valangaman","India","Tamil Nadu","2020-04-07 16:56:21.647+00","2020-04-07 16:56:21.647+00",NULL,NULL
4252,"Thiruvaiyaru","India","Tamil Nadu","2020-04-07 16:56:21.667+00","2020-04-07 16:56:21.667+00",NULL,NULL
4253,"Valangaman","India","Tamil Nadu","2020-04-07 16:56:23.162+00","2020-04-07 16:56:23.162+00",NULL,NULL
4254,"Uthamapalayam","India","Tamil Nadu","2020-04-07 16:56:23.409+00","2020-04-07 16:56:23.41+00",NULL,NULL
4255,"Andipatti","India","Tamil Nadu","2020-04-07 16:56:23.526+00","2020-04-07 16:56:23.526+00",NULL,NULL
4256,"Usilampatti","India","Tamil Nadu","2020-04-07 16:56:23.484+00","2020-04-07 16:56:23.484+00",NULL,NULL
4257,"Theni","India","Tamil Nadu","2020-04-07 16:56:23.558+00","2020-04-07 16:56:23.558+00",NULL,NULL
4258,"Ariyalur","India","Tamil Nadu","2020-04-07 16:56:25.983+00","2020-04-07 16:56:25.983+00",NULL,NULL
4259,"Sendurai","India","Tamil Nadu","2020-04-07 16:56:26.263+00","2020-04-07 16:56:26.263+00",NULL,NULL
4260,"Udayarpalayam","India","Tamil Nadu","2020-04-07 16:56:26.526+00","2020-04-07 16:56:26.526+00",NULL,NULL
4261,"Jayamkondacholapuram","India","Tamil Nadu","2020-04-07 16:56:27.127+00","2020-04-07 16:56:27.127+00",NULL,NULL
4262,"Lalgudi","India","Tamil Nadu","2020-04-07 16:56:29.879+00","2020-04-07 16:56:29.879+00",NULL,NULL
4263,"Nanguneri","India","Tamil Nadu","2020-04-07 16:56:31.01+00","2020-04-07 16:56:31.01+00",NULL,NULL
4264,"Kangayam","India","Tamil Nadu","2020-04-07 16:56:33.093+00","2020-04-07 16:56:33.093+00",NULL,NULL
4265,"Nenguneri","India","Tamil Nadu","2020-04-07 16:56:31.628+00","2020-04-07 16:56:31.628+00",NULL,NULL
4266,"Palayamkottai","India","Tamil Nadu","2020-04-07 16:56:31.367+00","2020-04-07 16:56:31.367+00",NULL,NULL
4267,"Dharapram","India","Tamil Nadu","2020-04-07 16:56:33.596+00","2020-04-07 16:56:33.596+00",NULL,NULL
4268,"Tiruppur","India","Tamil Nadu","2020-04-07 16:56:34.114+00","2020-04-07 16:56:34.114+00",NULL,NULL
4269,"Avanashi","India","Tamil Nadu","2020-04-07 16:56:34.386+00","2020-04-07 16:56:34.386+00",NULL,NULL
4270,"Palladam","India","Tamil Nadu","2020-04-07 16:56:33.631+00","2020-04-07 16:56:33.631+00",NULL,NULL
4271,"Sathyamangalam","India","Tamil Nadu","2020-04-07 16:56:34.833+00","2020-04-07 16:56:34.833+00",NULL,NULL
4272,"Sathy","India","Tamil Nadu","2020-04-07 16:56:35.032+00","2020-04-07 16:56:35.032+00",NULL,NULL
4273,"Kangeyam","India","Tamil Nadu","2020-04-07 16:56:36.018+00","2020-04-07 16:56:36.018+00",NULL,NULL
4274,"Chengam","India","Tamil Nadu","2020-04-07 16:56:36.574+00","2020-04-07 16:56:36.574+00",NULL,NULL
4275,"Arni","India","Tamil Nadu","2020-04-07 16:56:36.54+00","2020-04-07 16:56:36.54+00",NULL,NULL
4276,"Cheyyar","India","Tamil Nadu","2020-04-07 16:56:38.309+00","2020-04-07 16:56:38.309+00",NULL,NULL
4277,"Tvamalai","India","Tamil Nadu","2020-04-07 16:56:36.983+00","2020-04-07 16:56:36.983+00",NULL,NULL
4278,"Vandavasi","India","Tamil Nadu","2020-04-07 16:56:37.918+00","2020-04-07 16:56:37.918+00",NULL,NULL
4279,"Tiruvananamalai","India","Tamil Nadu","2020-04-07 16:56:39.292+00","2020-04-07 16:56:39.292+00",NULL,NULL
4280,"Vlr","India","Tamil Nadu","2020-04-07 16:56:39.567+00","2020-04-07 16:56:39.567+00",NULL,NULL
4281,"Ulundurpet","India","Tamil Nadu","2020-04-07 16:56:40.276+00","2020-04-07 16:56:40.276+00",NULL,NULL
4282,"Sankarapuram","India","Tamil Nadu","2020-04-07 16:56:40.627+00","2020-04-07 16:56:40.627+00",NULL,NULL
4283,"Tittagudi","India","Tamil Nadu","2020-04-07 16:56:42.014+00","2020-04-07 16:56:42.014+00",NULL,NULL
4284,"Tittakudi","India","Tamil Nadu","2020-04-07 16:56:42.166+00","2020-04-07 16:56:42.166+00",NULL,NULL
4285,"Aruppukkottai","India","Tamil Nadu","2020-04-07 16:56:43.101+00","2020-04-07 16:56:43.101+00",NULL,NULL
4286,"Ulundurpettai","India","Tamil Nadu","2020-04-07 16:56:42.514+00","2020-04-07 16:56:42.514+00",NULL,NULL
4287,"Tiruchuli","India","Tamil Nadu","2020-04-07 16:56:43.455+00","2020-04-07 16:56:43.455+00",NULL,NULL
4288,"Virudhunagar","India","Tamil Nadu","2020-04-07 16:56:43.532+00","2020-04-07 16:56:43.532+00",NULL,NULL
4289,"Sattur","India","Tamil Nadu","2020-04-07 16:56:43.594+00","2020-04-07 16:56:43.594+00",NULL,NULL
4290,"Srivilliputtur","India","Tamil Nadu","2020-04-07 16:56:43.67+00","2020-04-07 16:56:43.67+00",NULL,NULL
4291,"Vanur","India","Tamil Nadu","2020-04-07 16:56:46.083+00","2020-04-07 16:56:46.083+00",NULL,NULL
4292,"Gingee","India","Tamil Nadu","2020-04-07 16:56:46.145+00","2020-04-07 16:56:46.145+00",NULL,NULL
4293,"Viluppuram","India","Tamil Nadu","2020-04-07 16:56:46.753+00","2020-04-07 16:56:46.753+00",NULL,NULL
4294,"Tindivaman","India","Tamil Nadu","2020-04-07 16:56:46.238+00","2020-04-07 16:56:46.238+00",NULL,NULL
4295,"Iluppur","India","Tamil Nadu","2020-04-07 16:56:47.139+00","2020-04-07 16:56:47.139+00",NULL,NULL
4296,"Egmore Nungambakkam","India","Tamil Nadu","2020-04-07 16:56:54.333+00","2020-04-07 16:56:54.333+00",NULL,NULL
4297,"Perambur Purasawalkam","India","Tamil Nadu","2020-04-07 16:56:54.385+00","2020-04-07 16:56:54.385+00",NULL,NULL
4298,"Maduravoyal","India","Tamil Nadu","2020-04-07 16:56:54.429+00","2020-04-07 16:56:54.429+00",NULL,NULL
4299,"Egmore Nungambakka","India","Tamil Nadu","2020-04-07 16:56:54.98+00","2020-04-07 16:56:54.98+00",NULL,NULL
4300,"Saidapet","India","Tamil Nadu","2020-04-07 16:56:55.786+00","2020-04-07 16:56:55.786+00",NULL,NULL
4301,"Saroornagar","India","Telangana","2020-04-07 16:57:54.217+00","2020-04-07 16:57:54.217+00",NULL,NULL
4302,"Qutubullapur","India","Telangana","2020-04-07 16:57:54.246+00","2020-04-07 16:57:54.246+00",NULL,NULL
4303,"Tirumalagiri","India","Telangana","2020-04-07 16:57:54.223+00","2020-04-07 16:57:54.223+00",NULL,NULL
4304,"Secunderabad","India","Telangana","2020-04-07 16:57:54.501+00","2020-04-07 16:57:54.501+00",NULL,NULL
4305,"Hayathnagar","India","Telangana","2020-04-07 16:57:54.548+00","2020-04-07 16:57:54.548+00",NULL,NULL
4306,"Ghatkesar","India","Telangana","2020-04-07 16:57:54.594+00","2020-04-07 16:57:54.594+00",NULL,NULL
4307,"Rajendranagar","India","Telangana","2020-04-07 16:57:54.611+00","2020-04-07 16:57:54.611+00",NULL,NULL
4308,"Musheerabad","India","Telangana","2020-04-07 16:57:54.835+00","2020-04-07 16:57:54.835+00",NULL,NULL
4309,"Anumula","India","Telangana","2020-04-07 16:57:55.471+00","2020-04-07 16:57:55.471+00",NULL,NULL
4310,"Kamareddy","India","Telangana","2020-04-07 16:57:55.487+00","2020-04-07 16:57:55.487+00",NULL,NULL
4311,"Nizamabad","India","Telangana","2020-04-07 16:57:55.509+00","2020-04-07 16:57:55.509+00",NULL,NULL
4312,"Yellareddy","India","Telangana","2020-04-07 16:57:55.553+00","2020-04-07 16:57:55.553+00",NULL,NULL
4313,"Renjal","India","Telangana","2020-04-07 16:57:55.583+00","2020-04-07 16:57:55.583+00",NULL,NULL
4314,"Bodhan","India","Telangana","2020-04-07 16:57:55.63+00","2020-04-07 16:57:55.63+00",NULL,NULL
4315,"Yedpalle","India","Telangana","2020-04-07 16:57:55.671+00","2020-04-07 16:57:55.671+00",NULL,NULL
4316,"Armoor","India","Telangana","2020-04-07 16:57:56.059+00","2020-04-07 16:57:56.059+00",NULL,NULL
4317,"Dharpalle","India","Telangana","2020-04-07 16:57:56.146+00","2020-04-07 16:57:56.146+00",NULL,NULL
4318,"Dichpalle","India","Telangana","2020-04-07 16:57:56.179+00","2020-04-07 16:57:56.179+00",NULL,NULL
4319,"Armur","India","Telangana","2020-04-07 16:57:56.261+00","2020-04-07 16:57:56.261+00",NULL,NULL
4320,"Banswada","India","Telangana","2020-04-07 16:57:56.294+00","2020-04-07 16:57:56.294+00",NULL,NULL
4321,"Madnoor","India","Telangana","2020-04-07 16:57:56.592+00","2020-04-07 16:57:56.592+00",NULL,NULL
4322,"Jadcherla","India","Telangana","2020-04-07 16:57:56.604+00","2020-04-07 16:57:56.604+00",NULL,NULL
4323,"Rangareddy","India","Telangana","2020-04-07 16:57:56.641+00","2020-04-07 16:57:56.641+00",NULL,NULL
4324,"Rangareddy","India","Telangana","2020-04-07 16:57:56.673+00","2020-04-07 16:57:56.673+00",NULL,NULL
4325,"Karimnagar","India","Telangana","2020-04-07 16:57:56.681+00","2020-04-07 16:57:56.681+00",NULL,NULL
4326,"Jagtial","India","Telangana","2020-04-07 16:57:56.712+00","2020-04-07 16:57:56.712+00",NULL,NULL
4327,"Khammam","India","Telangana","2020-04-07 16:57:56.922+00","2020-04-07 16:57:56.922+00",NULL,NULL
4328,"Kothagudem","India","Telangana","2020-04-07 16:57:57.166+00","2020-04-07 16:57:57.166+00",NULL,NULL
4329,"Bhadrachalam","India","Telangana","2020-04-07 16:57:57.203+00","2020-04-07 16:57:57.203+00",NULL,NULL
4330,"Hanamkonda","India","Telangana","2020-04-07 16:57:57.21+00","2020-04-07 16:57:57.21+00",NULL,NULL
4331,"Jangaon","India","Telangana","2020-04-07 16:57:57.268+00","2020-04-07 16:57:57.268+00",NULL,NULL
4332,"Parkal","India","Telangana","2020-04-07 16:57:57.301+00","2020-04-07 16:57:57.301+00",NULL,NULL
4333,"Mahabubnagar H.o","India","Telangana","2020-04-07 16:57:57.592+00","2020-04-07 16:57:57.592+00",NULL,NULL
4334,"Gadwal","India","Telangana","2020-04-07 16:57:57.625+00","2020-04-07 16:57:57.625+00",NULL,NULL
4335,"Medak","India","Telangana","2020-04-07 16:57:57.633+00","2020-04-07 16:57:57.633+00",NULL,NULL
4336,"Siddipet","India","Telangana","2020-04-07 16:57:57.665+00","2020-04-07 16:57:57.665+00",NULL,NULL
4337,"Nalgonda","India","Telangana","2020-04-07 16:57:58.118+00","2020-04-07 16:57:58.118+00",NULL,NULL
4338,"Bhongiri","India","Telangana","2020-04-07 16:57:58.358+00","2020-04-07 16:57:58.358+00",NULL,NULL
4339,"Sangareddy","India","Telangana","2020-04-07 16:57:58.418+00","2020-04-07 16:57:58.418+00",NULL,NULL
4340,"Zaheerabad","India","Telangana","2020-04-07 16:57:58.469+00","2020-04-07 16:57:58.469+00",NULL,NULL
4341,"Hyderabad","India","Telangana","2020-04-07 16:57:58.509+00","2020-04-07 16:57:58.509+00",NULL,NULL
4342,"Hyd","India","Telangana","2020-04-07 16:57:58.549+00","2020-04-07 16:57:58.549+00",NULL,NULL
4343,"Adilabad","India","Telangana","2020-04-07 16:57:58.759+00","2020-04-07 16:57:58.759+00",NULL,NULL
4344,"Luxettipet","India","Telangana","2020-04-07 16:57:58.795+00","2020-04-07 16:57:58.795+00",NULL,NULL
4345,"Jammikunta","India","Telangana","2020-04-07 16:57:58.841+00","2020-04-07 16:57:58.841+00",NULL,NULL
4346,"Huzurabad","India","Telangana","2020-04-07 16:57:58.878+00","2020-04-07 16:57:58.878+00",NULL,NULL
4347,"Sultanabad","India","Telangana","2020-04-07 16:57:58.928+00","2020-04-07 16:57:58.928+00",NULL,NULL
4348,"Karim Nagar","India","Telangana","2020-04-07 16:57:58.962+00","2020-04-07 16:57:58.962+00",NULL,NULL
4349,"Peddapalle","India","Telangana","2020-04-07 16:57:59.003+00","2020-04-07 16:57:59.003+00",NULL,NULL
4350,"Peddapalli","India","Telangana","2020-04-07 16:57:59.051+00","2020-04-07 16:57:59.051+00",NULL,NULL
4351,"Ramagundam","India","Telangana","2020-04-07 16:57:59.294+00","2020-04-07 16:57:59.294+00",NULL,NULL
4352,"Kamanpur","India","Telangana","2020-04-07 16:57:59.598+00","2020-04-07 16:57:59.598+00",NULL,NULL
4353,"Manthani","India","Telangana","2020-04-07 16:57:59.666+00","2020-04-07 16:57:59.666+00",NULL,NULL
4354,"Mahabubabad","India","Telangana","2020-04-07 16:57:59.696+00","2020-04-07 16:57:59.696+00",NULL,NULL
4355,"K.V.Rangareddy","India","Telangana","2020-04-07 16:57:59.946+00","2020-04-07 16:57:59.946+00",NULL,NULL
4356,"Wanapathy","India","Telangana","2020-04-07 16:58:00.001+00","2020-04-07 16:58:00.001+00",NULL,NULL
4357,"Serilingampally","India","Telangana","2020-04-07 16:58:00.064+00","2020-04-07 16:58:00.064+00",NULL,NULL
4358,"Palakurthy","India","Telangana","2020-04-07 16:58:00.107+00","2020-04-07 16:58:00.107+00",NULL,NULL
4359,"Rajendra nagar","India","Telangana","2020-04-07 16:58:00.182+00","2020-04-07 16:58:00.182+00",NULL,NULL
4360,"Seri Lingampally","India","Telangana","2020-04-07 16:58:00.244+00","2020-04-07 16:58:00.244+00",NULL,NULL
4361,"Saroornagar","India","Telangana","2020-04-07 16:58:00.292+00","2020-04-07 16:58:00.292+00",NULL,NULL
4362,"Parwathagiri","India","Telangana","2020-04-07 16:58:00.331+00","2020-04-07 16:58:00.331+00",NULL,NULL
4363,"Mudhole","India","Telangana","2020-04-07 16:58:00.382+00","2020-04-07 16:58:00.382+00",NULL,NULL
4364,"Tiryani","India","Telangana","2020-04-07 16:58:00.63+00","2020-04-07 16:58:00.63+00",NULL,NULL
4365,"Chelpur","India","Telangana","2020-04-07 16:58:00.767+00","2020-04-07 16:58:00.767+00",NULL,NULL
4366,"Balanagar","India","Telangana","2020-04-07 16:58:00.846+00","2020-04-07 16:58:00.846+00",NULL,NULL
4367,"Quthbullapur Mandal","India","Telangana","2020-04-07 16:58:00.867+00","2020-04-07 16:58:00.867+00",NULL,NULL
4368,"Arvapally","India","Telangana","2020-04-07 16:58:00.875+00","2020-04-07 16:58:00.875+00",NULL,NULL
4369,"Shamirpet Mandal","India","Telangana","2020-04-07 16:58:00.907+00","2020-04-07 16:58:00.907+00",NULL,NULL
4370,"Mahabubabad","India","Telangana","2020-04-07 16:58:00.931+00","2020-04-07 16:58:00.931+00",NULL,NULL
4371,"Vikarabad","India","Telangana","2020-04-07 16:58:00.948+00","2020-04-07 16:58:00.948+00",NULL,NULL
4372,"Sangam","India","Telangana","2020-04-07 16:58:00.965+00","2020-04-07 16:58:00.965+00",NULL,NULL
4373,"Warangal","India","Telangana","2020-04-07 16:58:00.985+00","2020-04-07 16:58:00.985+00",NULL,NULL
4374,"Nirmal","India","Telangana","2020-04-07 16:58:01.068+00","2020-04-07 16:58:01.068+00",NULL,NULL
4375,"Utnoor","India","Telangana","2020-04-07 16:58:01.207+00","2020-04-07 16:58:01.207+00",NULL,NULL
4376,"Boath","India","Telangana","2020-04-07 16:58:02.426+00","2020-04-07 16:58:02.426+00",NULL,NULL
4377,"Khanapur","India","Telangana","2020-04-07 16:58:02.464+00","2020-04-07 16:58:02.464+00",NULL,NULL
4378,"Chennur","India","Telangana","2020-04-07 16:58:02.53+00","2020-04-07 16:58:02.53+00",NULL,NULL
4379,"Mancherial","India","Telangana","2020-04-07 16:58:04.272+00","2020-04-07 16:58:04.272+00",NULL,NULL
4380,"Mandamarri","India","Telangana","2020-04-07 16:58:04.805+00","2020-04-07 16:58:04.805+00",NULL,NULL
4381,"Asifabad","India","Telangana","2020-04-07 16:58:04.839+00","2020-04-07 16:58:04.839+00",NULL,NULL
4382,"Neradigonda","India","Telangana","2020-04-07 16:58:05.33+00","2020-04-07 16:58:05.33+00",NULL,NULL
4383,"Sirpur (t)","India","Telangana","2020-04-07 16:58:06.25+00","2020-04-07 16:58:06.25+00",NULL,NULL
4384,"Kagaznagar","India","Telangana","2020-04-07 16:58:06.44+00","2020-04-07 16:58:06.44+00",NULL,NULL
4385,"Suryapet","India","Telangana","2020-04-07 16:58:07.071+00","2020-04-07 16:58:07.071+00",NULL,NULL
4386,"Miryalguda","India","Telangana","2020-04-07 16:58:07.097+00","2020-04-07 16:58:07.097+00",NULL,NULL
4387,"Wanaparthy","India","Telangana","2020-04-07 16:58:07.138+00","2020-04-07 16:58:07.138+00",NULL,NULL
4388,"Stn. Jadcherla","India","Telangana","2020-04-07 16:58:07.179+00","2020-04-07 16:58:07.179+00",NULL,NULL
4389,"Charminar","India","Telangana","2020-04-07 16:58:07.217+00","2020-04-07 16:58:07.217+00",NULL,NULL
4390,"Himayathnagar","India","Telangana","2020-04-07 16:58:07.256+00","2020-04-07 16:58:07.256+00",NULL,NULL
4391,"Khairatabad","India","Telangana","2020-04-07 16:58:07.295+00","2020-04-07 16:58:07.295+00",NULL,NULL
4392,"Ghanpur Stn","India","Telangana","2020-04-07 16:58:07.331+00","2020-04-07 16:58:07.331+00",NULL,NULL
4393,"Lingala Ghanpur","India","Telangana","2020-04-07 16:58:07.586+00","2020-04-07 16:58:07.586+00",NULL,NULL
4394,"Chityal","India","Telangana","2020-04-07 16:58:08.054+00","2020-04-07 16:58:08.054+00",NULL,NULL
4395,"Govindaraopet","India","Telangana","2020-04-07 16:58:08.091+00","2020-04-07 16:58:08.091+00",NULL,NULL
4396,"Shayampet","India","Telangana","2020-04-07 16:58:08.128+00","2020-04-07 16:58:08.128+00",NULL,NULL
4397,"Mogullapalli","India","Telangana","2020-04-07 16:58:10.122+00","2020-04-07 16:58:10.122+00",NULL,NULL
4398,"Mulug","India","Telangana","2020-04-07 16:58:10.273+00","2020-04-07 16:58:10.273+00",NULL,NULL
4399,"Mangapet","India","Telangana","2020-04-07 16:58:10.936+00","2020-04-07 16:58:10.936+00",NULL,NULL
4400,"Tadvai","India","Telangana","2020-04-07 16:58:11.622+00","2020-04-07 16:58:11.622+00",NULL,NULL
4401,"Regonda","India","Telangana","2020-04-07 16:58:11.673+00","2020-04-07 16:58:11.673+00",NULL,NULL
4402,"Bhupalapalli","India","Telangana","2020-04-07 16:58:12.188+00","2020-04-07 16:58:12.188+00",NULL,NULL
4403,"Hasanparthy","India","Telangana","2020-04-07 16:58:12.866+00","2020-04-07 16:58:12.866+00",NULL,NULL
4404,"Dharmasagar","India","Telangana","2020-04-07 16:58:13.553+00","2020-04-07 16:58:13.553+00",NULL,NULL
4405,"Narmitta","India","Telangana","2020-04-07 16:58:13.616+00","2020-04-07 16:58:13.616+00",NULL,NULL
4406,"Buchannapet","India","Telangana","2020-04-07 16:58:15.026+00","2020-04-07 16:58:15.026+00",NULL,NULL
4407,"Cherial","India","Telangana","2020-04-07 16:58:15.608+00","2020-04-07 16:58:15.608+00",NULL,NULL
4408,"Devaruppala","India","Telangana","2020-04-07 16:58:16.066+00","2020-04-07 16:58:16.066+00",NULL,NULL
4409,"Narmetta","India","Telangana","2020-04-07 16:58:17.191+00","2020-04-07 16:58:17.191+00",NULL,NULL
4410,"Raghunathapalli","India","Telangana","2020-04-07 16:58:18.809+00","2020-04-07 16:58:18.809+00",NULL,NULL
4411,"Devaruppula","India","Telangana","2020-04-07 16:58:19.508+00","2020-04-07 16:58:19.508+00",NULL,NULL
4412,"Eturunagaram","India","Telangana","2020-04-07 16:58:20.66+00","2020-04-07 16:58:20.66+00",NULL,NULL
4413,"Mahabub Nagar","India","Telangana","2020-04-07 16:58:21.302+00","2020-04-07 16:58:21.302+00",NULL,NULL
4414,"Dubbak","India","Telangana","2020-04-07 16:58:23.977+00","2020-04-07 16:58:23.977+00",NULL,NULL
4415,"Bibinagar","India","Telangana","2020-04-07 16:58:26.854+00","2020-04-07 16:58:26.854+00",NULL,NULL
4416,"Nalgodna","India","Telangana","2020-04-07 16:58:27.395+00","2020-04-07 16:58:27.395+00",NULL,NULL
4417,"Munugode","India","Telangana","2020-04-07 16:58:28.036+00","2020-04-07 16:58:28.036+00",NULL,NULL
4418,"Pegadapalli","India","Telangana","2020-04-07 16:58:33.298+00","2020-04-07 16:58:33.298+00",NULL,NULL
4419,"Gangadhara","India","Telangana","2020-04-07 16:58:33.773+00","2020-04-07 16:58:33.773+00",NULL,NULL
4420,"Husnabad","India","Telangana","2020-04-07 16:58:34.068+00","2020-04-07 16:58:34.068+00",NULL,NULL
4421,"Ellanthakunta","India","Telangana","2020-04-07 16:58:34.151+00","2020-04-07 16:58:34.151+00",NULL,NULL
4422,"Kodimial","India","Telangana","2020-04-07 16:58:34.509+00","2020-04-07 16:58:34.509+00",NULL,NULL
4423,"Manakondur","India","Telangana","2020-04-07 16:58:34.471+00","2020-04-07 16:58:34.471+00",NULL,NULL
4424,"Koheda","India","Telangana","2020-04-07 16:58:34.542+00","2020-04-07 16:58:34.542+00",NULL,NULL
4425,"Gambhiraopet","India","Telangana","2020-04-07 16:58:35.013+00","2020-04-07 16:58:35.013+00",NULL,NULL
4426,"Mallial","India","Telangana","2020-04-07 16:58:35.057+00","2020-04-07 16:58:35.057+00",NULL,NULL
4427,"Mallapur","India","Telangana","2020-04-07 16:58:35.091+00","2020-04-07 16:58:35.091+00",NULL,NULL
4428,"Konaraopet","India","Telangana","2020-04-07 16:58:35.132+00","2020-04-07 16:58:35.132+00",NULL,NULL
4429,"vemulawada","India","Telangana","2020-04-07 16:58:35.55+00","2020-04-07 16:58:35.55+00",NULL,NULL
4430,"Raikal","India","Telangana","2020-04-07 16:58:36.775+00","2020-04-07 16:58:36.775+00",NULL,NULL
4431,"Chandurthi","India","Telangana","2020-04-07 16:58:37.164+00","2020-04-07 16:58:37.164+00",NULL,NULL
4432,"Kathalapur","India","Telangana","2020-04-07 16:58:37.296+00","2020-04-07 16:58:37.296+00",NULL,NULL
4433,"Boenpalli","India","Telangana","2020-04-07 16:58:38.18+00","2020-04-07 16:58:38.18+00",NULL,NULL
4434,"Ramadugu","India","Telangana","2020-04-07 16:58:38.924+00","2020-04-07 16:58:38.924+00",NULL,NULL
4435,"Thimmapur","India","Telangana","2020-04-07 16:58:38.983+00","2020-04-07 16:58:38.983+00",NULL,NULL
4436,"Chigurumamidi","India","Telangana","2020-04-07 16:58:39.051+00","2020-04-07 16:58:39.051+00",NULL,NULL
4437,"Dharmapuri","India","Telangana","2020-04-07 16:58:41.161+00","2020-04-07 16:58:41.161+00",NULL,NULL
4438,"Koratla","India","Telangana","2020-04-07 16:58:40.491+00","2020-04-07 16:58:40.491+00",NULL,NULL
4439,"Gollapalli","India","Telangana","2020-04-07 16:58:41.304+00","2020-04-07 16:58:41.304+00",NULL,NULL
4440,"Ibrahimpatnam","India","Telangana","2020-04-07 16:58:41.399+00","2020-04-07 16:58:41.399+00",NULL,NULL
4441,"Kishandaspet","India","Telangana","2020-04-07 16:58:41.461+00","2020-04-07 16:58:41.461+00",NULL,NULL
4442,"Vemulawada","India","Telangana","2020-04-07 16:58:42.325+00","2020-04-07 16:58:42.325+00",NULL,NULL
4443,"Metpalli","India","Telangana","2020-04-07 16:58:42.539+00","2020-04-07 16:58:42.539+00",NULL,NULL
4444,"Medpalli","India","Telangana","2020-04-07 16:58:42.42+00","2020-04-07 16:58:42.42+00",NULL,NULL
4445,"Mustabad","India","Telangana","2020-04-07 16:58:42.888+00","2020-04-07 16:58:42.888+00",NULL,NULL
4446,"Sarangapur","India","Telangana","2020-04-07 16:58:43.431+00","2020-04-07 16:58:43.431+00",NULL,NULL
4447,"Komminepalli","India","Telangana","2020-04-07 16:58:44.401+00","2020-04-07 16:58:44.401+00",NULL,NULL
4448,"Vvpalem","India","Telangana","2020-04-07 16:58:44.435+00","2020-04-07 16:58:44.435+00",NULL,NULL
4449,"Kusumanchi","India","Telangana","2020-04-07 16:58:44.471+00","2020-04-07 16:58:44.471+00",NULL,NULL
4450,"Enkoor","India","Telangana","2020-04-07 16:58:44.723+00","2020-04-07 16:58:44.723+00",NULL,NULL
4451,"Karepalli","India","Telangana","2020-04-07 16:58:44.76+00","2020-04-07 16:58:44.76+00",NULL,NULL
4452,"Madhira","India","Telangana","2020-04-07 16:58:44.799+00","2020-04-07 16:58:44.799+00",NULL,NULL
4453,"Yerrupalem","India","Telangana","2020-04-07 16:58:44.838+00","2020-04-07 16:58:44.838+00",NULL,NULL
4454,"Manugurq","India","Telangana","2020-04-07 16:58:44.859+00","2020-04-07 16:58:44.859+00",NULL,NULL
4455,"Burgampahad","India","Telangana","2020-04-07 16:58:44.876+00","2020-04-07 16:58:44.876+00",NULL,NULL
4456,"Aswapuram","India","Telangana","2020-04-07 16:58:45.126+00","2020-04-07 16:58:45.126+00",NULL,NULL
4457,"Garla","India","Telangana","2020-04-07 16:58:46.494+00","2020-04-07 16:58:46.494+00",NULL,NULL
4458,"Snpuram","India","Telangana","2020-04-07 16:58:48.066+00","2020-04-07 16:58:48.066+00",NULL,NULL
4459,"Venkatapuram","India","Telangana","2020-04-07 16:58:48.698+00","2020-04-07 16:58:48.698+00",NULL,NULL
4460,"Julurupadu","India","Telangana","2020-04-07 16:58:49.058+00","2020-04-07 16:58:49.058+00",NULL,NULL
4461,"Paloncha","India","Telangana","2020-04-07 16:58:49.278+00","2020-04-07 16:58:49.278+00",NULL,NULL
4462,"Aswaraopet","India","Telangana","2020-04-07 16:58:49.603+00","2020-04-07 16:58:49.603+00",NULL,NULL
4463,"Dammapeta","India","Telangana","2020-04-07 16:58:49.955+00","2020-04-07 16:58:49.955+00",NULL,NULL
4464,"P.r.gudem","India","Telangana","2020-04-07 16:58:50.266+00","2020-04-07 16:58:50.266+00",NULL,NULL
4465,"Penuballi","India","Telangana","2020-04-07 16:58:50.343+00","2020-04-07 16:58:50.343+00",NULL,NULL
4466,"Sathupalli","India","Telangana","2020-04-07 16:58:50.453+00","2020-04-07 16:58:50.453+00",NULL,NULL
4467,"Vemsur","India","Telangana","2020-04-07 16:58:50.776+00","2020-04-07 16:58:50.776+00",NULL,NULL
4468,"Sujathanagar","India","Telangana","2020-04-07 16:58:50.926+00","2020-04-07 16:58:50.926+00",NULL,NULL
4469,"Vkhani","India","Telangana","2020-04-07 16:58:51.051+00","2020-04-07 16:58:51.051+00",NULL,NULL
4470,"Ch.madharam","India","Telangana","2020-04-07 16:58:52.486+00","2020-04-07 16:58:52.486+00",NULL,NULL
4471,"Gokinepalli","India","Telangana","2020-04-07 16:58:52.595+00","2020-04-07 16:58:52.595+00",NULL,NULL
4472,"Pindipole","India","Telangana","2020-04-07 16:58:52.926+00","2020-04-07 16:58:52.926+00",NULL,NULL
4473,"Subled","India","Telangana","2020-04-07 16:58:52.976+00","2020-04-07 16:58:52.976+00",NULL,NULL
4474,"Tanikella","India","Telangana","2020-04-07 16:58:53.054+00","2020-04-07 16:58:53.054+00",NULL,NULL
4475,"T. Palem","India","Telangana","2020-04-07 16:58:53.112+00","2020-04-07 16:58:53.112+00",NULL,NULL
4476,"Nkpally","India","Telangana","2020-04-07 16:58:53.874+00","2020-04-07 16:58:53.874+00",NULL,NULL
4477,"Palair","India","Telangana","2020-04-07 16:58:53.983+00","2020-04-07 16:58:53.983+00",NULL,NULL
4478,"Kallur","India","Telangana","2020-04-07 16:58:54.992+00","2020-04-07 16:58:54.992+00",NULL,NULL
4479,"Tallada","India","Telangana","2020-04-07 16:58:55.306+00","2020-04-07 16:58:55.306+00",NULL,NULL
4480,"Bnpahad","India","Telangana","2020-04-07 16:58:55.678+00","2020-04-07 16:58:55.678+00",NULL,NULL
4481,"Bonnakal","India","Telangana","2020-04-07 16:58:55.735+00","2020-04-07 16:58:55.735+00",NULL,NULL
4482,"Chintakani","India","Telangana","2020-04-07 16:58:56.431+00","2020-04-07 16:58:56.431+00",NULL,NULL
4483,"Siripuram","India","Telangana","2020-04-07 16:58:57.262+00","2020-04-07 16:58:57.262+00",NULL,NULL
4484,"Wyra","India","Telangana","2020-04-07 16:58:57.333+00","2020-04-07 16:58:57.333+00",NULL,NULL
4485,"Charla","India","Telangana","2020-04-07 16:58:58.026+00","2020-04-07 16:58:58.026+00",NULL,NULL
4486,"Manuguru","India","Telangana","2020-04-07 16:58:58.682+00","2020-04-07 16:58:58.682+00",NULL,NULL
4487,"Gopalpet","India","Telangana","2020-04-07 16:58:58.801+00","2020-04-07 16:58:58.801+00",NULL,NULL
4488,"Pangal","India","Telangana","2020-04-07 16:58:58.817+00","2020-04-07 16:58:58.817+00",NULL,NULL
4489,"Amrabad","India","Telangana","2020-04-07 16:58:59.246+00","2020-04-07 16:58:59.246+00",NULL,NULL
4490,"Lingal","India","Telangana","2020-04-07 16:58:59.287+00","2020-04-07 16:58:59.287+00",NULL,NULL
4491,"Veepangandla","India","Telangana","2020-04-07 16:58:59.353+00","2020-04-07 16:58:59.353+00",NULL,NULL
4492,"Talakondapally","India","Telangana","2020-04-07 16:58:59.392+00","2020-04-07 16:58:59.392+00",NULL,NULL
4493,"Kalwakurthy","India","Telangana","2020-04-07 16:58:59.442+00","2020-04-07 16:58:59.442+00",NULL,NULL
4494,"Madgul","India","Telangana","2020-04-07 16:58:59.538+00","2020-04-07 16:58:59.538+00",NULL,NULL
4495,"Farooqnagar","India","Telangana","2020-04-07 16:58:59.653+00","2020-04-07 16:58:59.653+00",NULL,NULL
4496,"Veldanda","India","Telangana","2020-04-07 16:58:59.676+00","2020-04-07 16:58:59.676+00",NULL,NULL
4497,"Kodair","India","Telangana","2020-04-07 16:58:59.724+00","2020-04-07 16:58:59.724+00",NULL,NULL
4498,"Peddakothapally","India","Telangana","2020-04-07 16:59:00.438+00","2020-04-07 16:59:00.438+00",NULL,NULL
4499,"Thelkapally","India","Telangana","2020-04-07 16:59:01.604+00","2020-04-07 16:59:01.604+00",NULL,NULL
4500,"Thimmajipet","India","Telangana","2020-04-07 16:59:02.298+00","2020-04-07 16:59:02.298+00",NULL,NULL
4501,"Bijnapally","India","Telangana","2020-04-07 16:59:02.359+00","2020-04-07 16:59:02.359+00",NULL,NULL
4502,"Kothakota","India","Telangana","2020-04-07 16:59:02.45+00","2020-04-07 16:59:02.45+00",NULL,NULL
4503,"Nagarkurnool","India","Telangana","2020-04-07 16:59:03.643+00","2020-04-07 16:59:03.643+00",NULL,NULL
4504,"Tadoor","India","Telangana","2020-04-07 16:59:04.464+00","2020-04-07 16:59:04.464+00",NULL,NULL
4505,"Uppanunthala","India","Telangana","2020-04-07 16:59:05.627+00","2020-04-07 16:59:05.627+00",NULL,NULL
4506,"Amnagal","India","Telangana","2020-04-07 16:59:07.134+00","2020-04-07 16:59:07.134+00",NULL,NULL
4507,"Keshampet","India","Telangana","2020-04-07 16:59:07.934+00","2020-04-07 16:59:07.934+00",NULL,NULL
4508,"Kondurgu","India","Telangana","2020-04-07 16:59:08.732+00","2020-04-07 16:59:08.732+00",NULL,NULL
4509,"Kothur","India","Telangana","2020-04-07 16:59:08.816+00","2020-04-07 16:59:08.816+00",NULL,NULL
4510,"Achampet","India","Telangana","2020-04-07 16:59:08.887+00","2020-04-07 16:59:08.887+00",NULL,NULL
4511,"Farooqnqgar","India","Telangana","2020-04-07 16:59:10.61+00","2020-04-07 16:59:10.61+00",NULL,NULL
4512,"Maheswaram","India","Telangana","2020-04-07 16:59:10.925+00","2020-04-07 16:59:10.925+00",NULL,NULL
4513,"Shahabad","India","Telangana","2020-04-07 16:59:11.36+00","2020-04-07 16:59:11.36+00",NULL,NULL
4514,"Vangoor","India","Telangana","2020-04-07 16:59:11.442+00","2020-04-07 16:59:11.442+00",NULL,NULL
4515,"Kodakondla","India","Telangana","2020-04-07 16:59:11.621+00","2020-04-07 16:59:11.621+00",NULL,NULL
4516,"Duggondi","India","Telangana","2020-04-07 16:59:11.913+00","2020-04-07 16:59:11.913+00",NULL,NULL
4517,"Raiparthy","India","Telangana","2020-04-07 16:59:11.947+00","2020-04-07 16:59:11.947+00",NULL,NULL
4518,"Narasimulapet","India","Telangana","2020-04-07 16:59:12.018+00","2020-04-07 16:59:12.018+00",NULL,NULL
4519,"Kesamudram","India","Telangana","2020-04-07 16:59:12.079+00","2020-04-07 16:59:12.079+00",NULL,NULL
4520,"Kuravi","India","Telangana","2020-04-07 16:59:12.143+00","2020-04-07 16:59:12.143+00",NULL,NULL
4521,"Maripeda","India","Telangana","2020-04-07 16:59:12.191+00","2020-04-07 16:59:12.191+00",NULL,NULL
4522,"Narsampet","India","Telangana","2020-04-07 16:59:12.23+00","2020-04-07 16:59:12.23+00",NULL,NULL
4523,"Geegugonda","India","Telangana","2020-04-07 16:59:14.099+00","2020-04-07 16:59:14.099+00",NULL,NULL
4524,"Wardhannapet","India","Telangana","2020-04-07 16:59:15.546+00","2020-04-07 16:59:15.546+00",NULL,NULL
4525,"Turrur","India","Telangana","2020-04-07 16:59:15.677+00","2020-04-07 16:59:15.677+00",NULL,NULL
4526,"Kodakandal","India","Telangana","2020-04-07 16:59:16.665+00","2020-04-07 16:59:16.665+00",NULL,NULL
4527,"Zaffargadh","India","Telangana","2020-04-07 16:59:17.462+00","2020-04-07 16:59:17.462+00",NULL,NULL
4528,"Chennaraopet","India","Telangana","2020-04-07 16:59:19.904+00","2020-04-07 16:59:19.904+00",NULL,NULL
4529,"Dornakal","India","Telangana","2020-04-07 16:59:20.215+00","2020-04-07 16:59:20.215+00",NULL,NULL
4530,"Gudur","India","Telangana","2020-04-07 16:59:20.343+00","2020-04-07 16:59:20.343+00",NULL,NULL
4531,"Kothaguda","India","Telangana","2020-04-07 16:59:20.519+00","2020-04-07 16:59:20.519+00",NULL,NULL
4532,"Neerada","India","Telangana","2020-04-07 16:59:20.816+00","2020-04-07 16:59:20.816+00",NULL,NULL
4533,"Nekkonda","India","Telangana","2020-04-07 16:59:20.921+00","2020-04-07 16:59:20.921+00",NULL,NULL
4534,"Nekkonda","India","Telangana","2020-04-07 16:59:21.602+00","2020-04-07 16:59:21.602+00",NULL,NULL
4535,"Nallikaddur","India","Telangana","2020-04-07 16:59:21.949+00","2020-04-07 16:59:21.949+00",NULL,NULL
4536,"Amberpet","India","Telangana","2020-04-07 16:59:22.488+00","2020-04-07 16:59:22.488+00",NULL,NULL
4537,"Bahadurpura","India","Telangana","2020-04-07 16:59:22.607+00","2020-04-07 16:59:22.607+00",NULL,NULL
4538,"Rajendranagar","India","Telangana","2020-04-07 16:59:22.655+00","2020-04-07 16:59:22.655+00",NULL,NULL
4539,"Uppal","India","Telangana","2020-04-07 16:59:22.956+00","2020-04-07 16:59:22.956+00",NULL,NULL
4540,"Shamshabad","India","Telangana","2020-04-07 16:59:23.077+00","2020-04-07 16:59:23.077+00",NULL,NULL
4541,"Moinabad","India","Telangana","2020-04-07 16:59:23.151+00","2020-04-07 16:59:23.151+00",NULL,NULL
4542,"Golconda","India","Telangana","2020-04-07 16:59:23.644+00","2020-04-07 16:59:23.644+00",NULL,NULL
4543,"Shaikpet","India","Telangana","2020-04-07 16:59:23.719+00","2020-04-07 16:59:23.719+00",NULL,NULL
4544,"Huzurnagar","India","Telangana","2020-04-07 16:59:23.974+00","2020-04-07 16:59:23.974+00",NULL,NULL
4545,"Nakrekal","India","Telangana","2020-04-07 16:59:24.036+00","2020-04-07 16:59:24.036+00",NULL,NULL
4546,"Thungathurthy","India","Telangana","2020-04-07 16:59:24.071+00","2020-04-07 16:59:24.071+00",NULL,NULL
4547,"Thungathurthi","India","Telangana","2020-04-07 16:59:25.318+00","2020-04-07 16:59:25.318+00",NULL,NULL
4548,"Jogipet","India","Telangana","2020-04-07 16:59:26.974+00","2020-04-07 16:59:26.974+00",NULL,NULL
4549,"Narayankhed","India","Telangana","2020-04-07 16:59:27.016+00","2020-04-07 16:59:27.016+00",NULL,NULL
4550,"Patancheru","India","Telangana","2020-04-07 16:59:27.274+00","2020-04-07 16:59:27.274+00",NULL,NULL
4551,"Sadasivpet","India","Telangana","2020-04-07 16:59:27.324+00","2020-04-07 16:59:27.324+00",NULL,NULL
4552,"Zahirabad","India","Telangana","2020-04-07 16:59:27.539+00","2020-04-07 16:59:27.539+00",NULL,NULL
4553,"Narsapur","India","Telangana","2020-04-07 16:59:27.872+00","2020-04-07 16:59:27.873+00",NULL,NULL
4554,"Ramachandrapuram","India","Telangana","2020-04-07 16:59:28.823+00","2020-04-07 16:59:28.823+00",NULL,NULL
4555,"R","India","Telangana","2020-04-07 16:59:29.677+00","2020-04-07 16:59:29.677+00",NULL,NULL
4556,"Nampally","India","Telangana","2020-04-07 16:59:32.68+00","2020-04-07 16:59:32.68+00",NULL,NULL
4557,"Uppal","India","Telangana","2020-04-07 16:59:32.95+00","2020-04-07 16:59:32.95+00",NULL,NULL
4558,"Bandlaguda","India","Telangana","2020-04-07 16:59:33.351+00","2020-04-07 16:59:33.351+00",NULL,NULL
4559,"Saidabad","India","Telangana","2020-04-07 16:59:33.386+00","2020-04-07 16:59:33.386+00",NULL,NULL
4560,"Asifnagar","India","Telangana","2020-04-07 16:59:33.479+00","2020-04-07 16:59:33.479+00",NULL,NULL
4561,"Ameerpet","India","Telangana","2020-04-07 16:59:33.67+00","2020-04-07 16:59:33.67+00",NULL,NULL
4562,"Serilingampally","India","Telangana","2020-04-07 16:59:33.748+00","2020-04-07 16:59:33.748+00",NULL,NULL
4563,"R.c.puram","India","Telangana","2020-04-07 16:59:36.409+00","2020-04-07 16:59:36.409+00",NULL,NULL
4564,"Gouthampur","India","Telangana","2020-04-07 16:59:44.137+00","2020-04-07 16:59:44.137+00",NULL,NULL
4565,"Rudrampur","India","Telangana","2020-04-07 16:59:44.509+00","2020-04-07 16:59:44.509+00",NULL,NULL
4566,"Palwancha","India","Telangana","2020-04-07 16:59:45.068+00","2020-04-07 16:59:45.068+00",NULL,NULL
4567,"Fatikroy","India","Tripura","2020-04-07 16:59:56.537+00","2020-04-07 16:59:56.537+00",NULL,NULL
4568,"Jampui","India","Tripura","2020-04-07 16:59:56.578+00","2020-04-07 16:59:56.578+00",NULL,NULL
4569,"Kadamtala","India","Tripura","2020-04-07 16:59:56.613+00","2020-04-07 16:59:56.613+00",NULL,NULL
4570,"Kailashahar","India","Tripura","2020-04-07 16:59:56.647+00","2020-04-07 16:59:56.647+00",NULL,NULL
4571,"Kamalpur","India","Tripura","2020-04-07 16:59:56.655+00","2020-04-07 16:59:56.655+00",NULL,NULL
4572,"Kanchanbari","India","Tripura","2020-04-07 16:59:56.696+00","2020-04-07 16:59:56.696+00",NULL,NULL
4573,"Kanchanpur","India","Tripura","2020-04-07 16:59:57.404+00","2020-04-07 16:59:57.404+00",NULL,NULL
4574,"Kumarghat","India","Tripura","2020-04-07 16:59:57.439+00","2020-04-07 16:59:57.439+00",NULL,NULL
4575,"Kulai","India","Tripura","2020-04-07 16:59:57.48+00","2020-04-07 16:59:57.48+00",NULL,NULL
4576,"Manikbhander","India","Tripura","2020-04-07 16:59:57.527+00","2020-04-07 16:59:57.527+00",NULL,NULL
4577,"Manughat","India","Tripura","2020-04-07 16:59:57.565+00","2020-04-07 16:59:57.565+00",NULL,NULL
4578,"Gournagar","India","Tripura","2020-04-07 16:59:57.81+00","2020-04-07 16:59:57.81+00",NULL,NULL
4579,"Panisagar","India","Tripura","2020-04-07 16:59:58.165+00","2020-04-07 16:59:58.165+00",NULL,NULL
4580,"Pecharthal","India","Tripura","2020-04-07 16:59:58.237+00","2020-04-07 16:59:58.237+00",NULL,NULL
4581,"Dharmanagar","India","Tripura","2020-04-07 16:59:58.273+00","2020-04-07 16:59:58.273+00",NULL,NULL
4582,"Salema","India","Tripura","2020-04-07 16:59:58.307+00","2020-04-07 16:59:58.307+00",NULL,NULL
4583,"Sonamukhi","India","Tripura","2020-04-07 16:59:58.341+00","2020-04-07 16:59:58.341+00",NULL,NULL
4584,"Sarma","India","Tripura","2020-04-07 16:59:58.602+00","2020-04-07 16:59:58.602+00",NULL,NULL
4585,"Damcherra","India","Tripura","2020-04-07 16:59:58.638+00","2020-04-07 16:59:58.638+00",NULL,NULL
4586,"Chebri","India","Tripura","2020-04-07 16:59:58.647+00","2020-04-07 16:59:58.647+00",NULL,NULL
4587,"Khowai","India","Tripura","2020-04-07 16:59:58.894+00","2020-04-07 16:59:58.894+00",NULL,NULL
4588,"Kalyanpur","India","Tripura","2020-04-07 16:59:59.142+00","2020-04-07 16:59:59.142+00",NULL,NULL
4589,"Teliamura","India","Tripura","2020-04-07 16:59:59.255+00","2020-04-07 16:59:59.255+00",NULL,NULL
4590,"Ambassa","India","Tripura","2020-04-07 16:59:59.502+00","2020-04-07 16:59:59.502+00",NULL,NULL
4591,"Chandrapur","India","Tripura","2020-04-07 16:59:59.561+00","2020-04-07 16:59:59.561+00",NULL,NULL
4592,"Churaibari","India","Tripura","2020-04-07 16:59:59.604+00","2020-04-07 16:59:59.604+00",NULL,NULL
4593,"Chailengta","India","Tripura","2020-04-07 16:59:59.64+00","2020-04-07 16:59:59.64+00",NULL,NULL
4594,"Dasda","India","Tripura","2020-04-07 16:59:59.675+00","2020-04-07 16:59:59.675+00",NULL,NULL
4595,"Halahali","India","Tripura","2020-04-07 16:59:59.725+00","2020-04-07 16:59:59.725+00",NULL,NULL
4596,"Halflong","India","Tripura","2020-04-07 16:59:59.744+00","2020-04-07 16:59:59.744+00",NULL,NULL
4597,"Manu","India","Tripura","2020-04-07 16:59:59.762+00","2020-04-07 16:59:59.762+00",NULL,NULL
4598,"Bishramganj","India","Tripura","2020-04-07 17:00:00.073+00","2020-04-07 17:00:00.073+00",NULL,NULL
4599,"Melaghar","India","Tripura","2020-04-07 17:00:00.111+00","2020-04-07 17:00:00.111+00",NULL,NULL
4600,"Sonamura","India","Tripura","2020-04-07 17:00:00.162+00","2020-04-07 17:00:00.162+00",NULL,NULL
4601,"Muhuripur","India","Tripura","2020-04-07 17:00:00.172+00","2020-04-07 17:00:00.172+00",NULL,NULL
4602,"Sabroom","India","Tripura","2020-04-07 17:00:00.205+00","2020-04-07 17:00:00.205+00",NULL,NULL
4603,"Bagafa","India","Tripura","2020-04-07 17:00:00.243+00","2020-04-07 17:00:00.243+00",NULL,NULL
4604,"South Tripura","India","Tripura","2020-04-07 17:00:00.29+00","2020-04-07 17:00:00.29+00",NULL,NULL
4605,"Jatanbari","India","Tripura","2020-04-07 17:00:00.351+00","2020-04-07 17:00:00.351+00",NULL,NULL
4606,"Matarbari","India","Tripura","2020-04-07 17:00:00.373+00","2020-04-07 17:00:00.373+00",NULL,NULL
4607,"Kakranan","India","Tripura","2020-04-07 17:00:00.391+00","2020-04-07 17:00:00.391+00",NULL,NULL
4608,"Satchand","India","Tripura","2020-04-07 17:00:00.438+00","2020-04-07 17:00:00.438+00",NULL,NULL
4609,"Hrishyamukh","India","Tripura","2020-04-07 17:00:00.466+00","2020-04-07 17:00:00.466+00",NULL,NULL
4610,"Radhanagar","India","Tripura","2020-04-07 17:00:00.491+00","2020-04-07 17:00:00.491+00",NULL,NULL
4611,"Rajnagar","India","Tripura","2020-04-07 17:00:00.722+00","2020-04-07 17:00:00.722+00",NULL,NULL
4612,"Radhakishorepur H.O","India","Tripura","2020-04-07 17:00:00.734+00","2020-04-07 17:00:00.734+00",NULL,NULL
4613,"Mohanpur","India","Tripura","2020-04-07 17:00:00.771+00","2020-04-07 17:00:00.771+00",NULL,NULL
4614,"West Tripura","India","Tripura","2020-04-07 17:00:00.808+00","2020-04-07 17:00:00.808+00",NULL,NULL
4615,"Sadar","India","Tripura","2020-04-07 17:00:01.07+00","2020-04-07 17:00:01.07+00",NULL,NULL
4616,"Bishalgarh","India","Tripura","2020-04-07 17:00:01.113+00","2020-04-07 17:00:01.113+00",NULL,NULL
4617,"Bimangarh","India","Tripura","2020-04-07 17:00:01.147+00","2020-04-07 17:00:01.147+00",NULL,NULL
4618,"Kamalghat","India","Tripura","2020-04-07 17:00:01.196+00","2020-04-07 17:00:01.196+00",NULL,NULL
4619,"Jirania","India","Tripura","2020-04-07 17:00:01.232+00","2020-04-07 17:00:01.232+00",NULL,NULL
4620,"Ranirbazar","India","Tripura","2020-04-07 17:00:01.494+00","2020-04-07 17:00:01.494+00",NULL,NULL
4621,"Sidhai","India","Tripura","2020-04-07 17:00:01.54+00","2020-04-07 17:00:01.54+00",NULL,NULL
4622,"Amarpur","India","Tripura","2020-04-07 17:00:01.59+00","2020-04-07 17:00:01.59+00",NULL,NULL
4623,"Tepania","India","Tripura","2020-04-07 17:00:01.634+00","2020-04-07 17:00:01.634+00",NULL,NULL
4624,"Kathalia","India","Tripura","2020-04-07 17:00:01.658+00","2020-04-07 17:00:01.658+00",NULL,NULL
4625,"Radhakishorepur","India","Tripura","2020-04-07 17:00:01.728+00","2020-04-07 17:00:01.728+00",NULL,NULL
4626,"Kannauj","India","Uttar Pradesh","2020-04-07 17:00:37.329+00","2020-04-07 17:00:37.329+00",NULL,NULL
4627,"Farrukhabad","India","Uttar Pradesh","2020-04-07 17:00:37.409+00","2020-04-07 17:00:37.409+00",NULL,NULL
4628,"Machhlishahr","India","Uttar Pradesh","2020-04-07 17:00:38.7+00","2020-04-07 17:00:38.7+00",NULL,NULL
4629,"Kerakat","India","Uttar Pradesh","2020-04-07 17:00:39.318+00","2020-04-07 17:00:39.318+00",NULL,NULL
4630,"Machhali Shahar","India","Uttar Pradesh","2020-04-07 17:00:39.419+00","2020-04-07 17:00:39.419+00",NULL,NULL
4631,"Machali Shahar","India","Uttar Pradesh","2020-04-07 17:00:40.492+00","2020-04-07 17:00:40.492+00",NULL,NULL
4632,"Shahganj","India","Uttar Pradesh","2020-04-07 17:00:40.582+00","2020-04-07 17:00:40.582+00",NULL,NULL
4633,"Mariahun","India","Uttar Pradesh","2020-04-07 17:00:40.654+00","2020-04-07 17:00:40.654+00",NULL,NULL
4634,"Mariahu","India","Uttar Pradesh","2020-04-07 17:00:40.853+00","2020-04-07 17:00:40.853+00",NULL,NULL
4635,"Badalapur","India","Uttar Pradesh","2020-04-07 17:00:54.075+00","2020-04-07 17:00:54.075+00",NULL,NULL
4636,"Jaunpur","India","Uttar Pradesh","2020-04-07 17:00:54.774+00","2020-04-07 17:00:54.774+00",NULL,NULL
4637,"Badlapur","India","Uttar Pradesh","2020-04-07 17:00:56.976+00","2020-04-07 17:00:56.976+00",NULL,NULL
4638,"Bareilly","India","Uttar Pradesh","2020-04-07 17:00:59.918+00","2020-04-07 17:00:59.918+00",NULL,NULL
4639,"Sardhana","India","Uttar Pradesh","2020-04-07 17:00:59.93+00","2020-04-07 17:00:59.93+00",NULL,NULL
4640,"Ghaziabad","India","Uttar Pradesh","2020-04-07 17:00:59.937+00","2020-04-07 17:00:59.937+00",NULL,NULL
4641,"Noida","India","Uttar Pradesh","2020-04-07 17:00:59.949+00","2020-04-07 17:00:59.949+00",NULL,NULL
4642,"Ghazipur","India","Uttar Pradesh","2020-04-07 17:00:59.965+00","2020-04-07 17:00:59.965+00",NULL,NULL
4643,"Zamania","India","Uttar Pradesh","2020-04-07 17:01:00.006+00","2020-04-07 17:01:00.006+00",NULL,NULL
4644,"Saidpur","India","Uttar Pradesh","2020-04-07 17:01:00.282+00","2020-04-07 17:01:00.282+00",NULL,NULL
4645,"M.bad","India","Uttar Pradesh","2020-04-07 17:01:00.341+00","2020-04-07 17:01:00.341+00",NULL,NULL
4646,"Varanasi","India","Uttar Pradesh","2020-04-07 17:01:00.349+00","2020-04-07 17:01:00.349+00",NULL,NULL
4647,"Lalganj","India","Uttar Pradesh","2020-04-07 17:01:00.368+00","2020-04-07 17:01:00.368+00",NULL,NULL
4648,"Dalmau","India","Uttar Pradesh","2020-04-07 17:01:00.422+00","2020-04-07 17:01:00.422+00",NULL,NULL
4649,"Rudauli","India","Uttar Pradesh","2020-04-07 17:01:00.447+00","2020-04-07 17:01:00.447+00",NULL,NULL
4650,"Rudaui","India","Uttar Pradesh","2020-04-07 17:01:00.485+00","2020-04-07 17:01:00.485+00",NULL,NULL
4651,"Lucknow","India","Uttar Pradesh","2020-04-07 17:01:00.542+00","2020-04-07 17:01:00.542+00",NULL,NULL
4652,"Budaun","India","Uttar Pradesh","2020-04-07 17:01:00.55+00","2020-04-07 17:01:00.55+00",NULL,NULL
4653,"Saharanpur","India","Uttar Pradesh","2020-04-07 17:01:00.558+00","2020-04-07 17:01:00.558+00",NULL,NULL
4654,"Aligarh","India","Uttar Pradesh","2020-04-07 17:01:00.566+00","2020-04-07 17:01:00.566+00",NULL,NULL
4655,"Dhaurahara","India","Uttar Pradesh","2020-04-07 17:01:00.588+00","2020-04-07 17:01:00.588+00",NULL,NULL
4656,"Banda","India","Uttar Pradesh","2020-04-07 17:01:00.596+00","2020-04-07 17:01:00.596+00",NULL,NULL
4657,"Hamirpur","India","Uttar Pradesh","2020-04-07 17:01:00.603+00","2020-04-07 17:01:00.603+00",NULL,NULL
4658,"Mahoba","India","Uttar Pradesh","2020-04-07 17:01:00.614+00","2020-04-07 17:01:00.614+00",NULL,NULL
4659,"Aligarh","India","Uttar Pradesh","2020-04-07 17:01:00.635+00","2020-04-07 17:01:00.635+00",NULL,NULL
4660,"Bhinga","India","Uttar Pradesh","2020-04-07 17:01:01.203+00","2020-04-07 17:01:01.203+00",NULL,NULL
4661,"Gorakhpur","India","Uttar Pradesh","2020-04-07 17:01:01.223+00","2020-04-07 17:01:01.223+00",NULL,NULL
4662,"Hardoi","India","Uttar Pradesh","2020-04-07 17:01:01.261+00","2020-04-07 17:01:01.261+00",NULL,NULL
4663,"Meerut","India","Uttar Pradesh","2020-04-07 17:01:01.307+00","2020-04-07 17:01:01.307+00",NULL,NULL
4664,"Bijnor","India","Uttar Pradesh","2020-04-07 17:01:01.315+00","2020-04-07 17:01:01.315+00",NULL,NULL
4665,"Chandpur","India","Uttar Pradesh","2020-04-07 17:01:01.352+00","2020-04-07 17:01:01.352+00",NULL,NULL
4666,"Shahjahanpur","India","Uttar Pradesh","2020-04-07 17:01:01.361+00","2020-04-07 17:01:01.361+00",NULL,NULL
4667,"Sandila","India","Uttar Pradesh","2020-04-07 17:01:01.463+00","2020-04-07 17:01:01.463+00",NULL,NULL
4668,"Gautam Budh Nagar","India","Uttar Pradesh","2020-04-07 17:01:01.5+00","2020-04-07 17:01:01.5+00",NULL,NULL
4669,"Muzaffarnagar","India","Uttar Pradesh","2020-04-07 17:01:01.73+00","2020-04-07 17:01:01.73+00",NULL,NULL
4670,"Kanpur","India","Uttar Pradesh","2020-04-07 17:01:01.743+00","2020-04-07 17:01:01.743+00",NULL,NULL
4671,"Rawatpur Gaon","India","Uttar Pradesh","2020-04-07 17:01:01.782+00","2020-04-07 17:01:01.782+00",NULL,NULL
4672,"Rama Devi Chauraha","India","Uttar Pradesh","2020-04-07 17:01:01.82+00","2020-04-07 17:01:01.82+00",NULL,NULL
4673,"Chauraha","India","Uttar Pradesh","2020-04-07 17:01:01.856+00","2020-04-07 17:01:01.856+00",NULL,NULL
4674,"Karchhana","India","Uttar Pradesh","2020-04-07 17:01:01.864+00","2020-04-07 17:01:01.864+00",NULL,NULL
4675,"Kanpur Nagar","India","Uttar Pradesh","2020-04-07 17:01:01.9+00","2020-04-07 17:01:01.9+00",NULL,NULL
4676,"Allahabad","India","Uttar Pradesh","2020-04-07 17:01:01.939+00","2020-04-07 17:01:01.939+00",NULL,NULL
4677,"Meja","India","Uttar Pradesh","2020-04-07 17:01:01.981+00","2020-04-07 17:01:01.981+00",NULL,NULL
4678,"Mathura","India","Uttar Pradesh","2020-04-07 17:01:01.994+00","2020-04-07 17:01:01.994+00",NULL,NULL
4679,"Gautam Buddha Nagar","India","Uttar Pradesh","2020-04-07 17:01:02.053+00","2020-04-07 17:01:02.053+00",NULL,NULL
4680,"Kushinagar","India","Uttar Pradesh","2020-04-07 17:01:02.066+00","2020-04-07 17:01:02.066+00",NULL,NULL
4681,"Dhaulana","India","Uttar Pradesh","2020-04-07 17:01:02.085+00","2020-04-07 17:01:02.085+00",NULL,NULL
4682,"Varanasi Sadar","India","Uttar Pradesh","2020-04-07 17:01:02.149+00","2020-04-07 17:01:02.149+00",NULL,NULL
4683,"Kadipur","India","Uttar Pradesh","2020-04-07 17:01:02.164+00","2020-04-07 17:01:02.164+00",NULL,NULL
4684,"Gautham Buddha Nagar","India","Uttar Pradesh","2020-04-07 17:01:02.202+00","2020-04-07 17:01:02.202+00",NULL,NULL
4685,"Manjhanpur","India","Uttar Pradesh","2020-04-07 17:01:02.326+00","2020-04-07 17:01:02.326+00",NULL,NULL
4686,"Sirathu","India","Uttar Pradesh","2020-04-07 17:01:02.365+00","2020-04-07 17:01:02.365+00",NULL,NULL
4687,"Chail","India","Uttar Pradesh","2020-04-07 17:01:02.408+00","2020-04-07 17:01:02.408+00",NULL,NULL
4688,"Jasra","India","Uttar Pradesh","2020-04-07 17:01:02.505+00","2020-04-07 17:01:02.505+00",NULL,NULL
4689,"Karari","India","Uttar Pradesh","2020-04-07 17:01:02.567+00","2020-04-07 17:01:02.567+00",NULL,NULL
4690,"Karchana","India","Uttar Pradesh","2020-04-07 17:01:02.712+00","2020-04-07 17:01:02.712+00",NULL,NULL
4691,"Khain","India","Uttar Pradesh","2020-04-07 17:01:02.746+00","2020-04-07 17:01:02.746+00",NULL,NULL
4692,"Koraon","India","Uttar Pradesh","2020-04-07 17:01:02.769+00","2020-04-07 17:01:02.769+00",NULL,NULL
4693,"Bara","India","Uttar Pradesh","2020-04-07 17:01:02.942+00","2020-04-07 17:01:02.942+00",NULL,NULL
4694,"Baraut","India","Uttar Pradesh","2020-04-07 17:01:03.786+00","2020-04-07 17:01:03.786+00",NULL,NULL
4695,"Handia","India","Uttar Pradesh","2020-04-07 17:01:03.848+00","2020-04-07 17:01:03.848+00",NULL,NULL
4696,"Soraon","India","Uttar Pradesh","2020-04-07 17:01:03.893+00","2020-04-07 17:01:03.893+00",NULL,NULL
4697,"Phulpur","India","Uttar Pradesh","2020-04-07 17:01:04.155+00","2020-04-07 17:01:04.155+00",NULL,NULL
4698,"Phaphamau","India","Uttar Pradesh","2020-04-07 17:01:04.48+00","2020-04-07 17:01:04.48+00",NULL,NULL
4699,"Sikandra","India","Uttar Pradesh","2020-04-07 17:01:04.634+00","2020-04-07 17:01:04.634+00",NULL,NULL
4700,"Ram Sanehi Ghat","India","Uttar Pradesh","2020-04-07 17:01:04.664+00","2020-04-07 17:01:04.664+00",NULL,NULL
4701,"Ramnagar","India","Uttar Pradesh","2020-04-07 17:01:04.686+00","2020-04-07 17:01:04.686+00",NULL,NULL
4702,"Haider Garh","India","Uttar Pradesh","2020-04-07 17:01:04.731+00","2020-04-07 17:01:04.731+00",NULL,NULL
4703,"Ramsanehighat","India","Uttar Pradesh","2020-04-07 17:01:04.711+00","2020-04-07 17:01:04.711+00",NULL,NULL
4704,"Nawabganj","India","Uttar Pradesh","2020-04-07 17:01:04.793+00","2020-04-07 17:01:04.793+00",NULL,NULL
4705,"Fatehpur","India","Uttar Pradesh","2020-04-07 17:01:04.822+00","2020-04-07 17:01:04.822+00",NULL,NULL
4706,"Siraul Gaus Pur","India","Uttar Pradesh","2020-04-07 17:01:05.102+00","2020-04-07 17:01:05.102+00",NULL,NULL
4707,"Sirauli Gaus Pur","India","Uttar Pradesh","2020-04-07 17:01:05.156+00","2020-04-07 17:01:05.156+00",NULL,NULL
4708,"Fateh Pur","India","Uttar Pradesh","2020-04-07 17:01:05.262+00","2020-04-07 17:01:05.262+00",NULL,NULL
4709,"Barabanki","India","Uttar Pradesh","2020-04-07 17:01:05.34+00","2020-04-07 17:01:05.34+00",NULL,NULL
4710,"Nayaganj","India","Uttar Pradesh","2020-04-07 17:01:05.384+00","2020-04-07 17:01:05.384+00",NULL,NULL
4711,"New Pac Lines","India","Uttar Pradesh","2020-04-07 17:01:05.457+00","2020-04-07 17:01:05.457+00",NULL,NULL
4712,"Nirala Nagar","India","Uttar Pradesh","2020-04-07 17:01:05.709+00","2020-04-07 17:01:05.709+00",NULL,NULL
4713,"The Mall","India","Uttar Pradesh","2020-04-07 17:01:05.752+00","2020-04-07 17:01:05.752+00",NULL,NULL
4714,"Rbi Colony","India","Uttar Pradesh","2020-04-07 17:01:05.896+00","2020-04-07 17:01:05.896+00",NULL,NULL
4715,"Jajmau","India","Uttar Pradesh","2020-04-07 17:01:05.93+00","2020-04-07 17:01:05.93+00",NULL,NULL
4716,"Shyam Nagar","India","Uttar Pradesh","2020-04-07 17:01:05.966+00","2020-04-07 17:01:05.966+00",NULL,NULL
4717,"Transport Nagar","India","Uttar Pradesh","2020-04-07 17:01:06.005+00","2020-04-07 17:01:06.005+00",NULL,NULL
4718,"Bidhnoo","India","Uttar Pradesh","2020-04-07 17:01:06.496+00","2020-04-07 17:01:06.496+00",NULL,NULL
4719,"Narwal","India","Uttar Pradesh","2020-04-07 17:01:06.531+00","2020-04-07 17:01:06.531+00",NULL,NULL
4720,"Mandhana","India","Uttar Pradesh","2020-04-07 17:01:06.567+00","2020-04-07 17:01:06.567+00",NULL,NULL
4721,"Sachendi","India","Uttar Pradesh","2020-04-07 17:01:06.605+00","2020-04-07 17:01:06.605+00",NULL,NULL
4722,"Chakarpur","India","Uttar Pradesh","2020-04-07 17:01:06.642+00","2020-04-07 17:01:06.642+00",NULL,NULL
4723,"Sarsaul","India","Uttar Pradesh","2020-04-07 17:01:06.678+00","2020-04-07 17:01:06.678+00",NULL,NULL
4724,"Csa","India","Uttar Pradesh","2020-04-07 17:01:06.714+00","2020-04-07 17:01:06.714+00",NULL,NULL
4725,"Kalpi Road","India","Uttar Pradesh","2020-04-07 17:01:06.969+00","2020-04-07 17:01:06.969+00",NULL,NULL
4726,"Vikas Nagar","India","Uttar Pradesh","2020-04-07 17:01:07.308+00","2020-04-07 17:01:07.308+00",NULL,NULL
4727,"Anwarganj","India","Uttar Pradesh","2020-04-07 17:01:07.586+00","2020-04-07 17:01:07.586+00",NULL,NULL
4728,"Fazalganj","India","Uttar Pradesh","2020-04-07 17:01:07.632+00","2020-04-07 17:01:07.632+00",NULL,NULL
4729,"Naveen Nagar","India","Uttar Pradesh","2020-04-07 17:01:08.238+00","2020-04-07 17:01:08.238+00",NULL,NULL
4730,"Panki","India","Uttar Pradesh","2020-04-07 17:01:10.09+00","2020-04-07 17:01:10.09+00",NULL,NULL
4731,"Ratan Lal Nagar","India","Uttar Pradesh","2020-04-07 17:01:10.666+00","2020-04-07 17:01:10.666+00",NULL,NULL
4732,"Sarvodaya Nagar","India","Uttar Pradesh","2020-04-07 17:01:11.172+00","2020-04-07 17:01:11.172+00",NULL,NULL
4733,"Chakeri","India","Uttar Pradesh","2020-04-07 17:01:12.261+00","2020-04-07 17:01:12.261+00",NULL,NULL
4734,"Kalyanpur","India","Uttar Pradesh","2020-04-07 17:01:12.383+00","2020-04-07 17:01:12.383+00",NULL,NULL
4735,"Indira Nagar","India","Uttar Pradesh","2020-04-07 17:01:12.422+00","2020-04-07 17:01:12.422+00",NULL,NULL
4736,"Govind Nagar","India","Uttar Pradesh","2020-04-07 17:01:12.818+00","2020-04-07 17:01:12.818+00",NULL,NULL
4737,"Mant","India","Uttar Pradesh","2020-04-07 17:01:15.675+00","2020-04-07 17:01:15.675+00",NULL,NULL
4738,"Sadabad","India","Uttar Pradesh","2020-04-07 17:01:15.719+00","2020-04-07 17:01:15.719+00",NULL,NULL
4739,"Chhata","India","Uttar Pradesh","2020-04-07 17:01:15.756+00","2020-04-07 17:01:15.756+00",NULL,NULL
4740,"Sadabad","India","Uttar Pradesh","2020-04-07 17:01:16.06+00","2020-04-07 17:01:16.06+00",NULL,NULL
4741,"Chunar","India","Uttar Pradesh","2020-04-07 17:01:16.358+00","2020-04-07 17:01:16.358+00",NULL,NULL
4742,"Mirzapur","India","Uttar Pradesh","2020-04-07 17:01:16.395+00","2020-04-07 17:01:16.395+00",NULL,NULL
4743,"Sonbhadra","India","Uttar Pradesh","2020-04-07 17:01:16.614+00","2020-04-07 17:01:16.614+00",NULL,NULL
4744,"Mirzapur Sadar","India","Uttar Pradesh","2020-04-07 17:01:16.663+00","2020-04-07 17:01:16.663+00",NULL,NULL
4745,"Mirzapur Sadar","India","Uttar Pradesh","2020-04-07 17:01:16.708+00","2020-04-07 17:01:16.708+00",NULL,NULL
4746,"Sadar","India","Uttar Pradesh","2020-04-07 17:01:16.834+00","2020-04-07 17:01:16.834+00",NULL,NULL
4747,"Dudhi","India","Uttar Pradesh","2020-04-07 17:01:17.1+00","2020-04-07 17:01:17.1+00",NULL,NULL
4748,"Sadar","India","Uttar Pradesh","2020-04-07 17:01:17.237+00","2020-04-07 17:01:17.237+00",NULL,NULL
4749,"Robertsganj","India","Uttar Pradesh","2020-04-07 17:01:17.294+00","2020-04-07 17:01:17.294+00",NULL,NULL
4750,"Sitapur","India","Uttar Pradesh","2020-04-07 17:01:17.333+00","2020-04-07 17:01:17.333+00",NULL,NULL
4751,"Unnao","India","Uttar Pradesh","2020-04-07 17:01:17.351+00","2020-04-07 17:01:17.351+00",NULL,NULL
4752,"Pallia","India","Uttar Pradesh","2020-04-07 17:01:17.43+00","2020-04-07 17:01:17.43+00",NULL,NULL
4753,"Agra","India","Uttar Pradesh","2020-04-07 17:01:17.376+00","2020-04-07 17:01:17.376+00",NULL,NULL
4754,"Bahraich","India","Uttar Pradesh","2020-04-07 17:01:17.683+00","2020-04-07 17:01:17.683+00",NULL,NULL
4755,"deoria","India","Uttar Pradesh","2020-04-07 17:01:17.695+00","2020-04-07 17:01:17.695+00",NULL,NULL
4756,"Nichlaul","India","Uttar Pradesh","2020-04-07 17:01:17.743+00","2020-04-07 17:01:17.743+00",NULL,NULL
4757,"Nautanwa","India","Uttar Pradesh","2020-04-07 17:01:17.779+00","2020-04-07 17:01:17.779+00",NULL,NULL
4758,"Pharenda","India","Uttar Pradesh","2020-04-07 17:01:17.815+00","2020-04-07 17:01:17.815+00",NULL,NULL
4759,"Campeirganj","India","Uttar Pradesh","2020-04-07 17:01:18.146+00","2020-04-07 17:01:18.146+00",NULL,NULL
4760,"Maharajganj","India","Uttar Pradesh","2020-04-07 17:01:18.165+00","2020-04-07 17:01:18.165+00",NULL,NULL
4761,"Gorakhpur Sadar","India","Uttar Pradesh","2020-04-07 17:01:18.323+00","2020-04-07 17:01:18.323+00",NULL,NULL
4762,"Raebareli","India","Uttar Pradesh","2020-04-07 17:01:18.351+00","2020-04-07 17:01:18.351+00",NULL,NULL
4763,"Salempur","India","Uttar Pradesh","2020-04-07 17:01:18.611+00","2020-04-07 17:01:18.611+00",NULL,NULL
4764,"Pratapgarh","India","Uttar Pradesh","2020-04-07 17:01:18.568+00","2020-04-07 17:01:18.568+00",NULL,NULL
4765,"Dadri","India","Uttar Pradesh","2020-04-07 17:01:18.652+00","2020-04-07 17:01:18.652+00",NULL,NULL
4766,"Sadar","India","Uttar Pradesh","2020-04-07 17:01:18.773+00","2020-04-07 17:01:18.773+00",NULL,NULL
4767,"Deoband","India","Uttar Pradesh","2020-04-07 17:01:18.832+00","2020-04-07 17:01:18.832+00",NULL,NULL
4768,"Najibabad","India","Uttar Pradesh","2020-04-07 17:01:18.886+00","2020-04-07 17:01:18.886+00",NULL,NULL
4769,"Loni","India","Uttar Pradesh","2020-04-07 17:01:18.935+00","2020-04-07 17:01:18.935+00",NULL,NULL
4770,"Mau","India","Uttar Pradesh","2020-04-07 17:01:18.973+00","2020-04-07 17:01:18.973+00",NULL,NULL
4771,"Hapur","India","Uttar Pradesh","2020-04-07 17:01:19.115+00","2020-04-07 17:01:19.115+00",NULL,NULL
4772,"Ikauna","India","Uttar Pradesh","2020-04-07 17:01:19.162+00","2020-04-07 17:01:19.162+00",NULL,NULL
4773,"G B nagar","India","Uttar Pradesh","2020-04-07 17:01:19.214+00","2020-04-07 17:01:19.214+00",NULL,NULL
4774,"Jansath","India","Uttar Pradesh","2020-04-07 17:01:19.254+00","2020-04-07 17:01:19.254+00",NULL,NULL
4775,"Dhampur","India","Uttar Pradesh","2020-04-07 17:01:19.306+00","2020-04-07 17:01:19.306+00",NULL,NULL
4776,"Patti","India","Uttar Pradesh","2020-04-07 17:01:19.382+00","2020-04-07 17:01:19.382+00",NULL,NULL
4777,"Moradabad Thehsil","India","Uttar Pradesh","2020-04-07 17:01:19.395+00","2020-04-07 17:01:19.395+00",NULL,NULL
4778,"Jhansi","India","Uttar Pradesh","2020-04-07 17:01:19.413+00","2020-04-07 17:01:19.413+00",NULL,NULL
4779,"Chitrakoot","India","Uttar Pradesh","2020-04-07 17:01:19.508+00","2020-04-07 17:01:19.508+00",NULL,NULL
4780,"Burhanpur","India","Uttar Pradesh","2020-04-07 17:01:19.516+00","2020-04-07 17:01:19.516+00",NULL,NULL
4781,"Naugarh","India","Uttar Pradesh","2020-04-07 17:01:19.609+00","2020-04-07 17:01:19.609+00",NULL,NULL
4782,"Sadar","India","Uttar Pradesh","2020-04-07 17:01:19.792+00","2020-04-07 17:01:19.792+00",NULL,NULL
4783,"Sadar","India","Uttar Pradesh","2020-04-07 17:01:19.828+00","2020-04-07 17:01:19.828+00",NULL,NULL
4784,"Ballia","India","Uttar Pradesh","2020-04-07 17:01:19.836+00","2020-04-07 17:01:19.836+00",NULL,NULL
4785,"Rasra","India","Uttar Pradesh","2020-04-07 17:01:19.874+00","2020-04-07 17:01:19.874+00",NULL,NULL
4786,"Pilibhit","India","Uttar Pradesh","2020-04-07 17:01:19.933+00","2020-04-07 17:01:19.933+00",NULL,NULL
4787,"Basti","India","Uttar Pradesh","2020-04-07 17:01:19.942+00","2020-04-07 17:01:19.942+00",NULL,NULL
4788,"Bulandshahr","India","Uttar Pradesh","2020-04-07 17:01:19.968+00","2020-04-07 17:01:19.968+00",NULL,NULL
4789,"Khurja","India","Uttar Pradesh","2020-04-07 17:01:20.005+00","2020-04-07 17:01:20.005+00",NULL,NULL
4790,"Etah","India","Uttar Pradesh","2020-04-07 17:01:20.283+00","2020-04-07 17:01:20.283+00",NULL,NULL
4791,"Etawah","India","Uttar Pradesh","2020-04-07 17:01:20.291+00","2020-04-07 17:01:20.291+00",NULL,NULL
4792,"Auraiya","India","Uttar Pradesh","2020-04-07 17:01:20.519+00","2020-04-07 17:01:20.519+00",NULL,NULL
4793,"Faizabad","India","Uttar Pradesh","2020-04-07 17:01:20.561+00","2020-04-07 17:01:20.561+00",NULL,NULL
4794,"Akbarpur","India","Uttar Pradesh","2020-04-07 17:01:20.57+00","2020-04-07 17:01:20.57+00",NULL,NULL
4795,"Fatehpur","India","Uttar Pradesh","2020-04-07 17:01:20.578+00","2020-04-07 17:01:20.578+00",NULL,NULL
4796,"Gonda","India","Uttar Pradesh","2020-04-07 17:01:20.827+00","2020-04-07 17:01:20.827+00",NULL,NULL
4797,"Balrampur","India","Uttar Pradesh","2020-04-07 17:01:20.835+00","2020-04-07 17:01:20.835+00",NULL,NULL
4798,"Orai","India","Uttar Pradesh","2020-04-07 17:01:20.863+00","2020-04-07 17:01:20.863+00",NULL,NULL
4799,"Lalitpur","India","Uttar Pradesh","2020-04-07 17:01:20.871+00","2020-04-07 17:01:20.871+00",NULL,NULL
4800,"Lakhimpur","India","Uttar Pradesh","2020-04-07 17:01:21.257+00","2020-04-07 17:01:21.257+00",NULL,NULL
4801,"Mainpuri","India","Uttar Pradesh","2020-04-07 17:01:21.27+00","2020-04-07 17:01:21.27+00",NULL,NULL
4802,"Firozabad","India","Uttar Pradesh","2020-04-07 17:01:21.279+00","2020-04-07 17:01:21.279+00",NULL,NULL
4803,"Baraut","India","Uttar Pradesh","2020-04-07 17:01:21.292+00","2020-04-07 17:01:21.292+00",NULL,NULL
4804,"Moradabad","India","Uttar Pradesh","2020-04-07 17:01:21.344+00","2020-04-07 17:01:21.344+00",NULL,NULL
4805,"Rampur","India","Uttar Pradesh","2020-04-07 17:01:21.352+00","2020-04-07 17:01:21.352+00",NULL,NULL
4806,"Amroha","India","Uttar Pradesh","2020-04-07 17:01:21.36+00","2020-04-07 17:01:21.36+00",NULL,NULL
4807,"Raebarely","India","Uttar Pradesh","2020-04-07 17:01:21.406+00","2020-04-07 17:01:21.406+00",NULL,NULL
4808,"Sultanpur Sadar","India","Uttar Pradesh","2020-04-07 17:01:21.664+00","2020-04-07 17:01:21.664+00",NULL,NULL
4809,"Amethi","India","Uttar Pradesh","2020-04-07 17:01:21.71+00","2020-04-07 17:01:21.71+00",NULL,NULL
4810,"Keragarh","India","Uttar Pradesh","2020-04-07 17:01:21.752+00","2020-04-07 17:01:21.752+00",NULL,NULL
4811,"Etmadpur","India","Uttar Pradesh","2020-04-07 17:01:21.803+00","2020-04-07 17:01:21.803+00",NULL,NULL
4812,"Bah","India","Uttar Pradesh","2020-04-07 17:01:22.046+00","2020-04-07 17:01:22.046+00",NULL,NULL
4813,"Kheragarh","India","Uttar Pradesh","2020-04-07 17:01:23.536+00","2020-04-07 17:01:23.536+00",NULL,NULL
4814,"Kiraoli","India","Uttar Pradesh","2020-04-07 17:01:24.35+00","2020-04-07 17:01:24.35+00",NULL,NULL
4815,"Kaiserganj","India","Uttar Pradesh","2020-04-07 17:01:25.942+00","2020-04-07 17:01:25.942+00",NULL,NULL
4816,"Mahasi","India","Uttar Pradesh","2020-04-07 17:01:26.744+00","2020-04-07 17:01:26.744+00",NULL,NULL
4817,"Mahasi **","India","Uttar Pradesh","2020-04-07 17:01:27.923+00","2020-04-07 17:01:27.923+00",NULL,NULL
4818,"Nanpara","India","Uttar Pradesh","2020-04-07 17:01:28.173+00","2020-04-07 17:01:28.173+00",NULL,NULL
4819,"Kaisarganj","India","Uttar Pradesh","2020-04-07 17:01:28.441+00","2020-04-07 17:01:28.441+00",NULL,NULL
4820,"Payagpur **","India","Uttar Pradesh","2020-04-07 17:01:29.846+00","2020-04-07 17:01:29.846+00",NULL,NULL
4821,"Phoolpur","India","Uttar Pradesh","2020-04-07 17:01:37.809+00","2020-04-07 17:01:37.809+00",NULL,NULL
4822,"Nizamabad","India","Uttar Pradesh","2020-04-07 17:01:38.058+00","2020-04-07 17:01:38.058+00",NULL,NULL
4823,"Azamgarh","India","Uttar Pradesh","2020-04-07 17:01:38.114+00","2020-04-07 17:01:38.114+00",NULL,NULL
4824,"Sagari","India","Uttar Pradesh","2020-04-07 17:01:38.534+00","2020-04-07 17:01:38.534+00",NULL,NULL
4825,"Mehnagar **","India","Uttar Pradesh","2020-04-07 17:01:39.659+00","2020-04-07 17:01:39.659+00",NULL,NULL
4826,"Budan Pur","India","Uttar Pradesh","2020-04-07 17:01:39.775+00","2020-04-07 17:01:39.775+00",NULL,NULL
4827,"Phool Pur","India","Uttar Pradesh","2020-04-07 17:01:40.565+00","2020-04-07 17:01:40.565+00",NULL,NULL
4828,"Phool Pur.","India","Uttar Pradesh","2020-04-07 17:01:40.704+00","2020-04-07 17:01:40.704+00",NULL,NULL
4829,"Lal Ganj","India","Uttar Pradesh","2020-04-07 17:01:41.638+00","2020-04-07 17:01:41.638+00",NULL,NULL
4830,"Ghosi","India","Uttar Pradesh","2020-04-07 17:01:41.796+00","2020-04-07 17:01:41.796+00",NULL,NULL
4831,"Maunath Bhanjan","India","Uttar Pradesh","2020-04-07 17:01:42.066+00","2020-04-07 17:01:42.066+00",NULL,NULL
4832,"M.b. Gohana","India","Uttar Pradesh","2020-04-07 17:01:42.129+00","2020-04-07 17:01:42.129+00",NULL,NULL
4833,"Sadar Mau","India","Uttar Pradesh","2020-04-07 17:01:42.616+00","2020-04-07 17:01:42.616+00",NULL,NULL
4834,"Lalganj","India","Uttar Pradesh","2020-04-07 17:01:42.76+00","2020-04-07 17:01:42.76+00",NULL,NULL
4835,"M.b. Gohna","India","Uttar Pradesh","2020-04-07 17:01:43.594+00","2020-04-07 17:01:43.594+00",NULL,NULL
4836,"Phulpur","India","Uttar Pradesh","2020-04-07 17:01:45.996+00","2020-04-07 17:01:45.996+00",NULL,NULL
4837,"Lalganj","India","Uttar Pradesh","2020-04-07 17:01:47.679+00","2020-04-07 17:01:47.679+00",NULL,NULL
4838,"Mehnagar","India","Uttar Pradesh","2020-04-07 17:01:49.788+00","2020-04-07 17:01:49.788+00",NULL,NULL
4839,"Sagri","India","Uttar Pradesh","2020-04-07 17:01:51.735+00","2020-04-07 17:01:51.735+00",NULL,NULL
4840,"Madhuban","India","Uttar Pradesh","2020-04-07 17:01:52.114+00","2020-04-07 17:01:52.114+00",NULL,NULL
4841,"Azamgarh","India","Uttar Pradesh","2020-04-07 17:01:55.026+00","2020-04-07 17:01:55.026+00",NULL,NULL
4842,"BHARSAR","India","Uttar Pradesh","2020-04-07 17:01:55.269+00","2020-04-07 17:01:55.269+00",NULL,NULL
4843,"HALDI","India","Uttar Pradesh","2020-04-07 17:01:55.299+00","2020-04-07 17:01:55.299+00",NULL,NULL
4844,"Bairia","India","Uttar Pradesh","2020-04-07 17:01:55.375+00","2020-04-07 17:01:55.375+00",NULL,NULL
4845,"Bansdih","India","Uttar Pradesh","2020-04-07 17:01:55.507+00","2020-04-07 17:01:55.507+00",NULL,NULL
4846,"Sikandarpur","India","Uttar Pradesh","2020-04-07 17:01:55.567+00","2020-04-07 17:01:55.567+00",NULL,NULL
4847,"Bilthara Road","India","Uttar Pradesh","2020-04-07 17:01:55.612+00","2020-04-07 17:01:55.612+00",NULL,NULL
4848,"Sikandarour","India","Uttar Pradesh","2020-04-07 17:01:55.714+00","2020-04-07 17:01:55.714+00",NULL,NULL
4849,"Bilthra Road","India","Uttar Pradesh","2020-04-07 17:01:57.737+00","2020-04-07 17:01:57.737+00",NULL,NULL
4850,"Sikanderpur","India","Uttar Pradesh","2020-04-07 17:01:58.666+00","2020-04-07 17:01:58.666+00",NULL,NULL
4851,"Hamirpur","India","Uttar Pradesh","2020-04-07 17:01:59.195+00","2020-04-07 17:01:59.195+00",NULL,NULL
4852,"Banda","India","Uttar Pradesh","2020-04-07 17:01:59.561+00","2020-04-07 17:01:59.561+00",NULL,NULL
4853,"Aonla","India","Uttar Pradesh","2020-04-07 17:02:07.324+00","2020-04-07 17:02:07.324+00",NULL,NULL
4854,"Baheri","India","Uttar Pradesh","2020-04-07 17:02:07.413+00","2020-04-07 17:02:07.413+00",NULL,NULL
4855,"Barkhera","India","Uttar Pradesh","2020-04-07 17:02:07.742+00","2020-04-07 17:02:07.742+00",NULL,NULL
4856,"Bisalpur","India","Uttar Pradesh","2020-04-07 17:02:07.799+00","2020-04-07 17:02:07.799+00",NULL,NULL
4857,"Faridpur","India","Uttar Pradesh","2020-04-07 17:02:08.122+00","2020-04-07 17:02:08.122+00",NULL,NULL
4858,"Pooranpur","India","Uttar Pradesh","2020-04-07 17:02:08.769+00","2020-04-07 17:02:08.769+00",NULL,NULL
4859,"Nawabganj","India","Uttar Pradesh","2020-04-07 17:02:10.262+00","2020-04-07 17:02:10.262+00",NULL,NULL
4860,"Puranpur","India","Uttar Pradesh","2020-04-07 17:02:11.576+00","2020-04-07 17:02:11.576+00",NULL,NULL
4861,"Meerganj","India","Uttar Pradesh","2020-04-07 17:02:12.261+00","2020-04-07 17:02:12.261+00",NULL,NULL
4862,"Domariaganj","India","Uttar Pradesh","2020-04-07 17:02:12.646+00","2020-04-07 17:02:12.646+00",NULL,NULL
4863,"Harraiya","India","Uttar Pradesh","2020-04-07 17:02:13.096+00","2020-04-07 17:02:13.096+00",NULL,NULL
4864,"Itwa","India","Uttar Pradesh","2020-04-07 17:02:13.739+00","2020-04-07 17:02:13.739+00",NULL,NULL
4865,"Bhanpur","India","Uttar Pradesh","2020-04-07 17:02:13.789+00","2020-04-07 17:02:13.789+00",NULL,NULL
4866,"Bansi","India","Uttar Pradesh","2020-04-07 17:02:13.83+00","2020-04-07 17:02:13.83+00",NULL,NULL
4867,"Shohratgarh","India","Uttar Pradesh","2020-04-07 17:02:14.263+00","2020-04-07 17:02:14.263+00",NULL,NULL
4868,"Basti Sadar","India","Uttar Pradesh","2020-04-07 17:02:14.605+00","2020-04-07 17:02:14.605+00",NULL,NULL
4869,"Dhanghata","India","Uttar Pradesh","2020-04-07 17:02:15.669+00","2020-04-07 17:02:15.669+00",NULL,NULL
4870,"Khalilabad","India","Uttar Pradesh","2020-04-07 17:02:16.672+00","2020-04-07 17:02:16.672+00",NULL,NULL
4871,"Sant Kabir Nagar","India","Uttar Pradesh","2020-04-07 17:02:16.817+00","2020-04-07 17:02:16.817+00",NULL,NULL
4872,"Menhdawal","India","Uttar Pradesh","2020-04-07 17:02:18.799+00","2020-04-07 17:02:18.799+00",NULL,NULL
4873,"Menhdawal","India","Uttar Pradesh","2020-04-07 17:02:19.333+00","2020-04-07 17:02:19.333+00",NULL,NULL
4874,"Basti East","India","Uttar Pradesh","2020-04-07 17:02:19.757+00","2020-04-07 17:02:19.757+00",NULL,NULL
4875,"Nagina","India","Uttar Pradesh","2020-04-07 17:02:20.994+00","2020-04-07 17:02:20.994+00",NULL,NULL
4876,"Bilsi","India","Uttar Pradesh","2020-04-07 17:02:22.222+00","2020-04-07 17:02:22.222+00",NULL,NULL
4877,"Gunnaur","India","Uttar Pradesh","2020-04-07 17:02:22.263+00","2020-04-07 17:02:22.263+00",NULL,NULL
4878,"Dataganj","India","Uttar Pradesh","2020-04-07 17:02:22.302+00","2020-04-07 17:02:22.302+00",NULL,NULL
4879,"Sahaswan","India","Uttar Pradesh","2020-04-07 17:02:22.338+00","2020-04-07 17:02:22.338+00",NULL,NULL
4880,"Bisuali","India","Uttar Pradesh","2020-04-07 17:02:23.09+00","2020-04-07 17:02:23.09+00",NULL,NULL
4881,"Gunnour","India","Uttar Pradesh","2020-04-07 17:02:23.347+00","2020-04-07 17:02:23.347+00",NULL,NULL
4882,"Bisauli","India","Uttar Pradesh","2020-04-07 17:02:24.827+00","2020-04-07 17:02:24.827+00",NULL,NULL
4883,"Anupshahr","India","Uttar Pradesh","2020-04-07 17:02:25.797+00","2020-04-07 17:02:25.797+00",NULL,NULL
4884,"Siyana","India","Uttar Pradesh","2020-04-07 17:02:26.491+00","2020-04-07 17:02:26.491+00",NULL,NULL
4885,"Sikandrabad","India","Uttar Pradesh","2020-04-07 17:02:26.642+00","2020-04-07 17:02:26.642+00",NULL,NULL
4886,"Anupshaher","India","Uttar Pradesh","2020-04-07 17:02:26.862+00","2020-04-07 17:02:26.862+00",NULL,NULL
4887,"Goutam  Budd  Nagar","India","Uttar Pradesh","2020-04-07 17:02:26.899+00","2020-04-07 17:02:26.899+00",NULL,NULL
4888,"Goutam Budd Nagar","India","Uttar Pradesh","2020-04-07 17:02:26.935+00","2020-04-07 17:02:26.935+00",NULL,NULL
4889,"Shikarpur","India","Uttar Pradesh","2020-04-07 17:02:27.424+00","2020-04-07 17:02:27.424+00",NULL,NULL
4890,"Debai","India","Uttar Pradesh","2020-04-07 17:02:28.068+00","2020-04-07 17:02:28.068+00",NULL,NULL
4891,"Jewer","India","Uttar Pradesh","2020-04-07 17:02:28.559+00","2020-04-07 17:02:28.559+00",NULL,NULL
4892,"Jewer","India","Uttar Pradesh","2020-04-07 17:02:29.386+00","2020-04-07 17:02:29.386+00",NULL,NULL
4893,"Sikandrabad","India","Uttar Pradesh","2020-04-07 17:02:29.462+00","2020-04-07 17:02:29.462+00",NULL,NULL
4894,"Deoria Sadar","India","Uttar Pradesh","2020-04-07 17:02:30.98+00","2020-04-07 17:02:30.98+00",NULL,NULL
4895,"Rudrapur","India","Uttar Pradesh","2020-04-07 17:02:31.016+00","2020-04-07 17:02:31.016+00",NULL,NULL
4896,"Padrauna","India","Uttar Pradesh","2020-04-07 17:02:32.244+00","2020-04-07 17:02:32.244+00",NULL,NULL
4897,"Tamkuhi","India","Uttar Pradesh","2020-04-07 17:02:32.286+00","2020-04-07 17:02:32.286+00",NULL,NULL
4898,"Hata","India","Uttar Pradesh","2020-04-07 17:02:32.323+00","2020-04-07 17:02:32.323+00",NULL,NULL
4899,"Barhaj **","India","Uttar Pradesh","2020-04-07 17:02:33.597+00","2020-04-07 17:02:33.597+00",NULL,NULL
4900,"Bhatpar Rani","India","Uttar Pradesh","2020-04-07 17:02:37.397+00","2020-04-07 17:02:37.397+00",NULL,NULL
4901,"Tamkuhi Raj","India","Uttar Pradesh","2020-04-07 17:02:41.545+00","2020-04-07 17:02:41.545+00",NULL,NULL
4902,"Barhaj","India","Uttar Pradesh","2020-04-07 17:02:44.211+00","2020-04-07 17:02:44.211+00",NULL,NULL
4903,"Bhatpar Rani **","India","Uttar Pradesh","2020-04-07 17:02:45.46+00","2020-04-07 17:02:45.46+00",NULL,NULL
4904,"Aliganj","India","Uttar Pradesh","2020-04-07 17:02:46.788+00","2020-04-07 17:02:46.788+00",NULL,NULL
4905,"Kasganj","India","Uttar Pradesh","2020-04-07 17:02:48.307+00","2020-04-07 17:02:48.307+00",NULL,NULL
4906,"Patiali","India","Uttar Pradesh","2020-04-07 17:02:48.68+00","2020-04-07 17:02:48.68+00",NULL,NULL
4907,"Jalesar","India","Uttar Pradesh","2020-04-07 17:02:48.723+00","2020-04-07 17:02:48.723+00",NULL,NULL
4908,"Patiyali","India","Uttar Pradesh","2020-04-07 17:02:51.265+00","2020-04-07 17:02:51.265+00",NULL,NULL
4909,"Bharthana","India","Uttar Pradesh","2020-04-07 17:02:54.736+00","2020-04-07 17:02:54.736+00",NULL,NULL
4910,"Saifai","India","Uttar Pradesh","2020-04-07 17:02:55.078+00","2020-04-07 17:02:55.078+00",NULL,NULL
4911,"Bharthna","India","Uttar Pradesh","2020-04-07 17:02:55.232+00","2020-04-07 17:02:55.232+00",NULL,NULL
4912,"Bidhuna","India","Uttar Pradesh","2020-04-07 17:02:55.295+00","2020-04-07 17:02:55.295+00",NULL,NULL
4913,"Chakar Nagar","India","Uttar Pradesh","2020-04-07 17:02:56.319+00","2020-04-07 17:02:56.319+00",NULL,NULL
4914,"Jaswant Nagar","India","Uttar Pradesh","2020-04-07 17:02:56.978+00","2020-04-07 17:02:56.978+00",NULL,NULL
4915,"Bikapur","India","Uttar Pradesh","2020-04-07 17:02:57.968+00","2020-04-07 17:02:57.968+00",NULL,NULL
4916,"Jalalpur","India","Uttar Pradesh","2020-04-07 17:02:58.234+00","2020-04-07 17:02:58.234+00",NULL,NULL
4917,"Milkipur","India","Uttar Pradesh","2020-04-07 17:02:58.348+00","2020-04-07 17:02:58.348+00",NULL,NULL
4918,"Allapur **","India","Uttar Pradesh","2020-04-07 17:02:58.491+00","2020-04-07 17:02:58.491+00",NULL,NULL
4919,"Tanda","India","Uttar Pradesh","2020-04-07 17:02:58.554+00","2020-04-07 17:02:58.554+00",NULL,NULL
4920,"Sohawal","India","Uttar Pradesh","2020-04-07 17:02:58.638+00","2020-04-07 17:02:58.638+00",NULL,NULL
4921,"Alapur","India","Uttar Pradesh","2020-04-07 17:02:58.691+00","2020-04-07 17:02:58.691+00",NULL,NULL
4922,"Akberpur","India","Uttar Pradesh","2020-04-07 17:03:01.388+00","2020-04-07 17:03:01.388+00",NULL,NULL
4923,"Akbarur","India","Uttar Pradesh","2020-04-07 17:03:01.751+00","2020-04-07 17:03:01.751+00",NULL,NULL
4924,"Modinagar","India","Uttar Pradesh","2020-04-07 17:03:11.369+00","2020-04-07 17:03:11.369+00",NULL,NULL
4925,"Mohammedabad","India","Uttar Pradesh","2020-04-07 17:03:14.829+00","2020-04-07 17:03:14.829+00",NULL,NULL
4926,"Jakhania","India","Uttar Pradesh","2020-04-07 17:03:15.175+00","2020-04-07 17:03:15.175+00",NULL,NULL
4927,"Mohammadabad","India","Uttar Pradesh","2020-04-07 17:03:15.411+00","2020-04-07 17:03:15.411+00",NULL,NULL
4928,"Balrampur","India","Uttar Pradesh","2020-04-07 17:03:19.863+00","2020-04-07 17:03:19.863+00",NULL,NULL
4929,"Colonelganj","India","Uttar Pradesh","2020-04-07 17:03:20.031+00","2020-04-07 17:03:20.031+00",NULL,NULL
4930,"Utraula","India","Uttar Pradesh","2020-04-07 17:03:20.654+00","2020-04-07 17:03:20.654+00",NULL,NULL
4931,"Tarabganj","India","Uttar Pradesh","2020-04-07 17:03:20.708+00","2020-04-07 17:03:20.708+00",NULL,NULL
4932,"Tulsipur","India","Uttar Pradesh","2020-04-07 17:03:20.769+00","2020-04-07 17:03:20.769+00",NULL,NULL
4933,"Mankapur","India","Uttar Pradesh","2020-04-07 17:03:20.857+00","2020-04-07 17:03:20.857+00",NULL,NULL
4934,"Tarbganj","India","Uttar Pradesh","2020-04-07 17:03:21.659+00","2020-04-07 17:03:21.659+00",NULL,NULL
4935,"Mahrajganj","India","Uttar Pradesh","2020-04-07 17:03:29.395+00","2020-04-07 17:03:29.395+00",NULL,NULL
4936,"Nidhlaul","India","Uttar Pradesh","2020-04-07 17:03:29.504+00","2020-04-07 17:03:29.504+00",NULL,NULL
4937,"Gola","India","Uttar Pradesh","2020-04-07 17:03:30.018+00","2020-04-07 17:03:30.018+00",NULL,NULL
4938,"Farenda","India","Uttar Pradesh","2020-04-07 17:03:30.069+00","2020-04-07 17:03:30.069+00",NULL,NULL
4939,"Campierganj","India","Uttar Pradesh","2020-04-07 17:03:30.12+00","2020-04-07 17:03:30.12+00",NULL,NULL
4940,"Nautanawa","India","Uttar Pradesh","2020-04-07 17:03:30.378+00","2020-04-07 17:03:30.378+00",NULL,NULL
4941,"Chauri Chaura","India","Uttar Pradesh","2020-04-07 17:03:30.432+00","2020-04-07 17:03:30.432+00",NULL,NULL
4942,"Sadar","India","Uttar Pradesh","2020-04-07 17:03:30.481+00","2020-04-07 17:03:30.481+00",NULL,NULL
4943,"Bansgaon","India","Uttar Pradesh","2020-04-07 17:03:30.529+00","2020-04-07 17:03:30.529+00",NULL,NULL
4944,"Bhowapar","India","Uttar Pradesh","2020-04-07 17:03:30.626+00","2020-04-07 17:03:30.626+00",NULL,NULL
4945,"Basgaon","India","Uttar Pradesh","2020-04-07 17:03:32.036+00","2020-04-07 17:03:32.036+00",NULL,NULL
4946,"Sader","India","Uttar Pradesh","2020-04-07 17:03:33.621+00","2020-04-07 17:03:33.621+00",NULL,NULL
4947,"Khajni","India","Uttar Pradesh","2020-04-07 17:03:35.71+00","2020-04-07 17:03:35.71+00",NULL,NULL
4948,"Khajani","India","Uttar Pradesh","2020-04-07 17:03:39.119+00","2020-04-07 17:03:39.119+00",NULL,NULL
4949,"Garautha","India","Uttar Pradesh","2020-04-07 17:03:42.342+00","2020-04-07 17:03:42.342+00",NULL,NULL
4950,"Moth","India","Uttar Pradesh","2020-04-07 17:03:42.385+00","2020-04-07 17:03:42.385+00",NULL,NULL
4951,"Mauranipur","India","Uttar Pradesh","2020-04-07 17:03:42.433+00","2020-04-07 17:03:42.433+00",NULL,NULL
4952,"Mahroni","India","Uttar Pradesh","2020-04-07 17:03:42.486+00","2020-04-07 17:03:42.486+00",NULL,NULL
4953,"Kalpi","India","Uttar Pradesh","2020-04-07 17:03:42.552+00","2020-04-07 17:03:42.552+00",NULL,NULL
4954,"Jalaun","India","Uttar Pradesh","2020-04-07 17:03:42.594+00","2020-04-07 17:03:42.594+00",NULL,NULL
4955,"Konch","India","Uttar Pradesh","2020-04-07 17:03:42.65+00","2020-04-07 17:03:42.65+00",NULL,NULL
4956,"Madhogarh","India","Uttar Pradesh","2020-04-07 17:03:42.698+00","2020-04-07 17:03:42.698+00",NULL,NULL
4957,"Mehroni","India","Uttar Pradesh","2020-04-07 17:03:44.846+00","2020-04-07 17:03:44.846+00",NULL,NULL
4958,"Rasulabad","India","Uttar Pradesh","2020-04-07 17:03:49.668+00","2020-04-07 17:03:49.668+00",NULL,NULL
4959,"Bilhaur","India","Uttar Pradesh","2020-04-07 17:03:49.795+00","2020-04-07 17:03:49.795+00",NULL,NULL
4960,"Kanpur Dehat","India","Uttar Pradesh","2020-04-07 17:03:49.883+00","2020-04-07 17:03:49.883+00",NULL,NULL
4961,"Shivrajpur","India","Uttar Pradesh","2020-04-07 17:03:49.943+00","2020-04-07 17:03:49.943+00",NULL,NULL
4962,"Purwa","India","Uttar Pradesh","2020-04-07 17:03:50.423+00","2020-04-07 17:03:50.423+00",NULL,NULL
4963,"Knpur Dehat","India","Uttar Pradesh","2020-04-07 17:03:53.073+00","2020-04-07 17:03:53.073+00",NULL,NULL
4964,"Chaubepur","India","Uttar Pradesh","2020-04-07 17:03:53.189+00","2020-04-07 17:03:53.189+00",NULL,NULL
4965,"Amraudha","India","Uttar Pradesh","2020-04-07 17:03:53.363+00","2020-04-07 17:03:53.363+00",NULL,NULL
4966,"Jhinjhak","India","Uttar Pradesh","2020-04-07 17:03:56.087+00","2020-04-07 17:03:56.087+00",NULL,NULL
4967,"Akbarpur","India","Uttar Pradesh","2020-04-07 17:03:57.579+00","2020-04-07 17:03:57.579+00",NULL,NULL
4968,"KANPUR","India","Uttar Pradesh","2020-04-07 17:03:57.95+00","2020-04-07 17:03:57.95+00",NULL,NULL
4969,"Pukhraayan","India","Uttar Pradesh","2020-04-07 17:03:58.627+00","2020-04-07 17:03:58.627+00",NULL,NULL
4970,"Rura","India","Uttar Pradesh","2020-04-07 17:03:59.303+00","2020-04-07 17:03:59.303+00",NULL,NULL
4971,"Unnaao","India","Uttar Pradesh","2020-04-07 17:04:02.08+00","2020-04-07 17:04:02.08+00",NULL,NULL
4972,"Sikandra","India","Uttar Pradesh","2020-04-07 17:04:04.575+00","2020-04-07 17:04:04.575+00",NULL,NULL
4973,"Uttaripura","India","Uttar Pradesh","2020-04-07 17:04:04.725+00","2020-04-07 17:04:04.725+00",NULL,NULL
4974,"Nighasan","India","Uttar Pradesh","2020-04-07 17:04:05.69+00","2020-04-07 17:04:05.69+00",NULL,NULL
4975,"Gola","India","Uttar Pradesh","2020-04-07 17:04:05.729+00","2020-04-07 17:04:05.729+00",NULL,NULL
4976,"Mohammdi","India","Uttar Pradesh","2020-04-07 17:04:05.77+00","2020-04-07 17:04:05.77+00",NULL,NULL
4977,"Palia","India","Uttar Pradesh","2020-04-07 17:04:05.826+00","2020-04-07 17:04:05.826+00",NULL,NULL
4978,"Gola Gokaran Nath","India","Uttar Pradesh","2020-04-07 17:04:06.222+00","2020-04-07 17:04:06.222+00",NULL,NULL
4979,"Malihabad","India","Uttar Pradesh","2020-04-07 17:04:08.215+00","2020-04-07 17:04:08.215+00",NULL,NULL
4980,"Bakshi Ka Ta","India","Uttar Pradesh","2020-04-07 17:04:08.345+00","2020-04-07 17:04:08.345+00",NULL,NULL
4981,"Mohanlalganj","India","Uttar Pradesh","2020-04-07 17:04:08.39+00","2020-04-07 17:04:08.39+00",NULL,NULL
4982,"Bakshi Ka Talab","India","Uttar Pradesh","2020-04-07 17:04:08.464+00","2020-04-07 17:04:08.464+00",NULL,NULL
4983,"Karahal","India","Uttar Pradesh","2020-04-07 17:04:09.146+00","2020-04-07 17:04:09.146+00",NULL,NULL
4984,"Karhal","India","Uttar Pradesh","2020-04-07 17:04:10.242+00","2020-04-07 17:04:10.242+00",NULL,NULL
4985,"Bhogaon","India","Uttar Pradesh","2020-04-07 17:04:10.301+00","2020-04-07 17:04:10.301+00",NULL,NULL
4986,"Bhongaon","India","Uttar Pradesh","2020-04-07 17:04:10.359+00","2020-04-07 17:04:10.359+00",NULL,NULL
4987,"Jasrana","India","Uttar Pradesh","2020-04-07 17:04:10.419+00","2020-04-07 17:04:10.419+00",NULL,NULL
4988,"Shikohabad","India","Uttar Pradesh","2020-04-07 17:04:10.466+00","2020-04-07 17:04:10.466+00",NULL,NULL
4989,"Jasarana","India","Uttar Pradesh","2020-04-07 17:04:12.825+00","2020-04-07 17:04:12.825+00",NULL,NULL
4990,"Mawana","India","Uttar Pradesh","2020-04-07 17:04:14.355+00","2020-04-07 17:04:14.355+00",NULL,NULL
4991,"Meerut","India","Uttar Pradesh","2020-04-07 17:04:14.627+00","2020-04-07 17:04:14.627+00",NULL,NULL
4992,"Mawana","India","Uttar Pradesh","2020-04-07 17:04:14.673+00","2020-04-07 17:04:14.673+00",NULL,NULL
4993,"Baghpat","India","Uttar Pradesh","2020-04-07 17:04:15.43+00","2020-04-07 17:04:15.43+00",NULL,NULL
4994,"Dhanaura","India","Uttar Pradesh","2020-04-07 17:04:23.795+00","2020-04-07 17:04:23.795+00",NULL,NULL
4995,"Chandausi","India","Uttar Pradesh","2020-04-07 17:04:23.886+00","2020-04-07 17:04:23.886+00",NULL,NULL
4996,"Thakurdwara","India","Uttar Pradesh","2020-04-07 17:04:23.934+00","2020-04-07 17:04:23.934+00",NULL,NULL
4997,"Milak","India","Uttar Pradesh","2020-04-07 17:04:23.972+00","2020-04-07 17:04:23.972+00",NULL,NULL
4998,"Sambhal","India","Uttar Pradesh","2020-04-07 17:04:24.246+00","2020-04-07 17:04:24.246+00",NULL,NULL
4999,"Suar","India","Uttar Pradesh","2020-04-07 17:04:24.372+00","2020-04-07 17:04:24.372+00",NULL,NULL
5000,"Hasanpur","India","Uttar Pradesh","2020-04-07 17:04:24.826+00","2020-04-07 17:04:24.826+00",NULL,NULL
5001,"Bilaspur","India","Uttar Pradesh","2020-04-07 17:04:25.338+00","2020-04-07 17:04:25.338+00",NULL,NULL
5002,"Kanth","India","Uttar Pradesh","2020-04-07 17:04:26.169+00","2020-04-07 17:04:26.169+00",NULL,NULL
5003,"Bilari","India","Uttar Pradesh","2020-04-07 17:04:26.668+00","2020-04-07 17:04:26.668+00",NULL,NULL
5004,"Shahabad","India","Uttar Pradesh","2020-04-07 17:04:28.354+00","2020-04-07 17:04:28.354+00",NULL,NULL
5005,"Shamli","India","Uttar Pradesh","2020-04-07 17:04:28.85+00","2020-04-07 17:04:28.85+00",NULL,NULL
5006,"Kairana","India","Uttar Pradesh","2020-04-07 17:04:28.889+00","2020-04-07 17:04:28.889+00",NULL,NULL
5007,"Budhana","India","Uttar Pradesh","2020-04-07 17:04:28.969+00","2020-04-07 17:04:28.969+00",NULL,NULL
5008,"Shamli **","India","Uttar Pradesh","2020-04-07 17:04:30.65+00","2020-04-07 17:04:30.65+00",NULL,NULL
5009,"Lalganj","India","Uttar Pradesh","2020-04-07 17:04:30.889+00","2020-04-07 17:04:30.889+00",NULL,NULL
5010,"Kunda","India","Uttar Pradesh","2020-04-07 17:04:31.154+00","2020-04-07 17:04:31.154+00",NULL,NULL
5011,"Raniganj","India","Uttar Pradesh","2020-04-07 17:04:31.257+00","2020-04-07 17:04:31.257+00",NULL,NULL
5012,"Sadar","India","Uttar Pradesh","2020-04-07 17:04:31.295+00","2020-04-07 17:04:31.295+00",NULL,NULL
5013,"Mrg","India","Uttar Pradesh","2020-04-07 17:04:34.056+00","2020-04-07 17:04:34.056+00",NULL,NULL
5014,"Salon","India","Uttar Pradesh","2020-04-07 17:04:34.348+00","2020-04-07 17:04:34.348+00",NULL,NULL
5015,"Tiloi","India","Uttar Pradesh","2020-04-07 17:04:34.417+00","2020-04-07 17:04:34.417+00",NULL,NULL
5016,"Sakaldiha","India","Uttar Pradesh","2020-04-07 17:04:34.902+00","2020-04-07 17:04:34.902+00",NULL,NULL
5017,"Powayan","India","Uttar Pradesh","2020-04-07 17:04:36.357+00","2020-04-07 17:04:36.357+00",NULL,NULL
5018,"Gyanpur","India","Uttar Pradesh","2020-04-07 17:04:36.314+00","2020-04-07 17:04:36.314+00",NULL,NULL
5019,"Bachhrawan","India","Uttar Pradesh","2020-04-07 17:04:37.63+00","2020-04-07 17:04:37.63+00",NULL,NULL
5020,"Busauli","India","Uttar Pradesh","2020-04-07 17:04:43.618+00","2020-04-07 17:04:43.618+00",NULL,NULL
5021,"Kasia","India","Uttar Pradesh","2020-04-07 17:04:48.484+00","2020-04-07 17:04:48.484+00",NULL,NULL
5022,"Allapur","India","Uttar Pradesh","2020-04-07 17:04:49.369+00","2020-04-07 17:04:49.369+00",NULL,NULL
5023,"Sawayajpur","India","Uttar Pradesh","2020-04-07 17:04:54.78+00","2020-04-07 17:04:54.78+00",NULL,NULL
5024,"Harodi","India","Uttar Pradesh","2020-04-07 17:04:54.85+00","2020-04-07 17:04:54.85+00",NULL,NULL
5025,"Shahabad","India","Uttar Pradesh","2020-04-07 17:04:54.888+00","2020-04-07 17:04:54.888+00",NULL,NULL
5026,"Bilgram","India","Uttar Pradesh","2020-04-07 17:04:54.969+00","2020-04-07 17:04:54.969+00",NULL,NULL
5027,"Unchahar","India","Uttar Pradesh","2020-04-07 17:04:59.244+00","2020-04-07 17:04:59.244+00",NULL,NULL
5028,"Maharajganj","India","Uttar Pradesh","2020-04-07 17:04:59.285+00","2020-04-07 17:04:59.285+00",NULL,NULL
5029,"Mahrajganj","India","Uttar Pradesh","2020-04-07 17:04:59.363+00","2020-04-07 17:04:59.363+00",NULL,NULL
5030,"Rae Bareli","India","Uttar Pradesh","2020-04-07 17:04:59.709+00","2020-04-07 17:04:59.709+00",NULL,NULL
5031,"Salo N","India","Uttar Pradesh","2020-04-07 17:04:59.788+00","2020-04-07 17:04:59.788+00",NULL,NULL
5032,"Nakur","India","Uttar Pradesh","2020-04-07 17:04:59.917+00","2020-04-07 17:04:59.917+00",NULL,NULL
5033,"Behat","India","Uttar Pradesh","2020-04-07 17:04:59.954+00","2020-04-07 17:04:59.954+00",NULL,NULL
5034,"S.qudeem","India","Uttar Pradesh","2020-04-07 17:04:59.991+00","2020-04-07 17:04:59.991+00",NULL,NULL
5035,"Muzaffrabad","India","Uttar Pradesh","2020-04-07 17:05:00.242+00","2020-04-07 17:05:00.242+00",NULL,NULL
5036,"Sarsawa","India","Uttar Pradesh","2020-04-07 17:05:00.34+00","2020-04-07 17:05:00.34+00",NULL,NULL
5037,"Muzaffarabad","India","Uttar Pradesh","2020-04-07 17:05:00.428+00","2020-04-07 17:05:00.428+00",NULL,NULL
5038,"Punwarka","India","Uttar Pradesh","2020-04-07 17:05:00.472+00","2020-04-07 17:05:00.472+00",NULL,NULL
5039,"Gangoh","India","Uttar Pradesh","2020-04-07 17:05:00.51+00","2020-04-07 17:05:00.51+00",NULL,NULL
5040,"Nanauta","India","Uttar Pradesh","2020-04-07 17:05:00.568+00","2020-04-07 17:05:00.568+00",NULL,NULL
5041,"Nagal","India","Uttar Pradesh","2020-04-07 17:05:00.637+00","2020-04-07 17:05:00.637+00",NULL,NULL
5042,"Jalalabad","India","Uttar Pradesh","2020-04-07 17:05:00.693+00","2020-04-07 17:05:00.693+00",NULL,NULL
5043,"Sadar","India","Uttar Pradesh","2020-04-07 17:05:00.733+00","2020-04-07 17:05:00.733+00",NULL,NULL
5044,"Tilhar","India","Uttar Pradesh","2020-04-07 17:05:00.758+00","2020-04-07 17:05:00.758+00",NULL,NULL
5045,"Mishrikh","India","Uttar Pradesh","2020-04-07 17:05:00.858+00","2020-04-07 17:05:00.858+00",NULL,NULL
5046,"Biswan","India","Uttar Pradesh","2020-04-07 17:05:00.964+00","2020-04-07 17:05:00.964+00",NULL,NULL
5047,"Mahmudabad","India","Uttar Pradesh","2020-04-07 17:05:01.002+00","2020-04-07 17:05:01.002+00",NULL,NULL
5048,"Sidhauli","India","Uttar Pradesh","2020-04-07 17:05:01.278+00","2020-04-07 17:05:01.278+00",NULL,NULL
5049,"Laharpur","India","Uttar Pradesh","2020-04-07 17:05:01.338+00","2020-04-07 17:05:01.338+00",NULL,NULL
5050,"Misrikh","India","Uttar Pradesh","2020-04-07 17:05:01.412+00","2020-04-07 17:05:01.412+00",NULL,NULL
5051,"Sultanpur","India","Uttar Pradesh","2020-04-07 17:05:01.485+00","2020-04-07 17:05:01.485+00",NULL,NULL
5052,"Musafirkhana","India","Uttar Pradesh","2020-04-07 17:05:01.529+00","2020-04-07 17:05:01.529+00",NULL,NULL
5053,"Lambhua","India","Uttar Pradesh","2020-04-07 17:05:01.594+00","2020-04-07 17:05:01.594+00",NULL,NULL
5054,"Gauriganj","India","Uttar Pradesh","2020-04-07 17:05:01.7+00","2020-04-07 17:05:01.7+00",NULL,NULL
5055,"Chandauli","India","Uttar Pradesh","2020-04-07 17:05:02.551+00","2020-04-07 17:05:02.551+00",NULL,NULL
5056,"Chakia","India","Uttar Pradesh","2020-04-07 17:05:02.834+00","2020-04-07 17:05:02.834+00",NULL,NULL
5057,"Bhadohi","India","Uttar Pradesh","2020-04-07 17:05:03.202+00","2020-04-07 17:05:03.202+00",NULL,NULL
5058,"Pindra","India","Uttar Pradesh","2020-04-07 17:05:03.411+00","2020-04-07 17:05:03.411+00",NULL,NULL
5059,"Roorkee","India","Uttar Pradesh","2020-04-07 17:05:44.433+00","2020-04-07 17:05:44.433+00",NULL,NULL
5060,"Kapkote","India","Uttarakhand","2020-04-07 17:06:05.478+00","2020-04-07 17:06:05.478+00",NULL,NULL
5061,"Bageshwar","India","Uttarakhand","2020-04-07 17:06:05.519+00","2020-04-07 17:06:05.519+00",NULL,NULL
5062,"Someshwar","India","Uttarakhand","2020-04-07 17:06:05.529+00","2020-04-07 17:06:05.529+00",NULL,NULL
5063,"Garur","India","Uttarakhand","2020-04-07 17:06:05.577+00","2020-04-07 17:06:05.577+00",NULL,NULL
5064,"Almora","India","Uttarakhand","2020-04-07 17:06:05.63+00","2020-04-07 17:06:05.63+00",NULL,NULL
5065,"Bhanoli","India","Uttarakhand","2020-04-07 17:06:05.693+00","2020-04-07 17:06:05.693+00",NULL,NULL
5066,"Jainti","India","Uttarakhand","2020-04-07 17:06:05.759+00","2020-04-07 17:06:05.759+00",NULL,NULL
5067,"Kanda","India","Uttarakhand","2020-04-07 17:06:05.809+00","2020-04-07 17:06:05.809+00",NULL,NULL
5068,"Garur","India","Uttarakhand","2020-04-07 17:06:05.861+00","2020-04-07 17:06:05.861+00",NULL,NULL
5069,"Dwarahat","India","Uttarakhand","2020-04-07 17:06:06.186+00","2020-04-07 17:06:06.186+00",NULL,NULL
5070,"Bhikiyasen","India","Uttarakhand","2020-04-07 17:06:06.229+00","2020-04-07 17:06:06.229+00",NULL,NULL
5071,"Ranikhet","India","Uttarakhand","2020-04-07 17:06:06.273+00","2020-04-07 17:06:06.273+00",NULL,NULL
5072,"Dawarahat","India","Uttarakhand","2020-04-07 17:06:06.332+00","2020-04-07 17:06:06.332+00",NULL,NULL
5073,"Karanprayag","India","Uttarakhand","2020-04-07 17:06:06.433+00","2020-04-07 17:06:06.433+00",NULL,NULL
5074,"Chaukhutia","India","Uttarakhand","2020-04-07 17:06:06.373+00","2020-04-07 17:06:06.373+00",NULL,NULL
5075,"Rudraprayg","India","Uttarakhand","2020-04-07 17:06:06.441+00","2020-04-07 17:06:06.441+00",NULL,NULL
5076,"Gairsain","India","Uttarakhand","2020-04-07 17:06:06.48+00","2020-04-07 17:06:06.48+00",NULL,NULL
5077,"Tharali","India","Uttarakhand","2020-04-07 17:06:06.545+00","2020-04-07 17:06:06.545+00",NULL,NULL
5078,"Chamoli","India","Uttarakhand","2020-04-07 17:06:06.585+00","2020-04-07 17:06:06.585+00",NULL,NULL
5079,"Okhimath","India","Uttarakhand","2020-04-07 17:06:06.632+00","2020-04-07 17:06:06.632+00",NULL,NULL
5080,"Ohimath","India","Uttarakhand","2020-04-07 17:06:06.917+00","2020-04-07 17:06:06.917+00",NULL,NULL
5081,"Joshimath","India","Uttarakhand","2020-04-07 17:06:06.967+00","2020-04-07 17:06:06.967+00",NULL,NULL
5082,"Pokhari","India","Uttarakhand","2020-04-07 17:06:07.238+00","2020-04-07 17:06:07.238+00",NULL,NULL
5083,"Rudraprayag","India","Uttarakhand","2020-04-07 17:06:07.281+00","2020-04-07 17:06:07.281+00",NULL,NULL
5084,"Ghat","India","Uttarakhand","2020-04-07 17:06:07.409+00","2020-04-07 17:06:07.409+00",NULL,NULL
5085,"Jakholi","India","Uttarakhand","2020-04-07 17:06:07.482+00","2020-04-07 17:06:07.482+00",NULL,NULL
5086,"Dehradun","India","Uttarakhand","2020-04-07 17:06:07.512+00","2020-04-07 17:06:07.512+00",NULL,NULL
5087,"Rishikesh","India","Uttarakhand","2020-04-07 17:06:07.628+00","2020-04-07 17:06:07.628+00",NULL,NULL
5088,"Rishieksh","India","Uttarakhand","2020-04-07 17:06:07.894+00","2020-04-07 17:06:07.894+00",NULL,NULL
5089,"Chakrata","India","Uttarakhand","2020-04-07 17:06:08.014+00","2020-04-07 17:06:08.014+00",NULL,NULL
5090,"Vikasnagar","India","Uttarakhand","2020-04-07 17:06:08.072+00","2020-04-07 17:06:08.072+00",NULL,NULL
5091,"Viakasnagar","India","Uttarakhand","2020-04-07 17:06:08.196+00","2020-04-07 17:06:08.196+00",NULL,NULL
5092,"Hardwar","India","Uttarakhand","2020-04-07 17:06:08.237+00","2020-04-07 17:06:08.237+00",NULL,NULL
5093,"Haridwar","India","Uttarakhand","2020-04-07 17:06:08.294+00","2020-04-07 17:06:08.294+00",NULL,NULL
5094,"Roorkee","India","Uttarakhand","2020-04-07 17:06:08.333+00","2020-04-07 17:06:08.333+00",NULL,NULL
5095,"Laksar","India","Uttarakhand","2020-04-07 17:06:08.446+00","2020-04-07 17:06:08.446+00",NULL,NULL
5096,"Deoprayag","India","Uttarakhand","2020-04-07 17:06:08.55+00","2020-04-07 17:06:08.55+00",NULL,NULL
5097,"Jakhnidhar","India","Uttarakhand","2020-04-07 17:06:08.592+00","2020-04-07 17:06:08.592+00",NULL,NULL
5098,"Kirtinagar","India","Uttarakhand","2020-04-07 17:06:08.638+00","2020-04-07 17:06:08.638+00",NULL,NULL
5099,"Pratapnagar","India","Uttarakhand","2020-04-07 17:06:08.744+00","2020-04-07 17:06:08.744+00",NULL,NULL
5100,"Bhatwari","India","Uttarakhand","2020-04-07 17:06:08.763+00","2020-04-07 17:06:08.763+00",NULL,NULL
5101,"Uttarkasshi","India","Uttarakhand","2020-04-07 17:06:08.79+00","2020-04-07 17:06:08.79+00",NULL,NULL
5102,"Narendranagar","India","Uttarakhand","2020-04-07 17:06:08.817+00","2020-04-07 17:06:08.817+00",NULL,NULL
5103,"Rajgarhi","India","Uttarakhand","2020-04-07 17:06:08.84+00","2020-04-07 17:06:08.84+00",NULL,NULL
5104,"Ghansali","India","Uttarakhand","2020-04-07 17:06:08.872+00","2020-04-07 17:06:08.872+00",NULL,NULL
5105,"Puraula","India","Uttarakhand","2020-04-07 17:06:08.898+00","2020-04-07 17:06:08.898+00",NULL,NULL
5106,"Tehri","India","Uttarakhand","2020-04-07 17:06:08.919+00","2020-04-07 17:06:08.919+00",NULL,NULL
5107,"Narendra Nagar","India","Uttarakhand","2020-04-07 17:06:08.939+00","2020-04-07 17:06:08.939+00",NULL,NULL
5108,"Burkot","India","Uttarakhand","2020-04-07 17:06:09.246+00","2020-04-07 17:06:09.246+00",NULL,NULL
5109,"Dunda","India","Uttarakhand","2020-04-07 17:06:09.322+00","2020-04-07 17:06:09.322+00",NULL,NULL
5110,"Gajja","India","Uttarakhand","2020-04-07 17:06:09.366+00","2020-04-07 17:06:09.366+00",NULL,NULL
5111,"Kichha","India","Uttarakhand","2020-04-07 17:06:09.387+00","2020-04-07 17:06:09.387+00",NULL,NULL
5112,"Sitarganj","India","Uttarakhand","2020-04-07 17:06:09.429+00","2020-04-07 17:06:09.429+00",NULL,NULL
5113,"Sittarganj","India","Uttarakhand","2020-04-07 17:06:09.466+00","2020-04-07 17:06:09.466+00",NULL,NULL
5114,"Kashipur","India","Uttarakhand","2020-04-07 17:06:09.71+00","2020-04-07 17:06:09.71+00",NULL,NULL
5115,"Gadarpur","India","Uttarakhand","2020-04-07 17:06:09.842+00","2020-04-07 17:06:09.842+00",NULL,NULL
5116,"Haldwani","India","Uttarakhand","2020-04-07 17:06:09.855+00","2020-04-07 17:06:09.855+00",NULL,NULL
5117,"Nainital","India","Uttarakhand","2020-04-07 17:06:09.918+00","2020-04-07 17:06:09.918+00",NULL,NULL
5118,"Kosya Kutauli","India","Uttarakhand","2020-04-07 17:06:09.985+00","2020-04-07 17:06:09.985+00",NULL,NULL
5119,"Tanakpur","India","Uttarakhand","2020-04-07 17:06:10.004+00","2020-04-07 17:06:10.004+00",NULL,NULL
5120,"Khatima","India","Uttarakhand","2020-04-07 17:06:10.145+00","2020-04-07 17:06:10.145+00",NULL,NULL
5121,"Dhari","India","Uttarakhand","2020-04-07 17:06:10.204+00","2020-04-07 17:06:10.204+00",NULL,NULL
5122,"Pauri","India","Uttarakhand","2020-04-07 17:06:10.259+00","2020-04-07 17:06:10.259+00",NULL,NULL
5123,"Thali Sain","India","Uttarakhand","2020-04-07 17:06:10.316+00","2020-04-07 17:06:10.316+00",NULL,NULL
5124,"Srinagar","India","Uttarakhand","2020-04-07 17:06:10.358+00","2020-04-07 17:06:10.358+00",NULL,NULL
5125,"Thalisain","India","Uttarakhand","2020-04-07 17:06:10.471+00","2020-04-07 17:06:10.471+00",NULL,NULL
5126,"Dhoomakot","India","Uttarakhand","2020-04-07 17:06:10.529+00","2020-04-07 17:06:10.529+00",NULL,NULL
5127,"Dhumakot","India","Uttarakhand","2020-04-07 17:06:10.568+00","2020-04-07 17:06:10.568+00",NULL,NULL
5128,"Lansdowne","India","Uttarakhand","2020-04-07 17:06:10.616+00","2020-04-07 17:06:10.616+00",NULL,NULL
5129,"Kotdwara","India","Uttarakhand","2020-04-07 17:06:10.717+00","2020-04-07 17:06:10.717+00",NULL,NULL
5130,"Tehri Garhwal","India","Uttarakhand","2020-04-07 17:06:10.871+00","2020-04-07 17:06:10.871+00",NULL,NULL
5131,"Bazpur","India","Uttarakhand","2020-04-07 17:06:10.933+00","2020-04-07 17:06:10.933+00",NULL,NULL
5132,"Partapnagar","India","Uttarakhand","2020-04-07 17:06:11.748+00","2020-04-07 17:06:11.748+00",NULL,NULL
5133,"Pithoragarh","India","Uttarakhand","2020-04-07 17:06:11.761+00","2020-04-07 17:06:11.761+00",NULL,NULL
5134,"Berinag","India","Uttarakhand","2020-04-07 17:06:11.802+00","2020-04-07 17:06:11.802+00",NULL,NULL
5135,"Munsiari","India","Uttarakhand","2020-04-07 17:06:11.859+00","2020-04-07 17:06:11.859+00",NULL,NULL
5136,"Didihat","India","Uttarakhand","2020-04-07 17:06:11.903+00","2020-04-07 17:06:11.903+00",NULL,NULL
5137,"Lohaghat","India","Uttarakhand","2020-04-07 17:06:12.194+00","2020-04-07 17:06:12.194+00",NULL,NULL
5138,"Gangolihat","India","Uttarakhand","2020-04-07 17:06:12.256+00","2020-04-07 17:06:12.256+00",NULL,NULL
5139,"Dharchula","India","Uttarakhand","2020-04-07 17:06:12.942+00","2020-04-07 17:06:12.942+00",NULL,NULL
5140,"Champawat","India","Uttarakhand","2020-04-07 17:06:13.026+00","2020-04-07 17:06:13.026+00",NULL,NULL
5141,"Kotdwar","India","Uttarakhand","2020-04-07 17:06:13.144+00","2020-04-07 17:06:13.144+00",NULL,NULL
5142,"Gangotri","India","Uttarakhand","2020-04-07 17:06:13.186+00","2020-04-07 17:06:13.186+00",NULL,NULL
5143,"Nadia","India","West Bengal","2020-04-07 17:06:43.363+00","2020-04-07 17:06:43.363+00",NULL,NULL
5144,"Purba Bardhaman","India","West Bengal","2020-04-07 17:06:43.371+00","2020-04-07 17:06:43.371+00",NULL,NULL
5145,"Burdwan - I","India","West Bengal","2020-04-07 17:06:43.421+00","2020-04-07 17:06:43.421+00",NULL,NULL
5146,"Memari - I","India","West Bengal","2020-04-07 17:06:43.894+00","2020-04-07 17:06:43.894+00",NULL,NULL
5147,"Ausgram - I","India","West Bengal","2020-04-07 17:06:43.958+00","2020-04-07 17:06:43.958+00",NULL,NULL
5148,"Burdwan - II","India","West Bengal","2020-04-07 17:06:44.111+00","2020-04-07 17:06:44.111+00",NULL,NULL
5149,"Burdwan Sadar","India","West Bengal","2020-04-07 17:06:44.183+00","2020-04-07 17:06:44.183+00",NULL,NULL
5150,"Kanksa","India","West Bengal","2020-04-07 17:06:44.276+00","2020-04-07 17:06:44.276+00",NULL,NULL
5151,"Katwa - I","India","West Bengal","2020-04-07 17:06:44.382+00","2020-04-07 17:06:44.382+00",NULL,NULL
5152,"Kalna - II","India","West Bengal","2020-04-07 17:06:44.427+00","2020-04-07 17:06:44.427+00",NULL,NULL
5153,"Mangolkote","India","West Bengal","2020-04-07 17:06:44.815+00","2020-04-07 17:06:44.815+00",NULL,NULL
5154,"Bankura","India","West Bengal","2020-04-07 17:06:44.854+00","2020-04-07 17:06:44.854+00",NULL,NULL
5155,"Samudragrah","India","West Bengal","2020-04-07 17:06:44.903+00","2020-04-07 17:06:44.903+00",NULL,NULL
5156,"Deshbandhunagar","India","West Bengal","2020-04-07 17:06:44.918+00","2020-04-07 17:06:44.918+00",NULL,NULL
5157,"Kolkata","India","West Bengal","2020-04-07 17:06:44.928+00","2020-04-07 17:06:44.928+00",NULL,NULL
5158,"Howrah","India","West Bengal","2020-04-07 17:06:44.936+00","2020-04-07 17:06:44.936+00",NULL,NULL
5159,"Durgapur Municipal Corporation","India","West Bengal","2020-04-07 17:06:44.944+00","2020-04-07 17:06:44.944+00",NULL,NULL
5160,"Palsanda","India","West Bengal","2020-04-07 17:06:44.962+00","2020-04-07 17:06:44.962+00",NULL,NULL
5161,"North 24 Paraganas","India","West Bengal","2020-04-07 17:06:45.006+00","2020-04-07 17:06:45.006+00",NULL,NULL
5162,"North 24 Parganas","India","West Bengal","2020-04-07 17:06:45.067+00","2020-04-07 17:06:45.067+00",NULL,NULL
5163,"Raninagar-II","India","West Bengal","2020-04-07 17:06:45.35+00","2020-04-07 17:06:45.35+00",NULL,NULL
5164,"Bolpur","India","West Bengal","2020-04-07 17:06:45.356+00","2020-04-07 17:06:45.356+00",NULL,NULL
5165,"Berhampore","India","West Bengal","2020-04-07 17:06:46.575+00","2020-04-07 17:06:46.575+00",NULL,NULL
5166,"Behrampore","India","West Bengal","2020-04-07 17:06:46.595+00","2020-04-07 17:06:46.595+00",NULL,NULL
5167,"Beldanga","India","West Bengal","2020-04-07 17:06:46.629+00","2020-04-07 17:06:46.629+00",NULL,NULL
5168,"Kolkata","India","West Bengal","2020-04-07 17:06:46.635+00","2020-04-07 17:06:46.635+00",NULL,NULL
5169,"Durgapur","India","West Bengal","2020-04-07 17:06:46.667+00","2020-04-07 17:06:46.667+00",NULL,NULL
5170,"Durgapur Municipal Corporation","India","West Bengal","2020-04-07 17:06:46.695+00","2020-04-07 17:06:46.695+00",NULL,NULL
5171,"Alipurduar","India","West Bengal","2020-04-07 17:06:46.731+00","2020-04-07 17:06:46.731+00",NULL,NULL
5172,"Salt Lake","India","West Bengal","2020-04-07 17:06:46.773+00","2020-04-07 17:06:46.773+00",NULL,NULL
5173,"Desh Bandhu Nagar","India","West Bengal","2020-04-07 17:06:46.808+00","2020-04-07 17:06:46.808+00",NULL,NULL
5174,"Mangalkote","India","West Bengal","2020-04-07 17:06:46.846+00","2020-04-07 17:06:46.846+00",NULL,NULL
5175,"24 Prgs (South)","India","West Bengal","2020-04-07 17:06:47.13+00","2020-04-07 17:06:47.13+00",NULL,NULL
5176,"Bhagawangola - I","India","West Bengal","2020-04-07 17:06:47.341+00","2020-04-07 17:06:47.341+00",NULL,NULL
5177,"Birbhum","India","West Bengal","2020-04-07 17:06:47.38+00","2020-04-07 17:06:47.38+00",NULL,NULL
5178,"Nanoor","India","West Bengal","2020-04-07 17:06:47.799+00","2020-04-07 17:06:47.799+00",NULL,NULL
5179,"Sainthia","India","West Bengal","2020-04-07 17:06:48.325+00","2020-04-07 17:06:48.325+00",NULL,NULL
5180,"Bolpur Sriniketan","India","West Bengal","2020-04-07 17:06:48.386+00","2020-04-07 17:06:48.386+00",NULL,NULL
5181,"Rampurhat - I","India","West Bengal","2020-04-07 17:06:49.286+00","2020-04-07 17:06:49.286+00",NULL,NULL
5182,"Amarshi","India","West Bengal","2020-04-07 17:06:49.354+00","2020-04-07 17:06:49.354+00",NULL,NULL
5183,"Argoal","India","West Bengal","2020-04-07 17:06:49.396+00","2020-04-07 17:06:49.396+00",NULL,NULL
5184,"Contai","India","West Bengal","2020-04-07 17:06:49.435+00","2020-04-07 17:06:49.435+00",NULL,NULL
5185,"Baitabazar","India","West Bengal","2020-04-07 17:06:49.473+00","2020-04-07 17:06:49.473+00",NULL,NULL
5186,"Balighai","India","West Bengal","2020-04-07 17:06:49.511+00","2020-04-07 17:06:49.511+00",NULL,NULL
5187,"Balisai","India","West Bengal","2020-04-07 17:06:49.532+00","2020-04-07 17:06:49.532+00",NULL,NULL
5188,"Basantia","India","West Bengal","2020-04-07 17:06:49.553+00","2020-04-07 17:06:49.553+00",NULL,NULL
5189,"Belda","India","West Bengal","2020-04-07 17:06:49.559+00","2020-04-07 17:06:49.559+00",NULL,NULL
5190,"Bhupatinagar","India","West Bengal","2020-04-07 17:06:49.581+00","2020-04-07 17:06:49.581+00",NULL,NULL
5191,"Chaulkhola","India","West Bengal","2020-04-07 17:06:49.607+00","2020-04-07 17:06:49.607+00",NULL,NULL
5192,"Dantan","India","West Bengal","2020-04-07 17:06:49.655+00","2020-04-07 17:06:49.655+00",NULL,NULL
5193,"Dasagram","India","West Bengal","2020-04-07 17:06:49.684+00","2020-04-07 17:06:49.684+00",NULL,NULL
5194,"Digha","India","West Bengal","2020-04-07 17:06:49.723+00","2020-04-07 17:06:49.723+00",NULL,NULL
5195,"Depal","India","West Bengal","2020-04-07 17:06:49.756+00","2020-04-07 17:06:49.756+00",NULL,NULL
5196,"Deulbarh","India","West Bengal","2020-04-07 17:06:49.807+00","2020-04-07 17:06:49.807+00",NULL,NULL
5197,"Egra","India","West Bengal","2020-04-07 17:06:49.847+00","2020-04-07 17:06:49.847+00",NULL,NULL
5198,"Gomunda","India","West Bengal","2020-04-07 17:06:49.893+00","2020-04-07 17:06:49.893+00",NULL,NULL
5199,"Haria","India","West Bengal","2020-04-07 17:06:49.932+00","2020-04-07 17:06:49.932+00",NULL,NULL
5200,"Jahalda","India","West Bengal","2020-04-07 17:06:49.97+00","2020-04-07 17:06:49.97+00",NULL,NULL
5201,"Junput","India","West Bengal","2020-04-07 17:06:50.3+00","2020-04-07 17:06:50.3+00",NULL,NULL
5202,"Janka","India","West Bengal","2020-04-07 17:06:50.009+00","2020-04-07 17:06:50.009+00",NULL,NULL
5203,"Kalagachia","India","West Bengal","2020-04-07 17:06:50.415+00","2020-04-07 17:06:50.415+00",NULL,NULL
5204,"Khakurda","India","West Bengal","2020-04-07 17:06:51.114+00","2020-04-07 17:06:51.114+00",NULL,NULL
5205,"Khalisabhanga","India","West Bengal","2020-04-07 17:06:51.202+00","2020-04-07 17:06:51.202+00",NULL,NULL
5206,"Manglamaro","India","West Bengal","2020-04-07 17:06:51.244+00","2020-04-07 17:06:51.244+00",NULL,NULL
5207,"Marisda","India","West Bengal","2020-04-07 17:06:51.288+00","2020-04-07 17:06:51.288+00",NULL,NULL
5208,"Menkapur","India","West Bengal","2020-04-07 17:06:51.336+00","2020-04-07 17:06:51.336+00",NULL,NULL
5209,"Mohanpur","India","West Bengal","2020-04-07 17:06:51.586+00","2020-04-07 17:06:51.586+00",NULL,NULL
5210,"Nachinda","India","West Bengal","2020-04-07 17:06:51.783+00","2020-04-07 17:06:51.783+00",NULL,NULL
5211,"Narayangarh","India","West Bengal","2020-04-07 17:06:52.019+00","2020-04-07 17:06:52.019+00",NULL,NULL
5212,"Nekurseni","India","West Bengal","2020-04-07 17:06:52.301+00","2020-04-07 17:06:52.301+00",NULL,NULL
5213,"Palpara","India","West Bengal","2020-04-07 17:06:52.558+00","2020-04-07 17:06:52.558+00",NULL,NULL
5214,"Panchetgarh","India","West Bengal","2020-04-07 17:06:52.598+00","2020-04-07 17:06:52.598+00",NULL,NULL
5215,"Panchrol","India","West Bengal","2020-04-07 17:06:52.638+00","2020-04-07 17:06:52.638+00",NULL,NULL
5216,"Paniparul","India","West Bengal","2020-04-07 17:06:52.688+00","2020-04-07 17:06:52.688+00",NULL,NULL
5217,"Patashpur","India","West Bengal","2020-04-07 17:06:52.735+00","2020-04-07 17:06:52.735+00",NULL,NULL
5218,"Pratapdighi","India","West Bengal","2020-04-07 17:06:52.776+00","2020-04-07 17:06:52.776+00",NULL,NULL
5219,"Ramnagar","India","West Bengal","2020-04-07 17:06:52.816+00","2020-04-07 17:06:52.816+00",NULL,NULL
5220,"Sagareswar","India","West Bengal","2020-04-07 17:06:52.855+00","2020-04-07 17:06:52.855+00",NULL,NULL
5221,"Satmile","India","West Bengal","2020-04-07 17:06:52.899+00","2020-04-07 17:06:52.899+00",NULL,NULL
5222,"Baligeria","India","West Bengal","2020-04-07 17:06:52.956+00","2020-04-07 17:06:52.956+00",NULL,NULL
5223,"Kharikamathani","India","West Bengal","2020-04-07 17:06:53.047+00","2020-04-07 17:06:53.047+00",NULL,NULL
5224,"Keshiary","India","West Bengal","2020-04-07 17:06:53.013+00","2020-04-07 17:06:53.013+00",NULL,NULL
5225,"Kultikri","India","West Bengal","2020-04-07 17:06:53.068+00","2020-04-07 17:06:53.068+00",NULL,NULL
5226,"Rohini","India","West Bengal","2020-04-07 17:06:53.09+00","2020-04-07 17:06:53.09+00",NULL,NULL
5227,"Englishbazar","India","West Bengal","2020-04-07 17:06:53.095+00","2020-04-07 17:06:53.095+00",NULL,NULL
5228,"Old Malda","India","West Bengal","2020-04-07 17:06:53.119+00","2020-04-07 17:06:53.119+00",NULL,NULL
5229,"Chanchal","India","West Bengal","2020-04-07 17:06:53.138+00","2020-04-07 17:06:53.138+00",NULL,NULL
5230,"Baishnabnagar","India","West Bengal","2020-04-07 17:06:53.159+00","2020-04-07 17:06:53.159+00",NULL,NULL
5231,"Bamongola","India","West Bengal","2020-04-07 17:06:53.193+00","2020-04-07 17:06:53.193+00",NULL,NULL
5232,"Baro Sujapur","India","West Bengal","2020-04-07 17:06:53.238+00","2020-04-07 17:06:53.238+00",NULL,NULL
5233,"Bamangola","India","West Bengal","2020-04-07 17:06:53.281+00","2020-04-07 17:06:53.281+00",NULL,NULL
5234,"Andhirampara","India","West Bengal","2020-04-07 17:06:53.327+00","2020-04-07 17:06:53.327+00",NULL,NULL
5235,"Tulsihatta","India","West Bengal","2020-04-07 17:06:53.385+00","2020-04-07 17:06:53.385+00",NULL,NULL
5236,"Ratua-ii","India","West Bengal","2020-04-07 17:06:53.451+00","2020-04-07 17:06:53.451+00",NULL,NULL
5237,"Habibpir","India","West Bengal","2020-04-07 17:06:53.698+00","2020-04-07 17:06:53.698+00",NULL,NULL
5238,"Gajol","India","West Bengal","2020-04-07 17:06:53.743+00","2020-04-07 17:06:53.743+00",NULL,NULL
5239,"Harishchandrapur","India","West Bengal","2020-04-07 17:06:53.797+00","2020-04-07 17:06:53.797+00",NULL,NULL
5240,"Bulbulchandi","India","West Bengal","2020-04-07 17:06:53.838+00","2020-04-07 17:06:53.838+00",NULL,NULL
5241,"Kharba","India","West Bengal","2020-04-07 17:06:53.884+00","2020-04-07 17:06:53.884+00",NULL,NULL
5242,"Sahajalalpur","India","West Bengal","2020-04-07 17:06:53.929+00","2020-04-07 17:06:53.929+00",NULL,NULL
5243,"Manikchak","India","West Bengal","2020-04-07 17:06:54.024+00","2020-04-07 17:06:54.024+00",NULL,NULL
5244,"Kaliachak-i","India","West Bengal","2020-04-07 17:06:54.066+00","2020-04-07 17:06:54.066+00",NULL,NULL
5245,"Kaliachak-ii","India","West Bengal","2020-04-07 17:06:54.35+00","2020-04-07 17:06:54.35+00",NULL,NULL
5246,"Ratua-i","India","West Bengal","2020-04-07 17:06:54.409+00","2020-04-07 17:06:54.409+00",NULL,NULL
5247,"Nawda","India","West Bengal","2020-04-07 17:06:54.449+00","2020-04-07 17:06:54.449+00",NULL,NULL
5248,"Murshidabad","India","West Bengal","2020-04-07 17:06:54.694+00","2020-04-07 17:06:54.694+00",NULL,NULL
5249,"Suti - I","India","West Bengal","2020-04-07 17:06:54.763+00","2020-04-07 17:06:54.763+00",NULL,NULL
5250,"Beldanga - I","India","West Bengal","2020-04-07 17:06:54.841+00","2020-04-07 17:06:54.841+00",NULL,NULL
5251,"Suti - II","India","West Bengal","2020-04-07 17:06:54.908+00","2020-04-07 17:06:54.908+00",NULL,NULL
5252,"Farakka","India","West Bengal","2020-04-07 17:06:54.954+00","2020-04-07 17:06:54.954+00",NULL,NULL
5253,"Raghunathganj - I","India","West Bengal","2020-04-07 17:06:55.016+00","2020-04-07 17:06:55.016+00",NULL,NULL
5254,"Kandi","India","West Bengal","2020-04-07 17:06:55.083+00","2020-04-07 17:06:55.083+00",NULL,NULL
5255,"Murshidabad Jiaganj","India","West Bengal","2020-04-07 17:06:55.157+00","2020-04-07 17:06:55.157+00",NULL,NULL
5256,"Nabagram","India","West Bengal","2020-04-07 17:06:55.205+00","2020-04-07 17:06:55.205+00",NULL,NULL
5257,"Samserganj","India","West Bengal","2020-04-07 17:06:55.272+00","2020-04-07 17:06:55.272+00",NULL,NULL
5258,"Beldanga - II","India","West Bengal","2020-04-07 17:06:55.364+00","2020-04-07 17:06:55.364+00",NULL,NULL
5259,"Bharatpur - II","India","West Bengal","2020-04-07 17:06:55.722+00","2020-04-07 17:06:55.722+00",NULL,NULL
5260,"Athpur","India","West Bengal","2020-04-07 17:06:55.918+00","2020-04-07 17:06:55.918+00",NULL,NULL
5261,"Kanchrapara","India","West Bengal","2020-04-07 17:06:55.957+00","2020-04-07 17:06:55.957+00",NULL,NULL
5262,"Palta","India","West Bengal","2020-04-07 17:06:56.337+00","2020-04-07 17:06:56.337+00",NULL,NULL
5263,"Jagatdal","India","West Bengal","2020-04-07 17:06:57.357+00","2020-04-07 17:06:57.357+00",NULL,NULL
5264,"Fingapara","India","West Bengal","2020-04-07 17:06:57.398+00","2020-04-07 17:06:57.398+00",NULL,NULL
5265,"Halishahar","India","West Bengal","2020-04-07 17:06:58.518+00","2020-04-07 17:06:58.518+00",NULL,NULL
5266,"Kankinara","India","West Bengal","2020-04-07 17:06:59.273+00","2020-04-07 17:06:59.273+00",NULL,NULL
5267,"Bally-Jagacha","India","West Bengal","2020-04-07 17:06:59.366+00","2020-04-07 17:06:59.366+00",NULL,NULL
5268,"New Town","India","West Bengal","2020-04-07 17:06:59.406+00","2020-04-07 17:06:59.406+00",NULL,NULL
5269,"Siligur","India","West Bengal","2020-04-07 17:06:59.621+00","2020-04-07 17:06:59.621+00",NULL,NULL
5270,"Kurseong","India","West Bengal","2020-04-07 17:06:59.679+00","2020-04-07 17:06:59.679+00",NULL,NULL
5271,"Serampore","India","West Bengal","2020-04-07 17:06:59.746+00","2020-04-07 17:06:59.746+00",NULL,NULL
5272,"Bhatar","India","West Bengal","2020-04-07 17:06:59.812+00","2020-04-07 17:06:59.812+00",NULL,NULL
5273,"Rajibpur","India","West Bengal","2020-04-07 17:06:59.853+00","2020-04-07 17:06:59.853+00",NULL,NULL
5274,"Midnapore","India","West Bengal","2020-04-07 17:06:59.87+00","2020-04-07 17:06:59.87+00",NULL,NULL
5275,"Asansol MC","India","West Bengal","2020-04-07 17:06:59.913+00","2020-04-07 17:06:59.913+00",NULL,NULL
5276,"Barabani","India","West Bengal","2020-04-07 17:07:00.162+00","2020-04-07 17:07:00.162+00",NULL,NULL
5277,"Krishnagar - I","India","West Bengal","2020-04-07 17:07:00.218+00","2020-04-07 17:07:00.218+00",NULL,NULL
5278,"Nabadwip Municipality","India","West Bengal","2020-04-07 17:07:00.279+00","2020-04-07 17:07:00.279+00",NULL,NULL
5279,"Ranaghat-i/ii","India","West Bengal","2020-04-07 17:07:00.338+00","2020-04-07 17:07:00.338+00",NULL,NULL
5280,"Beleghata","India","West Bengal","2020-04-07 17:07:00.406+00","2020-04-07 17:07:00.406+00",NULL,NULL
5281,"Baruipur","India","West Bengal","2020-04-07 17:07:00.535+00","2020-04-07 17:07:00.535+00",NULL,NULL
5282,"Diamond Harbour - I","India","West Bengal","2020-04-07 17:07:00.658+00","2020-04-07 17:07:00.658+00",NULL,NULL
5283,"Jamuria","India","West Bengal","2020-04-07 17:07:00.714+00","2020-04-07 17:07:00.714+00",NULL,NULL
5284,"Raniganj Municipality","India","West Bengal","2020-04-07 17:07:00.772+00","2020-04-07 17:07:00.772+00",NULL,NULL
5285,"Bankura - I","India","West Bengal","2020-04-07 17:07:00.845+00","2020-04-07 17:07:00.845+00",NULL,NULL
5286,"Barasat - I","India","West Bengal","2020-04-07 17:07:00.902+00","2020-04-07 17:07:00.902+00",NULL,NULL
5287,"Basirhat - I","India","West Bengal","2020-04-07 17:07:00.942+00","2020-04-07 17:07:00.942+00",NULL,NULL
5288,"Cooch Behar - I","India","West Bengal","2020-04-07 17:07:01.245+00","2020-04-07 17:07:01.245+00",NULL,NULL
5289,"Darjeeling Pulbazar","India","West Bengal","2020-04-07 17:07:01.29+00","2020-04-07 17:07:01.29+00",NULL,NULL
5290,"Siliguri","India","West Bengal","2020-04-07 17:07:01.344+00","2020-04-07 17:07:01.344+00",NULL,NULL
5291,"Balurghat","India","West Bengal","2020-04-07 17:07:01.354+00","2020-04-07 17:07:01.354+00",NULL,NULL
5292,"Uluberia - II","India","West Bengal","2020-04-07 17:07:01.42+00","2020-04-07 17:07:01.42+00",NULL,NULL
5293,"Uluberia - I","India","West Bengal","2020-04-07 17:07:01.46+00","2020-04-07 17:07:01.46+00",NULL,NULL
5294,"Jalpaiguri Sadar","India","West Bengal","2020-04-07 17:07:01.47+00","2020-04-07 17:07:01.47+00",NULL,NULL
5295,"Mal","India","West Bengal","2020-04-07 17:07:01.714+00","2020-04-07 17:07:01.714+00",NULL,NULL
5296,"Jhargram","India","West Bengal","2020-04-07 17:07:02.377+00","2020-04-07 17:07:02.377+00",NULL,NULL
5297,"Chinsurah","India","West Bengal","2020-04-07 17:07:02.431+00","2020-04-07 17:07:02.431+00",NULL,NULL
5298,"Arambagh","India","West Bengal","2020-04-07 17:07:02.686+00","2020-04-07 17:07:02.686+00",NULL,NULL
5299,"Serampur Uttarpara","India","West Bengal","2020-04-07 17:07:02.746+00","2020-04-07 17:07:02.746+00",NULL,NULL
5300,"Tamluk","India","West Bengal","2020-04-07 17:07:02.79+00","2020-04-07 17:07:02.79+00",NULL,NULL
5301,"Purulia - I","India","West Bengal","2020-04-07 17:07:02.802+00","2020-04-07 17:07:02.802+00",NULL,NULL
5302,"Midnapore","India","West Bengal","2020-04-07 17:07:02.849+00","2020-04-07 17:07:02.849+00",NULL,NULL
5303,"Ghatal","India","West Bengal","2020-04-07 17:07:02.902+00","2020-04-07 17:07:02.902+00",NULL,NULL
5304,"Kharagpur-I","India","West Bengal","2020-04-07 17:07:03.044+00","2020-04-07 17:07:03.044+00",NULL,NULL
5305,"Ramgarh","India","West Bengal","2020-04-07 17:07:03.106+00","2020-04-07 17:07:03.106+00",NULL,NULL
5306,"Daspur-II","India","West Bengal","2020-04-07 17:07:03.196+00","2020-04-07 17:07:03.196+00",NULL,NULL
5307,"Haldia","India","West Bengal","2020-04-07 17:07:03.244+00","2020-04-07 17:07:03.244+00",NULL,NULL
5308,"Sahid Matangini","India","West Bengal","2020-04-07 17:07:03.284+00","2020-04-07 17:07:03.284+00",NULL,NULL
5309,"Mahisadal","India","West Bengal","2020-04-07 17:07:03.327+00","2020-04-07 17:07:03.327+00",NULL,NULL
5310,"Daspur","India","West Bengal","2020-04-07 17:07:03.373+00","2020-04-07 17:07:03.373+00",NULL,NULL
5311,"Haldia Municipality","India","West Bengal","2020-04-07 17:07:03.418+00","2020-04-07 17:07:03.418+00",NULL,NULL
5312,"Nandakumar","India","West Bengal","2020-04-07 17:07:03.458+00","2020-04-07 17:07:03.458+00",NULL,NULL
5313,"Moyna","India","West Bengal","2020-04-07 17:07:03.505+00","2020-04-07 17:07:03.505+00",NULL,NULL
5314,"Panskura-i","India","West Bengal","2020-04-07 17:07:03.555+00","2020-04-07 17:07:03.555+00",NULL,NULL
5315,"Dinhata - I","India","West Bengal","2020-04-07 17:07:03.627+00","2020-04-07 17:07:03.627+00",NULL,NULL
5316,"Gangajalghati","India","West Bengal","2020-04-07 17:07:05.363+00","2020-04-07 17:07:05.363+00",NULL,NULL
5317,"Darjeeling","India","West Bengal","2020-04-07 17:07:05.425+00","2020-04-07 17:07:05.425+00",NULL,NULL
5318,"Kulti Mc","India","West Bengal","2020-04-07 17:07:05.465+00","2020-04-07 17:07:05.465+00",NULL,NULL
5319,"Kalimpong","India","West Bengal","2020-04-07 17:07:05.483+00","2020-04-07 17:07:05.483+00",NULL,NULL
5320,"Chandannagar","India","West Bengal","2020-04-07 17:07:05.893+00","2020-04-07 17:07:05.893+00",NULL,NULL
5321,"Uttarpara","India","West Bengal","2020-04-07 17:07:05.945+00","2020-04-07 17:07:05.945+00",NULL,NULL
5322,"Bongaon","India","West Bengal","2020-04-07 17:07:05.991+00","2020-04-07 17:07:05.991+00",NULL,NULL
5323,"Habra - I","India","West Bengal","2020-04-07 17:07:06.016+00","2020-04-07 17:07:06.016+00",NULL,NULL
5324,"Barasat - II","India","West Bengal","2020-04-07 17:07:06.056+00","2020-04-07 17:07:06.056+00",NULL,NULL
5325,"Krishnanagar I","India","West Bengal","2020-04-07 17:07:06.134+00","2020-04-07 17:07:06.134+00",NULL,NULL
5326,"Indas","India","West Bengal","2020-04-07 17:07:06.837+00","2020-04-07 17:07:06.837+00",NULL,NULL
5327,"Galsi - II","India","West Bengal","2020-04-07 17:07:07.456+00","2020-04-07 17:07:07.456+00",NULL,NULL
5328,"Tamluk-i","India","West Bengal","2020-04-07 17:07:09.73+00","2020-04-07 17:07:09.73+00",NULL,NULL
5329,"Vishnupur","India","West Bengal","2020-04-07 17:07:09.852+00","2020-04-07 17:07:09.852+00",NULL,NULL
5330,"Onda","India","West Bengal","2020-04-07 17:07:09.898+00","2020-04-07 17:07:09.898+00",NULL,NULL
5331,"Sonamukhi","India","West Bengal","2020-04-07 17:07:09.979+00","2020-04-07 17:07:09.979+00",NULL,NULL
5332,"Borjora","India","West Bengal","2020-04-07 17:07:10.266+00","2020-04-07 17:07:10.266+00",NULL,NULL
5333,"Hirbandh","India","West Bengal","2020-04-07 17:07:10.405+00","2020-04-07 17:07:10.405+00",NULL,NULL
5334,"Taldangra","India","West Bengal","2020-04-07 17:07:10.475+00","2020-04-07 17:07:10.475+00",NULL,NULL
5335,"Magrahat Taluk","India","West Bengal","2020-04-07 17:07:10.942+00","2020-04-07 17:07:10.942+00",NULL,NULL
5336,"Canning - I","India","West Bengal","2020-04-07 17:07:10.963+00","2020-04-07 17:07:10.963+00",NULL,NULL
5337,"Sagar","India","West Bengal","2020-04-07 17:07:11.006+00","2020-04-07 17:07:11.006+00",NULL,NULL
5338,"Namkhana","India","West Bengal","2020-04-07 17:07:11.059+00","2020-04-07 17:07:11.059+00",NULL,NULL
5339,"Jaynagar - I","India","West Bengal","2020-04-07 17:07:11.327+00","2020-04-07 17:07:11.327+00",NULL,NULL
5340,"Bishnupur - II","India","West Bengal","2020-04-07 17:07:11.485+00","2020-04-07 17:07:11.485+00",NULL,NULL
5341,"South 24 Parganas","India","West Bengal","2020-04-07 17:07:11.526+00","2020-04-07 17:07:11.526+00",NULL,NULL
5342,"Budge Budge - II","India","West Bengal","2020-04-07 17:07:11.571+00","2020-04-07 17:07:11.571+00",NULL,NULL
5343,"Bhangar","India","West Bengal","2020-04-07 17:07:11.66+00","2020-04-07 17:07:11.66+00",NULL,NULL
5344,"Pandua","India","West Bengal","2020-04-07 17:07:12.04+00","2020-04-07 17:07:12.04+00",NULL,NULL
5345,"Pandaveswar","India","West Bengal","2020-04-07 17:07:13.064+00","2020-04-07 17:07:13.064+00",NULL,NULL
5346,"Raghunathpur - II","India","West Bengal","2020-04-07 17:07:13.117+00","2020-04-07 17:07:13.117+00",NULL,NULL
5347,"Manbazar","India","West Bengal","2020-04-07 17:07:13.16+00","2020-04-07 17:07:13.16+00",NULL,NULL
5348,"Boral","India","West Bengal","2020-04-07 17:07:13.3+00","2020-04-07 17:07:13.3+00",NULL,NULL
5349,"Laudoha","India","West Bengal","2020-04-07 17:07:13.34+00","2020-04-07 17:07:13.34+00",NULL,NULL
5350,"Kalapathar","India","West Bengal","2020-04-07 17:07:13.396+00","2020-04-07 17:07:13.396+00",NULL,NULL
5351,"Purulia","India","West Bengal","2020-04-07 17:07:13.417+00","2020-04-07 17:07:13.417+00",NULL,NULL
5352,"Doulatchak","India","West Bengal","2020-04-07 17:07:13.666+00","2020-04-07 17:07:13.666+00",NULL,NULL
5353,"Khanakul","India","West Bengal","2020-04-07 17:07:13.707+00","2020-04-07 17:07:13.707+00",NULL,NULL
5354,"Nischintapur","India","West Bengal","2020-04-07 17:07:13.764+00","2020-04-07 17:07:13.764+00",NULL,NULL
5355,"Durgapur Mc","India","West Bengal","2020-04-07 17:07:13.842+00","2020-04-07 17:07:13.842+00",NULL,NULL
5356,"Jamuria","India","West Bengal","2020-04-07 17:07:13.888+00","2020-04-07 17:07:13.888+00",NULL,NULL
5357,"Sandeshkhali","India","West Bengal","2020-04-07 17:07:13.946+00","2020-04-07 17:07:13.946+00",NULL,NULL
5358,"Mal","India","West Bengal","2020-04-07 17:07:13.993+00","2020-04-07 17:07:13.993+00",NULL,NULL
5359,"Santipur","India","West Bengal","2020-04-07 17:07:14.036+00","2020-04-07 17:07:14.036+00",NULL,NULL
5360,"Kalchini","India","West Bengal","2020-04-07 17:07:14.131+00","2020-04-07 17:07:14.131+00",NULL,NULL
5361,"Purbasthali I","India","West Bengal","2020-04-07 17:07:14.182+00","2020-04-07 17:07:14.182+00",NULL,NULL
5362,"Nabadwip","India","West Bengal","2020-04-07 17:07:14.231+00","2020-04-07 17:07:14.231+00",NULL,NULL
5363,"Chapra","India","West Bengal","2020-04-07 17:07:14.273+00","2020-04-07 17:07:14.273+00",NULL,NULL
5364,"Kaliganj","India","West Bengal","2020-04-07 17:07:14.528+00","2020-04-07 17:07:14.528+00",NULL,NULL
5365,"Karimpur I","India","West Bengal","2020-04-07 17:07:14.585+00","2020-04-07 17:07:14.585+00",NULL,NULL
5366,"Tehatta I","India","West Bengal","2020-04-07 17:07:14.643+00","2020-04-07 17:07:14.643+00",NULL,NULL
5367,"Nakashipara","India","West Bengal","2020-04-07 17:07:14.918+00","2020-04-07 17:07:14.918+00",NULL,NULL
5368,"Krishnagar - II","India","West Bengal","2020-04-07 17:07:16.472+00","2020-04-07 17:07:16.472+00",NULL,NULL
5369,"Tehatta","India","West Bengal","2020-04-07 17:07:16.515+00","2020-04-07 17:07:16.515+00",NULL,NULL
5370,"Krishnaganj","India","West Bengal","2020-04-07 17:07:17.026+00","2020-04-07 17:07:17.026+00",NULL,NULL
5371,"Burdwan","India","West Bengal","2020-04-07 17:07:17.073+00","2020-04-07 17:07:17.073+00",NULL,NULL
5372,"Tehatta Ii","India","West Bengal","2020-04-07 17:07:17.139+00","2020-04-07 17:07:17.139+00",NULL,NULL
5373,"Krishnanagar Municipality","India","West Bengal","2020-04-07 17:07:17.216+00","2020-04-07 17:07:17.216+00",NULL,NULL
5374,"Krishnanagar Ii","India","West Bengal","2020-04-07 17:07:17.486+00","2020-04-07 17:07:17.486+00",NULL,NULL
5375,"Shikarpur Bdo I","India","West Bengal","2020-04-07 17:07:17.542+00","2020-04-07 17:07:17.542+00",NULL,NULL
5376,"Krishnanagar-i","India","West Bengal","2020-04-07 17:07:18.003+00","2020-04-07 17:07:18.003+00",NULL,NULL
5377,"Ranaghat-ii","India","West Bengal","2020-04-07 17:07:18.245+00","2020-04-07 17:07:18.245+00",NULL,NULL
5378,"Ranaghat-i","India","West Bengal","2020-04-07 17:07:18.282+00","2020-04-07 17:07:18.282+00",NULL,NULL
5379,"Ranaghat - II","India","West Bengal","2020-04-07 17:07:18.324+00","2020-04-07 17:07:18.324+00",NULL,NULL
5380,"Hanskhali","India","West Bengal","2020-04-07 17:07:18.363+00","2020-04-07 17:07:18.363+00",NULL,NULL
5381,"Ranaghat - I","India","West Bengal","2020-04-07 17:07:18.408+00","2020-04-07 17:07:18.408+00",NULL,NULL
5382,"Haringhata","India","West Bengal","2020-04-07 17:07:18.465+00","2020-04-07 17:07:18.465+00",NULL,NULL
5383,"Chakdah","India","West Bengal","2020-04-07 17:07:18.51+00","2020-04-07 17:07:18.51+00",NULL,NULL
5384,"Ranaghat","India","West Bengal","2020-04-07 17:07:18.868+00","2020-04-07 17:07:18.868+00",NULL,NULL
5385,"Haringhat","India","West Bengal","2020-04-07 17:07:18.98+00","2020-04-07 17:07:18.98+00",NULL,NULL
5386,"A. C Lane","India","West Bengal","2020-04-07 17:07:19.922+00","2020-04-07 17:07:19.922+00",NULL,NULL
5387,"Jessore Road","India","West Bengal","2020-04-07 17:07:19.966+00","2020-04-07 17:07:19.966+00",NULL,NULL
5388,"Bediadanga","India","West Bengal","2020-04-07 17:07:20.006+00","2020-04-07 17:07:20.006+00",NULL,NULL
5389,"Kankurgachi","India","West Bengal","2020-04-07 17:07:20.494+00","2020-04-07 17:07:20.494+00",NULL,NULL
5390,"Sakltlake","India","West Bengal","2020-04-07 17:07:20.549+00","2020-04-07 17:07:20.549+00",NULL,NULL
5391,"Saltlake","India","West Bengal","2020-04-07 17:07:20.722+00","2020-04-07 17:07:20.722+00",NULL,NULL
5392,"Circus Avenue","India","West Bengal","2020-04-07 17:07:20.764+00","2020-04-07 17:07:20.764+00",NULL,NULL
5393,"North 24 Pgs","India","West Bengal","2020-04-07 17:07:21.513+00","2020-04-07 17:07:21.513+00",NULL,NULL
5394,"North 24 Pgs","India","West Bengal","2020-04-07 17:07:21.582+00","2020-04-07 17:07:21.582+00",NULL,NULL
5395,"Narkeldanga","India","West Bengal","2020-04-07 17:07:21.651+00","2020-04-07 17:07:21.651+00",NULL,NULL
5396,"Parsibagan","India","West Bengal","2020-04-07 17:07:21.741+00","2020-04-07 17:07:21.741+00",NULL,NULL
5397,"Patipukur","India","West Bengal","2020-04-07 17:07:22.064+00","2020-04-07 17:07:22.064+00",NULL,NULL
5398,"Saltklake","India","West Bengal","2020-04-07 17:07:22.147+00","2020-04-07 17:07:22.147+00",NULL,NULL
5399,"Sankaritola","India","West Bengal","2020-04-07 17:07:22.301+00","2020-04-07 17:07:22.301+00",NULL,NULL
5400,"Vip Nagar","India","West Bengal","2020-04-07 17:07:22.452+00","2020-04-07 17:07:22.452+00",NULL,NULL
5401,"Canning","India","West Bengal","2020-04-07 17:07:22.929+00","2020-04-07 17:07:22.929+00",NULL,NULL
5402,"Bishnupur - I","India","West Bengal","2020-04-07 17:07:23.194+00","2020-04-07 17:07:23.194+00",NULL,NULL
5403,"Mandirbazar","India","West Bengal","2020-04-07 17:07:23.237+00","2020-04-07 17:07:23.237+00",NULL,NULL
5404,"Kulpi","India","West Bengal","2020-04-07 17:07:23.729+00","2020-04-07 17:07:23.729+00",NULL,NULL
5405,"Champahati","India","West Bengal","2020-04-07 17:07:23.691+00","2020-04-07 17:07:23.691+00",NULL,NULL
5406,"Falta","India","West Bengal","2020-04-07 17:07:23.749+00","2020-04-07 17:07:23.749+00",NULL,NULL
5407,"Budge Budge - I","India","West Bengal","2020-04-07 17:07:23.86+00","2020-04-07 17:07:23.86+00",NULL,NULL
5408,"Joka","India","West Bengal","2020-04-07 17:07:23.943+00","2020-04-07 17:07:23.943+00",NULL,NULL
5409,"Mathurapur - I","India","West Bengal","2020-04-07 17:07:24.062+00","2020-04-07 17:07:24.062+00",NULL,NULL
5410,"Mathurapur - II","India","West Bengal","2020-04-07 17:07:24.144+00","2020-04-07 17:07:24.144+00",NULL,NULL
5411,"Salanpur","India","West Bengal","2020-04-07 17:07:24.934+00","2020-04-07 17:07:24.934+00",NULL,NULL
5412,"Pandabeswar","India","West Bengal","2020-04-07 17:07:24.996+00","2020-04-07 17:07:24.996+00",NULL,NULL
5413,"Duragpur Mc","India","West Bengal","2020-04-07 17:07:25.117+00","2020-04-07 17:07:25.117+00",NULL,NULL
5414,"Faridpur Durgapur","India","West Bengal","2020-04-07 17:07:26.032+00","2020-04-07 17:07:26.032+00",NULL,NULL
5415,"Pandaveshwar","India","West Bengal","2020-04-07 17:07:26.246+00","2020-04-07 17:07:26.246+00",NULL,NULL
5416,"Andal","India","West Bengal","2020-04-07 17:07:26.39+00","2020-04-07 17:07:26.39+00",NULL,NULL
5417,"Barabani","India","West Bengal","2020-04-07 17:07:26.49+00","2020-04-07 17:07:26.49+00",NULL,NULL
5418,"Jamuriahat","India","West Bengal","2020-04-07 17:07:26.817+00","2020-04-07 17:07:26.817+00",NULL,NULL
5419,"Baraboni","India","West Bengal","2020-04-07 17:07:27.521+00","2020-04-07 17:07:27.521+00",NULL,NULL
5420,"Paschim Bardhaman","India","West Bengal","2020-04-07 17:07:27.612+00","2020-04-07 17:07:27.612+00",NULL,NULL
5421,"Raniganj Mc","India","West Bengal","2020-04-07 17:07:28.291+00","2020-04-07 17:07:28.291+00",NULL,NULL
5422,"Barjora","India","West Bengal","2020-04-07 17:07:28.878+00","2020-04-07 17:07:28.878+00",NULL,NULL
5423,"Bishnupur","India","West Bengal","2020-04-07 17:07:28.987+00","2020-04-07 17:07:28.987+00",NULL,NULL
5424,"Raipur","India","West Bengal","2020-04-07 17:07:29.058+00","2020-04-07 17:07:29.058+00",NULL,NULL
5425,"Joypur","India","West Bengal","2020-04-07 17:07:29.092+00","2020-04-07 17:07:29.092+00",NULL,NULL
5426,"Indpur","India","West Bengal","2020-04-07 17:07:29.126+00","2020-04-07 17:07:29.126+00",NULL,NULL
5427,"Chhatna","India","West Bengal","2020-04-07 17:07:29.185+00","2020-04-07 17:07:29.185+00",NULL,NULL
5428,"Kotalpur","India","West Bengal","2020-04-07 17:07:29.48+00","2020-04-07 17:07:29.48+00",NULL,NULL
5429,"Indus","India","West Bengal","2020-04-07 17:07:29.549+00","2020-04-07 17:07:29.549+00",NULL,NULL
5430,"Saltora","India","West Bengal","2020-04-07 17:07:29.624+00","2020-04-07 17:07:29.624+00",NULL,NULL
5431,"Khatra","India","West Bengal","2020-04-07 17:07:29.886+00","2020-04-07 17:07:29.886+00",NULL,NULL
5432,"Simlapal","India","West Bengal","2020-04-07 17:07:30.158+00","2020-04-07 17:07:30.158+00",NULL,NULL
5433,"Mejhia","India","West Bengal","2020-04-07 17:07:30.237+00","2020-04-07 17:07:30.237+00",NULL,NULL
5434,"Patrasayer","India","West Bengal","2020-04-07 17:07:30.301+00","2020-04-07 17:07:30.301+00",NULL,NULL
5435,"Ranibandh","India","West Bengal","2020-04-07 17:07:30.417+00","2020-04-07 17:07:30.417+00",NULL,NULL
5436,"Sarenga","India","West Bengal","2020-04-07 17:07:30.674+00","2020-04-07 17:07:30.674+00",NULL,NULL
5437,"Habra - II","India","West Bengal","2020-04-07 17:07:30.977+00","2020-04-07 17:07:30.977+00",NULL,NULL
5438,"Deganga","India","West Bengal","2020-04-07 17:07:31.261+00","2020-04-07 17:07:31.261+00",NULL,NULL
5439,"Naahata","India","West Bengal","2020-04-07 17:07:31.463+00","2020-04-07 17:07:31.463+00",NULL,NULL
5440,"Noapara","India","West Bengal","2020-04-07 17:07:31.534+00","2020-04-07 17:07:31.534+00",NULL,NULL
5441,"Barrackpur - II","India","West Bengal","2020-04-07 17:07:31.577+00","2020-04-07 17:07:31.577+00",NULL,NULL
5442,"Palla","India","West Bengal","2020-04-07 17:07:31.618+00","2020-04-07 17:07:31.618+00",NULL,NULL
5443,"Petrapole","India","West Bengal","2020-04-07 17:07:31.66+00","2020-04-07 17:07:31.66+00",NULL,NULL
5444,"Rajarhat","India","West Bengal","2020-04-07 17:07:31.704+00","2020-04-07 17:07:31.704+00",NULL,NULL
5445,"Sindrani","India","West Bengal","2020-04-07 17:07:31.75+00","2020-04-07 17:07:31.75+00",NULL,NULL
5446,"Suria","India","West Bengal","2020-04-07 17:07:31.809+00","2020-04-07 17:07:31.809+00",NULL,NULL
5447,"Goribpur","India","West Bengal","2020-04-07 17:07:31.848+00","2020-04-07 17:07:31.848+00",NULL,NULL
5448,"H Colony","India","West Bengal","2020-04-07 17:07:31.902+00","2020-04-07 17:07:31.902+00",NULL,NULL
5449,"Gaighata","India","West Bengal","2020-04-07 17:07:32.174+00","2020-04-07 17:07:32.174+00",NULL,NULL
5450,"Amdanga","India","West Bengal","2020-04-07 17:07:32.426+00","2020-04-07 17:07:32.426+00",NULL,NULL
5451,"Swarupnagar","India","West Bengal","2020-04-07 17:07:32.479+00","2020-04-07 17:07:32.479+00",NULL,NULL
5452,"Baduria","India","West Bengal","2020-04-07 17:07:32.734+00","2020-04-07 17:07:32.734+00",NULL,NULL
5453,"Basirhat","India","West Bengal","2020-04-07 17:07:32.801+00","2020-04-07 17:07:32.801+00",NULL,NULL
5454,"Dhanyakuria","India","West Bengal","2020-04-07 17:07:32.846+00","2020-04-07 17:07:32.846+00",NULL,NULL
5455,"Gopalpur","India","West Bengal","2020-04-07 17:07:32.888+00","2020-04-07 17:07:32.888+00",NULL,NULL
5456,"Haroa","India","West Bengal","2020-04-07 17:07:32.93+00","2020-04-07 17:07:32.93+00",NULL,NULL
5457,"Hatgachha","India","West Bengal","2020-04-07 17:07:32.978+00","2020-04-07 17:07:32.978+00",NULL,NULL
5458,"Hasnabad","India","West Bengal","2020-04-07 17:07:33.226+00","2020-04-07 17:07:33.226+00",NULL,NULL
5459,"Hingalganj","India","West Bengal","2020-04-07 17:07:33.295+00","2020-04-07 17:07:33.295+00",NULL,NULL
5460,"Itinda","India","West Bengal","2020-04-07 17:07:33.34+00","2020-04-07 17:07:33.34+00",NULL,NULL
5461,"Jadurhati","India","West Bengal","2020-04-07 17:07:33.644+00","2020-04-07 17:07:33.644+00",NULL,NULL
5462,"Katiahat","India","West Bengal","2020-04-07 17:07:33.688+00","2020-04-07 17:07:33.688+00",NULL,NULL
5463,"Kholapota","India","West Bengal","2020-04-07 17:07:33.74+00","2020-04-07 17:07:33.74+00",NULL,NULL
5464,"Nazat","India","West Bengal","2020-04-07 17:07:33.836+00","2020-04-07 17:07:33.836+00",NULL,NULL
5465,"Bagdah","India","West Bengal","2020-04-07 17:07:33.946+00","2020-04-07 17:07:33.946+00",NULL,NULL
5466,"Bira","India","West Bengal","2020-04-07 17:07:34.153+00","2020-04-07 17:07:34.153+00",NULL,NULL
5467,"Chandpara","India","West Bengal","2020-04-07 17:07:34.201+00","2020-04-07 17:07:34.201+00",NULL,NULL
5468,"Chhoto Jagulia","India","West Bengal","2020-04-07 17:07:34.452+00","2020-04-07 17:07:34.452+00",NULL,NULL
5469,"Debalaya","India","West Bengal","2020-04-07 17:07:34.503+00","2020-04-07 17:07:34.503+00",NULL,NULL
5470,"Chatra","India","West Bengal","2020-04-07 17:07:34.766+00","2020-04-07 17:07:34.766+00",NULL,NULL
5471,"Gopalnagar","India","West Bengal","2020-04-07 17:07:34.834+00","2020-04-07 17:07:34.834+00",NULL,NULL
5472,"Ganrapota","India","West Bengal","2020-04-07 17:07:34.886+00","2020-04-07 17:07:34.886+00",NULL,NULL
5473,"Guma","India","West Bengal","2020-04-07 17:07:34.945+00","2020-04-07 17:07:34.945+00",NULL,NULL
5474,"Kumargramduar","India","West Bengal","2020-04-07 17:07:34.994+00","2020-04-07 17:07:34.994+00",NULL,NULL
5475,"Sitai","India","West Bengal","2020-04-07 17:07:35.05+00","2020-04-07 17:07:35.05+00",NULL,NULL
5476,"Dinhata","India","West Bengal","2020-04-07 17:07:35.09+00","2020-04-07 17:07:35.09+00",NULL,NULL
5477,"Sitalkuchi","India","West Bengal","2020-04-07 17:07:35.13+00","2020-04-07 17:07:35.13+00",NULL,NULL
5478,"Tufanganj","India","West Bengal","2020-04-07 17:07:35.157+00","2020-04-07 17:07:35.157+00",NULL,NULL
5479,"Cooch Behar","India","West Bengal","2020-04-07 17:07:35.494+00","2020-04-07 17:07:35.494+00",NULL,NULL
5480,"Hasimara","India","West Bengal","2020-04-07 17:07:35.575+00","2020-04-07 17:07:35.575+00",NULL,NULL
5481,"Mathabhanga - II","India","West Bengal","2020-04-07 17:07:35.632+00","2020-04-07 17:07:35.632+00",NULL,NULL
5482,"Hamiltonganj","India","West Bengal","2020-04-07 17:07:35.684+00","2020-04-07 17:07:35.684+00",NULL,NULL
5483,"Mathabhanga","India","West Bengal","2020-04-07 17:07:35.783+00","2020-04-07 17:07:35.783+00",NULL,NULL
5484,"Panabasti","India","West Bengal","2020-04-07 17:07:35.851+00","2020-04-07 17:07:35.851+00",NULL,NULL
5485,"Cooch Behar - II","India","West Bengal","2020-04-07 17:07:35.899+00","2020-04-07 17:07:35.899+00",NULL,NULL
5486,"Rajabhatkhawa","India","West Bengal","2020-04-07 17:07:35.948+00","2020-04-07 17:07:35.948+00",NULL,NULL
5487,"Phansidewa","India","West Bengal","2020-04-07 17:07:36.169+00","2020-04-07 17:07:36.169+00",NULL,NULL
5488,"Rajganj","India","West Bengal","2020-04-07 17:07:36.271+00","2020-04-07 17:07:36.271+00",NULL,NULL
5489,"Naxalbari","India","West Bengal","2020-04-07 17:07:36.323+00","2020-04-07 17:07:36.323+00",NULL,NULL
5490,"Kalimpong -I","India","West Bengal","2020-04-07 17:07:36.402+00","2020-04-07 17:07:36.402+00",NULL,NULL
5491,"Matigara","India","West Bengal","2020-04-07 17:07:36.571+00","2020-04-07 17:07:36.571+00",NULL,NULL
5492,"Mirik","India","West Bengal","2020-04-07 17:07:36.599+00","2020-04-07 17:07:36.599+00",NULL,NULL
5493,"Kalimpong","India","West Bengal","2020-04-07 17:07:36.647+00","2020-04-07 17:07:36.647+00",NULL,NULL
5494,"Banshihari","India","West Bengal","2020-04-07 17:07:37.364+00","2020-04-07 17:07:37.364+00",NULL,NULL
5495,"Gangarampur","India","West Bengal","2020-04-07 17:07:37.425+00","2020-04-07 17:07:37.425+00",NULL,NULL
5496,"Kumarganj","India","West Bengal","2020-04-07 17:07:37.472+00","2020-04-07 17:07:37.472+00",NULL,NULL
5497,"Harirampur","India","West Bengal","2020-04-07 17:07:37.512+00","2020-04-07 17:07:37.512+00",NULL,NULL
5498,"Hili","India","West Bengal","2020-04-07 17:07:37.556+00","2020-04-07 17:07:37.556+00",NULL,NULL
5499,"Kushmandi","India","West Bengal","2020-04-07 17:07:37.601+00","2020-04-07 17:07:37.601+00",NULL,NULL
5500,"Raiganj","India","West Bengal","2020-04-07 17:07:37.851+00","2020-04-07 17:07:37.851+00",NULL,NULL
5501,"Karandighi","India","West Bengal","2020-04-07 17:07:37.901+00","2020-04-07 17:07:37.901+00",NULL,NULL
5502,"Goalpokhar - I","India","West Bengal","2020-04-07 17:07:38.166+00","2020-04-07 17:07:38.166+00",NULL,NULL
5503,"Islampur","India","West Bengal","2020-04-07 17:07:38.222+00","2020-04-07 17:07:38.222+00",NULL,NULL
5504,"Itahar","India","West Bengal","2020-04-07 17:07:38.306+00","2020-04-07 17:07:38.306+00",NULL,NULL
5505,"Kaliaganj","India","West Bengal","2020-04-07 17:07:38.355+00","2020-04-07 17:07:38.355+00",NULL,NULL
5506,"Jagatballavpur","India","West Bengal","2020-04-07 17:07:38.714+00","2020-04-07 17:07:38.714+00",NULL,NULL
5507,"Bally Jagachha","India","West Bengal","2020-04-07 17:07:38.766+00","2020-04-07 17:07:38.766+00",NULL,NULL
5508,"Sankrail","India","West Bengal","2020-04-07 17:07:39.998+00","2020-04-07 17:07:39.998+00",NULL,NULL
5509,"Domjur","India","West Bengal","2020-04-07 17:07:40.136+00","2020-04-07 17:07:40.136+00",NULL,NULL
5510,"Dhupguri","India","West Bengal","2020-04-07 17:07:40.525+00","2020-04-07 17:07:40.525+00",NULL,NULL
5511,"Matteli","India","West Bengal","2020-04-07 17:07:40.58+00","2020-04-07 17:07:40.58+00",NULL,NULL
5512,"Maynaguri","India","West Bengal","2020-04-07 17:07:40.636+00","2020-04-07 17:07:40.636+00",NULL,NULL
5513,"Madarihat","India","West Bengal","2020-04-07 17:07:40.748+00","2020-04-07 17:07:40.748+00",NULL,NULL
5514,"Mekliganj","India","West Bengal","2020-04-07 17:07:41.21+00","2020-04-07 17:07:41.21+00",NULL,NULL
5515,"Jalpaiguri","India","West Bengal","2020-04-07 17:07:41.288+00","2020-04-07 17:07:41.288+00",NULL,NULL
5516,"Dhupguri Sadar","India","West Bengal","2020-04-07 17:07:41.33+00","2020-04-07 17:07:41.33+00",NULL,NULL
5517,"Mekhliganj","India","West Bengal","2020-04-07 17:07:41.432+00","2020-04-07 17:07:41.432+00",NULL,NULL
5518,"Nagrakata","India","West Bengal","2020-04-07 17:07:41.519+00","2020-04-07 17:07:41.519+00",NULL,NULL
5519,"Haldibari","India","West Bengal","2020-04-07 17:07:41.697+00","2020-04-07 17:07:41.697+00",NULL,NULL
5520,"Gorubathan","India","West Bengal","2020-04-07 17:07:41.739+00","2020-04-07 17:07:41.739+00",NULL,NULL
5521,"Mekhliganjs.o.","India","West Bengal","2020-04-07 17:07:41.805+00","2020-04-07 17:07:41.805+00",NULL,NULL
5522,"Keshpur","India","West Bengal","2020-04-07 17:07:41.94+00","2020-04-07 17:07:41.94+00",NULL,NULL
5523,"Kharagpur","India","West Bengal","2020-04-07 17:07:42.42+00","2020-04-07 17:07:42.42+00",NULL,NULL
5524,"Binpur-II","India","West Bengal","2020-04-07 17:07:42.481+00","2020-04-07 17:07:42.481+00",NULL,NULL
5525,"West Midnapore","India","West Bengal","2020-04-07 17:07:42.592+00","2020-04-07 17:07:42.592+00",NULL,NULL
5526,"Debra","India","West Bengal","2020-04-07 17:07:42.742+00","2020-04-07 17:07:42.742+00",NULL,NULL
5527,"Chandrakona-I","India","West Bengal","2020-04-07 17:07:42.809+00","2020-04-07 17:07:42.809+00",NULL,NULL
5528,"Salboni","India","West Bengal","2020-04-07 17:07:43.066+00","2020-04-07 17:07:43.066+00",NULL,NULL
5529,"Sabang","India","West Bengal","2020-04-07 17:07:43.125+00","2020-04-07 17:07:43.125+00",NULL,NULL
5530,"Khanakul I.b","India","West Bengal","2020-04-07 17:07:43.282+00","2020-04-07 17:07:43.282+00",NULL,NULL
5531,"Goghat-ii","India","West Bengal","2020-04-07 17:07:43.33+00","2020-04-07 17:07:43.33+00",NULL,NULL
5532,"Khanakul 2b","India","West Bengal","2020-04-07 17:07:43.426+00","2020-04-07 17:07:43.426+00",NULL,NULL
5533,"Addconagar","India","West Bengal","2020-04-07 17:07:43.904+00","2020-04-07 17:07:43.904+00",NULL,NULL
5534,"Balagarh","India","West Bengal","2020-04-07 17:07:43.937+00","2020-04-07 17:07:43.937+00",NULL,NULL
5535,"Chinsurah - Magra","India","West Bengal","2020-04-07 17:07:43.989+00","2020-04-07 17:07:43.989+00",NULL,NULL
5536,"Bansberia","India","West Bengal","2020-04-07 17:07:44.022+00","2020-04-07 17:07:44.022+00",NULL,NULL
5537,"Bhandarhati","India","West Bengal","2020-04-07 17:07:44.054+00","2020-04-07 17:07:44.054+00",NULL,NULL
5538,"Boinchi","India","West Bengal","2020-04-07 17:07:44.081+00","2020-04-07 17:07:44.081+00",NULL,NULL
5539,"Dasghara","India","West Bengal","2020-04-07 17:07:44.342+00","2020-04-07 17:07:44.342+00",NULL,NULL
5540,"Dhaniakhali","India","West Bengal","2020-04-07 17:07:44.49+00","2020-04-07 17:07:44.49+00",NULL,NULL
5541,"Guptipara","India","West Bengal","2020-04-07 17:07:44.531+00","2020-04-07 17:07:44.531+00",NULL,NULL
5542,"Gurap","India","West Bengal","2020-04-07 17:07:44.564+00","2020-04-07 17:07:44.564+00",NULL,NULL
5543,"Magra","India","West Bengal","2020-04-07 17:07:45.239+00","2020-04-07 17:07:45.239+00",NULL,NULL
5544,"Puinan","India","West Bengal","2020-04-07 17:07:45.336+00","2020-04-07 17:07:45.336+00",NULL,NULL
5545,"Goghat-i","India","West Bengal","2020-04-07 17:07:45.935+00","2020-04-07 17:07:45.935+00",NULL,NULL
5546,"Arambag","India","West Bengal","2020-04-07 17:07:46.43+00","2020-04-07 17:07:46.43+00",NULL,NULL
5547,"Pursurah.","India","West Bengal","2020-04-07 17:07:46.488+00","2020-04-07 17:07:46.488+00",NULL,NULL
5548,"Singur","India","West Bengal","2020-04-07 17:07:46.592+00","2020-04-07 17:07:46.592+00",NULL,NULL
5549,"Chanditala - II","India","West Bengal","2020-04-07 17:07:46.674+00","2020-04-07 17:07:46.674+00",NULL,NULL
5550,"Panskura-ii","India","West Bengal","2020-04-07 17:07:47.87+00","2020-04-07 17:07:47.87+00",NULL,NULL
5551,"Sutahata","India","West Bengal","2020-04-07 17:07:47.992+00","2020-04-07 17:07:47.992+00",NULL,NULL
5552,"Nandigram","India","West Bengal","2020-04-07 17:07:48.278+00","2020-04-07 17:07:48.278+00",NULL,NULL
5553,"Bhagawanpur","India","West Bengal","2020-04-07 17:07:49.966+00","2020-04-07 17:07:49.966+00",NULL,NULL
5554,"Panskura","India","West Bengal","2020-04-07 17:07:50.125+00","2020-04-07 17:07:50.125+00",NULL,NULL
5555,"Reapara","India","West Bengal","2020-04-07 17:07:50.61+00","2020-04-07 17:07:50.61+00",NULL,NULL
5556,"Panskura","India","West Bengal","2020-04-07 17:07:50.914+00","2020-04-07 17:07:50.914+00",NULL,NULL
5557,"Kajlagarh","India","West Bengal","2020-04-07 17:07:51.174+00","2020-04-07 17:07:51.174+00",NULL,NULL
5558,"Puncha","India","West Bengal","2020-04-07 17:07:51.237+00","2020-04-07 17:07:51.237+00",NULL,NULL
5559,"Raghunathpur","India","West Bengal","2020-04-07 17:07:51.32+00","2020-04-07 17:07:51.32+00",NULL,NULL
5560,"Santuri","India","West Bengal","2020-04-07 17:07:51.384+00","2020-04-07 17:07:51.384+00",NULL,NULL
5561,"Balarampur","India","West Bengal","2020-04-07 17:07:51.449+00","2020-04-07 17:07:51.449+00",NULL,NULL
5562,"Arsha","India","West Bengal","2020-04-07 17:07:51.519+00","2020-04-07 17:07:51.519+00",NULL,NULL
5563,"Tulin","India","West Bengal","2020-04-07 17:07:51.574+00","2020-04-07 17:07:51.574+00",NULL,NULL
5564,"Para","India","West Bengal","2020-04-07 17:07:51.777+00","2020-04-07 17:07:51.777+00",NULL,NULL
5565,"Jaipur","India","West Bengal","2020-04-07 17:07:51.803+00","2020-04-07 17:07:51.803+00",NULL,NULL
5566,"Bagmundi","India","West Bengal","2020-04-07 17:07:51.826+00","2020-04-07 17:07:51.826+00",NULL,NULL
5567,"Barabazar","India","West Bengal","2020-04-07 17:07:51.846+00","2020-04-07 17:07:51.846+00",NULL,NULL
5568,"Manbazar - II","India","West Bengal","2020-04-07 17:07:51.867+00","2020-04-07 17:07:51.867+00",NULL,NULL
5569,"Bundwan","India","West Bengal","2020-04-07 17:07:51.887+00","2020-04-07 17:07:51.887+00",NULL,NULL
5570,"Chharrah","India","West Bengal","2020-04-07 17:07:51.912+00","2020-04-07 17:07:51.912+00",NULL,NULL
5571,"Hura","India","West Bengal","2020-04-07 17:07:52.158+00","2020-04-07 17:07:52.158+00",NULL,NULL
5572,"Hutmura","India","West Bengal","2020-04-07 17:07:52.203+00","2020-04-07 17:07:52.203+00",NULL,NULL
5573,"Jhalda","India","West Bengal","2020-04-07 17:07:52.243+00","2020-04-07 17:07:52.243+00",NULL,NULL
5574,"Kotshila","India","West Bengal","2020-04-07 17:07:52.49+00","2020-04-07 17:07:52.49+00",NULL,NULL
5575,"Manihara","India","Odisha","2020-04-07 17:07:52.552+00","2020-09-29 07:25:38.041+00",NULL,NULL
5576,"jaipur","India","Odisha","2020-04-07 17:07:52.593+00","2020-09-29 07:30:12.514+00",NULL,NULL
5577,"Kashipur","India","West Bengal","2020-04-07 17:07:52.641+00","2020-04-07 17:07:52.641+00",NULL,NULL
5578,"City1","India","Andaman","2020-09-29 11:30:29.437+00","2020-09-29 11:30:29.437+00",NULL,NULL
