"id","name","country","createdAt","updatedAt","status"
37,"London","United Kingdom","2022-08-16 13:08:19.493+00","2022-08-16 13:08:19.493+00",0
38,"Birmingham","United Kingdom","2022-08-16 13:08:19.493+00","2022-08-16 13:08:19.493+00",0
39,"Manchester","United Kingdom","2022-08-16 13:08:19.493+00","2022-08-16 13:08:19.493+00",0
40,"Leeds","United Kingdom","2022-08-16 13:08:19.493+00","2022-08-16 13:08:19.493+00",0
41,"Newcastle","United Kingdom","2022-08-16 13:08:19.493+00","2022-08-16 13:08:19.493+00",0
42,"Birstall","United Kingdom","2022-08-16 13:08:19.493+00","2022-08-16 13:08:19.493+00",0
43,"Glasgow","United Kingdom","2022-08-16 13:08:19.493+00","2022-08-16 13:08:19.493+00",0
44,"Liverpool","United Kingdom","2022-08-16 13:08:19.493+00","2022-08-16 13:08:19.493+00",0
45,"Portsmouth","United Kingdom","2022-08-16 13:08:19.493+00","2022-08-16 13:08:19.493+00",0
46,"Southampton","United Kingdom","2022-08-16 13:08:19.493+00","2022-08-16 13:08:19.493+00",0
47,"Nottingham","United Kingdom","2022-08-16 13:08:19.493+00","2022-08-16 13:08:19.493+00",0
48,"Bristol","United Kingdom","2022-08-16 13:08:19.493+00","2022-08-16 13:08:19.493+00",0
49,"Sheffield","United Kingdom","2022-08-16 13:08:19.493+00","2022-08-16 13:08:19.493+00",0
50,"Kingston upon Hull","United Kingdom","2022-08-16 13:08:19.493+00","2022-08-16 13:08:19.493+00",0
51,"Leicester","United Kingdom","2022-08-16 13:08:19.493+00","2022-08-16 13:08:19.493+00",0
52,"Edinburgh","United Kingdom","2022-08-16 13:08:19.493+00","2022-08-16 13:08:19.493+00",0
53,"Caerdydd","United Kingdom","2022-08-16 13:08:19.493+00","2022-08-16 13:08:19.493+00",0
54,"Stoke-on-Trent","United Kingdom","2022-08-16 13:08:19.493+00","2022-08-16 13:08:19.493+00",0
55,"Coventry","United Kingdom","2022-08-16 13:08:19.493+00","2022-08-16 13:08:19.493+00",0
56,"Reading","United Kingdom","2022-08-16 13:08:19.493+00","2022-08-16 13:08:19.493+00",0
57,"Belfast","United Kingdom","2022-08-16 13:08:19.493+00","2022-08-16 13:08:19.493+00",0
58,"Derby","United Kingdom","2022-08-16 13:08:19.493+00","2022-08-16 13:08:19.493+00",0
59,"Plymouth","United Kingdom","2022-08-16 13:08:19.493+00","2022-08-16 13:08:19.493+00",0
60,"Wolverhampton","United Kingdom","2022-08-16 13:08:19.493+00","2022-08-16 13:08:19.493+00",0
61,"Abertawe","United Kingdom","2022-08-16 13:08:19.493+00","2022-08-16 13:08:19.493+00",0
62,"Milton Keynes","United Kingdom","2022-08-16 13:08:19.493+00","2022-08-16 13:08:19.493+00",0
63,"Aberdeen","United Kingdom","2022-08-16 13:08:19.493+00","2022-08-16 13:08:19.493+00",0
64,"Norwich","United Kingdom","2022-08-16 13:08:19.493+00","2022-08-16 13:08:19.493+00",0
65,"Luton","United Kingdom","2022-08-16 13:08:19.493+00","2022-08-16 13:08:19.493+00",0
66,"Islington","United Kingdom","2022-08-16 13:08:19.493+00","2022-08-16 13:08:19.493+00",0
67,"Swindon","United Kingdom","2022-08-16 13:08:19.493+00","2022-08-16 13:08:19.493+00",0
68,"Croydon","United Kingdom","2022-08-16 13:08:19.493+00","2022-08-16 13:08:19.493+00",0
69,"Basildon","United Kingdom","2022-08-16 13:08:19.493+00","2022-08-16 13:08:19.493+00",0
70,"Bournemouth","United Kingdom","2022-08-16 13:08:19.493+00","2022-08-16 13:08:19.493+00",0
71,"Worthing","United Kingdom","2022-08-16 13:08:19.493+00","2022-08-16 13:08:19.493+00",0
72,"Ipswich","United Kingdom","2022-08-16 13:08:19.493+00","2022-08-16 13:08:19.493+00",0
73,"Middlesbrough","United Kingdom","2022-08-16 13:08:19.493+00","2022-08-16 13:08:19.493+00",0
74,"Sunderland","United Kingdom","2022-08-16 13:08:19.493+00","2022-08-16 13:08:19.493+00",0
75,"Ilford","United Kingdom","2022-08-16 13:08:19.493+00","2022-08-16 13:08:19.493+00",0
76,"Warrington","United Kingdom","2022-08-16 13:08:19.493+00","2022-08-16 13:08:19.493+00",0
77,"Slough","United Kingdom","2022-08-16 13:08:19.493+00","2022-08-16 13:08:19.493+00",0
78,"Huddersfield","United Kingdom","2022-08-16 13:08:19.493+00","2022-08-16 13:08:19.493+00",0
79,"Oxford","United Kingdom","2022-08-16 13:08:19.493+00","2022-08-16 13:08:19.493+00",0
80,"York","United Kingdom","2022-08-16 13:08:19.493+00","2022-08-16 13:08:19.493+00",0
81,"Poole","United Kingdom","2022-08-16 13:08:19.493+00","2022-08-16 13:08:19.493+00",0
82,"Harrow","United Kingdom","2022-08-16 13:08:19.493+00","2022-08-16 13:08:19.493+00",0
83,"Dundee","United Kingdom","2022-08-16 13:08:19.493+00","2022-08-16 13:08:19.493+00",0
84,"Saint Albans","United Kingdom","2022-08-16 13:08:19.493+00","2022-08-16 13:08:19.493+00",0
85,"Telford","United Kingdom","2022-08-16 13:08:19.493+00","2022-08-16 13:08:19.493+00",0
86,"Blackpool","United Kingdom","2022-08-16 13:08:19.493+00","2022-08-16 13:08:19.493+00",0
87,"Brighton","United Kingdom","2022-08-16 13:08:19.493+00","2022-08-16 13:08:19.493+00",0
88,"Sale","United Kingdom","2022-08-16 13:08:19.493+00","2022-08-16 13:08:19.493+00",0
89,"Enfield","United Kingdom","2022-08-16 13:08:19.493+00","2022-08-16 13:08:19.493+00",0
90,"Tottenham","United Kingdom","2022-08-16 13:08:19.493+00","2022-08-16 13:08:19.493+00",0
91,"Bolton","United Kingdom","2022-08-16 13:08:19.493+00","2022-08-16 13:08:19.493+00",0
92,"Newport","United Kingdom","2022-08-16 13:08:19.493+00","2022-08-16 13:08:19.493+00",0
93,"High Wycombe","United Kingdom","2022-08-16 13:08:19.493+00","2022-08-16 13:08:19.493+00",0
94,"Exeter","United Kingdom","2022-08-16 13:08:19.493+00","2022-08-16 13:08:19.493+00",0
95,"Solihull","United Kingdom","2022-08-16 13:08:19.493+00","2022-08-16 13:08:19.493+00",0
96,"Romford","United Kingdom","2022-08-16 13:08:19.493+00","2022-08-16 13:08:19.493+00",0
97,"Preston","United Kingdom","2022-08-16 13:08:19.493+00","2022-08-16 13:08:19.493+00",0
98,"Gateshead","United Kingdom","2022-08-16 13:08:19.493+00","2022-08-16 13:08:19.493+00",0
99,"Blackburn","United Kingdom","2022-08-16 13:08:19.493+00","2022-08-16 13:08:19.493+00",0
100,"Cheltenham","United Kingdom","2022-08-16 13:08:19.493+00","2022-08-16 13:08:19.493+00",0
101,"Basingstoke","United Kingdom","2022-08-16 13:08:19.493+00","2022-08-16 13:08:19.493+00",0
102,"Maidstone","United Kingdom","2022-08-16 13:08:19.493+00","2022-08-16 13:08:19.493+00",0
103,"Colchester","United Kingdom","2022-08-16 13:08:19.493+00","2022-08-16 13:08:19.493+00",0
104,"Chelmsford","United Kingdom","2022-08-16 13:08:19.493+00","2022-08-16 13:08:19.493+00",0
105,"Wythenshawe","United Kingdom","2022-08-16 13:08:19.493+00","2022-08-16 13:08:19.493+00",0
106,"Doncaster","United Kingdom","2022-08-16 13:08:19.493+00","2022-08-16 13:08:19.493+00",0
107,"Rotherham","United Kingdom","2022-08-16 13:08:19.493+00","2022-08-16 13:08:19.493+00",0
108,"Walthamstow","United Kingdom","2022-08-16 13:08:19.493+00","2022-08-16 13:08:19.493+00",0
109,"Rochdale","United Kingdom","2022-08-16 13:08:19.493+00","2022-08-16 13:08:19.493+00",0
110,"Bedford","United Kingdom","2022-08-16 13:08:19.493+00","2022-08-16 13:08:19.493+00",0
28,"Meghalaya","India","2022-08-16 13:08:19.493+00","2022-11-18 10:00:47.138+00",1
12,"Bihar","India","2022-08-16 13:08:19.493+00","2022-11-18 10:00:35.484+00",1
7,"Gujarat","India","2022-08-16 13:08:19.493+00","2022-11-18 10:00:40.207+00",1
18,"Chandigarh","India","2022-08-16 13:08:19.493+00","2022-11-18 10:00:35.935+00",1
17,"Chhattisgarh","India","2022-08-16 13:08:19.493+00","2022-11-18 10:00:36.436+00",1
34,"Dadra and Nagar Haveli","India","2022-08-16 13:08:19.493+00","2022-11-18 10:00:36.91+00",1
35,"Daman and Diu","India","2022-08-16 13:08:19.493+00","2022-11-18 10:00:38.908+00",1
15,"Haryana","India","2022-08-16 13:08:19.493+00","2022-11-18 10:00:40.94+00",1
27,"Himachal Pradesh","India","2022-08-16 13:08:19.493+00","2022-11-18 10:00:41.964+00",1
16,"Jammu and Kashmir","India","2022-08-16 13:08:19.493+00","2022-11-18 10:00:42.406+00",1
4,"Karnataka","India","2022-08-16 13:08:19.493+00","2022-11-18 10:00:43.78+00",1
21,"Kerala","India","2022-08-16 13:08:19.493+00","2022-11-18 10:00:44.183+00",1
36,"Lakshadweep","India","2022-08-16 13:08:19.493+00","2022-11-18 10:00:45.268+00",1
10,"Madhya Pradesh","India","2022-08-16 13:08:19.493+00","2022-11-18 10:00:45.679+00",1
2,"Maharashtra","India","2022-08-16 13:08:19.493+00","2022-11-18 10:00:46.128+00",1
24,"Mizoram","India","2022-08-16 13:08:19.493+00","2022-11-18 10:00:48.253+00",1
26,"Puducherry","India","2022-08-16 13:08:19.493+00","2022-11-18 10:00:51.536+00",1
13,"Punjab","India","2022-08-16 13:08:19.493+00","2022-11-18 10:00:55.131+00",1
5,"Tamil Nadu","India","2022-08-16 13:08:19.493+00","2022-11-18 10:00:57.055+00",1
6,"Telangana","India","2022-08-16 13:08:19.493+00","2023-07-04 16:29:33.574+00",2
33,"Goa","India","2022-08-16 13:08:19.493+00","2022-11-18 10:00:39.726+00",1
19,"Assam","India","2022-08-16 13:08:19.493+00","2023-07-04 16:29:50.096+00",2
25,"Manipur","India","2022-08-16 13:08:19.493+00","2023-07-04 16:31:36.476+00",1
23,"Tripura","India","2022-08-16 13:08:19.493+00","2022-11-18 10:00:59.034+00",1
8,"Uttar Pradesh","India","2022-08-16 13:08:19.493+00","2022-12-02 11:14:16.993+00",1
22,"Uttarakhand","India","2022-08-16 13:08:19.493+00","2022-11-18 10:01:00.398+00",1
111,"Crawley","United Kingdom","2022-08-16 13:08:19.493+00","2022-08-16 13:08:19.493+00",0
112,"Mansfield","United Kingdom","2022-08-16 13:08:19.493+00","2022-08-16 13:08:19.493+00",0
113,"Dagenham","United Kingdom","2022-08-16 13:08:19.493+00","2022-08-16 13:08:19.493+00",0
114,"Stockport","United Kingdom","2022-08-16 13:08:19.493+00","2022-08-16 13:08:19.493+00",0
115,"Darlington","United Kingdom","2022-08-16 13:08:19.493+00","2022-08-16 13:08:19.493+00",0
116,"Fyfield","United Kingdom","2022-08-16 13:08:19.493+00","2022-08-16 13:08:19.493+00",0
117,"Gillingham","United Kingdom","2022-08-16 13:08:19.493+00","2022-08-16 13:08:19.493+00",0
118,"Salford","United Kingdom","2022-08-16 13:08:19.493+00","2022-08-16 13:08:19.493+00",0
119,"Eastbourne","United Kingdom","2022-08-16 13:08:19.493+00","2022-08-16 13:08:19.493+00",0
120,"Wigan","United Kingdom","2022-08-16 13:08:19.493+00","2022-08-16 13:08:19.493+00",0
121,"Hounslow","United Kingdom","2022-08-16 13:08:19.493+00","2022-08-16 13:08:19.493+00",0
122,"Wembley","United Kingdom","2022-08-16 13:08:19.493+00","2022-08-16 13:08:19.493+00",0
123,"Saint Helens","United Kingdom","2022-08-16 13:08:19.493+00","2022-08-16 13:08:19.493+00",0
124,"Worcester","United Kingdom","2022-08-16 13:08:19.493+00","2022-08-16 13:08:19.493+00",0
125,"Wakefield","United Kingdom","2022-08-16 13:08:19.493+00","2022-08-16 13:08:19.493+00",0
126,"Lincoln","United Kingdom","2022-08-16 13:08:19.493+00","2022-08-16 13:08:19.493+00",0
127,"Hemel Hempstead","United Kingdom","2022-08-16 13:08:19.493+00","2022-08-16 13:08:19.493+00",0
128,"Watford","United Kingdom","2022-08-16 13:08:19.493+00","2022-08-16 13:08:19.493+00",0
129,"Oldham","United Kingdom","2022-08-16 13:08:19.493+00","2022-08-16 13:08:19.493+00",0
130,"Sutton Coldfield","United Kingdom","2022-08-16 13:08:19.493+00","2022-08-16 13:08:19.493+00",0
131,"Kettering","United Kingdom","2022-08-16 13:08:19.493+00","2022-08-16 13:08:19.493+00",0
132,"Hastings","United Kingdom","2022-08-16 13:08:19.493+00","2022-08-16 13:08:19.493+00",0
133,"Hartlepool","United Kingdom","2022-08-16 13:08:19.493+00","2022-08-16 13:08:19.493+00",0
134,"Hove","United Kingdom","2022-08-16 13:08:19.493+00","2022-08-16 13:08:19.493+00",0
135,"Barnsley","United Kingdom","2022-08-16 13:08:19.493+00","2022-08-16 13:08:19.493+00",0
136,"Southport","United Kingdom","2022-08-16 13:08:19.493+00","2022-08-16 13:08:19.493+00",0
137,"Bath","United Kingdom","2022-08-16 13:08:19.493+00","2022-08-16 13:08:19.493+00",0
138,"Birkenhead","United Kingdom","2022-08-16 13:08:19.493+00","2022-08-16 13:08:19.493+00",0
139,"Grimsby","United Kingdom","2022-08-16 13:08:19.493+00","2022-08-16 13:08:19.493+00",0
140,"Halifax","United Kingdom","2022-08-16 13:08:19.493+00","2022-08-16 13:08:19.493+00",0
141,"Bromley","United Kingdom","2022-08-16 13:08:19.493+00","2022-08-16 13:08:19.493+00",0
142,"Fulham","United Kingdom","2022-08-16 13:08:19.493+00","2022-08-16 13:08:19.493+00",0
143,"Nuneaton","United Kingdom","2022-08-16 13:08:19.493+00","2022-08-16 13:08:19.493+00",0
144,"Derry","United Kingdom","2022-08-16 13:08:19.493+00","2022-08-16 13:08:19.493+00",0
145,"Ealing","United Kingdom","2022-08-16 13:08:19.493+00","2022-08-16 13:08:19.493+00",0
146,"Stockton-on-Tees","United Kingdom","2022-08-16 13:08:19.493+00","2022-08-16 13:08:19.493+00",0
147,"Woolwich","United Kingdom","2022-08-16 13:08:19.493+00","2022-08-16 13:08:19.493+00",0
148,"Bracknell","United Kingdom","2022-08-16 13:08:19.493+00","2022-08-16 13:08:19.493+00",0
149,"Hayes","United Kingdom","2022-08-16 13:08:19.493+00","2022-08-16 13:08:19.493+00",0
150,"Edmonton","United Kingdom","2022-08-16 13:08:19.493+00","2022-08-16 13:08:19.493+00",0
151,"Scunthorpe","United Kingdom","2022-08-16 13:08:19.493+00","2022-08-16 13:08:19.493+00",0
152,"Redditch","United Kingdom","2022-08-16 13:08:19.493+00","2022-08-16 13:08:19.493+00",0
153,"Chester","United Kingdom","2022-08-16 13:08:19.493+00","2022-08-16 13:08:19.493+00",0
154,"Dudley","United Kingdom","2022-08-16 13:08:19.493+00","2022-08-16 13:08:19.493+00",0
155,"Bury","United Kingdom","2022-08-16 13:08:19.493+00","2022-08-16 13:08:19.493+00",0
156,"Brixton","United Kingdom","2022-08-16 13:08:19.493+00","2022-08-16 13:08:19.493+00",0
157,"West Bromwich","United Kingdom","2022-08-16 13:08:19.493+00","2022-08-16 13:08:19.493+00",0
158,"Paisley","United Kingdom","2022-08-16 13:08:19.493+00","2022-08-16 13:08:19.493+00",0
159,"Guildford","United Kingdom","2022-08-16 13:08:19.493+00","2022-08-16 13:08:19.493+00",0
160,"Chatham","United Kingdom","2022-08-16 13:08:19.493+00","2022-08-16 13:08:19.493+00",0
161,"Edgware","United Kingdom","2022-08-16 13:08:19.493+00","2022-08-16 13:08:19.493+00",0
162,"East Ham","United Kingdom","2022-08-16 13:08:19.493+00","2022-08-16 13:08:19.493+00",0
163,"Weston-super-Mare","United Kingdom","2022-08-16 13:08:19.493+00","2022-08-16 13:08:19.493+00",0
164,"East Kilbride","United Kingdom","2022-08-16 13:08:19.493+00","2022-08-16 13:08:19.493+00",0
165,"South Shields","United Kingdom","2022-08-16 13:08:19.493+00","2022-08-16 13:08:19.493+00",0
166,"Carlisle","United Kingdom","2022-08-16 13:08:19.493+00","2022-08-16 13:08:19.493+00",0
167,"Newcastle under Lyme","United Kingdom","2022-08-16 13:08:19.493+00","2022-08-16 13:08:19.493+00",0
168,"Harrogate","United Kingdom","2022-08-16 13:08:19.493+00","2022-08-16 13:08:19.493+00",0
169,"Ashford","United Kingdom","2022-08-16 13:08:19.493+00","2022-08-16 13:08:19.493+00",0
170,"Gravesend","United Kingdom","2022-08-16 13:08:19.493+00","2022-08-16 13:08:19.493+00",0
171,"Burnley","United Kingdom","2022-08-16 13:08:19.493+00","2022-08-16 13:08:19.493+00",0
172,"Burton upon Trent","United Kingdom","2022-08-16 13:08:19.493+00","2022-08-16 13:08:19.493+00",0
173,"Crewe","United Kingdom","2022-08-16 13:08:19.493+00","2022-08-16 13:08:19.493+00",0
174,"Shrewsbury","United Kingdom","2022-08-16 13:08:19.493+00","2022-08-16 13:08:19.493+00",0
175,"Gosport","United Kingdom","2022-08-16 13:08:19.493+00","2022-08-16 13:08:19.493+00",0
176,"Lisburn","United Kingdom","2022-08-16 13:08:19.493+00","2022-08-16 13:08:19.493+00",0
177,"Lowestoft","United Kingdom","2022-08-16 13:08:19.493+00","2022-08-16 13:08:19.493+00",0
178,"Rugby","United Kingdom","2022-08-16 13:08:19.493+00","2022-08-16 13:08:19.493+00",0
179,"Uxbridge","United Kingdom","2022-08-16 13:08:19.493+00","2022-08-16 13:08:19.493+00",0
180,"Inverness","United Kingdom","2022-08-16 13:08:19.493+00","2022-08-16 13:08:19.493+00",0
181,"Keighley","United Kingdom","2022-08-16 13:08:19.493+00","2022-08-16 13:08:19.493+00",0
182,"Southall","United Kingdom","2022-08-16 13:08:19.493+00","2022-08-16 13:08:19.493+00",0
183,"Maidenhead","United Kingdom","2022-08-16 13:08:19.493+00","2022-08-16 13:08:19.493+00",0
184,"Stafford","United Kingdom","2022-08-16 13:08:19.493+00","2022-08-16 13:08:19.493+00",0
185,"Wimbledon","United Kingdom","2022-08-16 13:08:19.493+00","2022-08-16 13:08:19.493+00",0
186,"Walsall","United Kingdom","2022-08-16 13:08:19.493+00","2022-08-16 13:08:19.493+00",0
187,"Tynemouth","United Kingdom","2022-08-16 13:08:19.493+00","2022-08-16 13:08:19.493+00",0
188,"Washington","United Kingdom","2022-08-16 13:08:19.493+00","2022-08-16 13:08:19.493+00",0
189,"Loughborough","United Kingdom","2022-08-16 13:08:19.493+00","2022-08-16 13:08:19.493+00",0
190,"Chingford","United Kingdom","2022-08-16 13:08:19.493+00","2022-08-16 13:08:19.493+00",0
191,"Thornton Heath","United Kingdom","2022-08-16 13:08:19.493+00","2022-08-16 13:08:19.493+00",0
192,"Finchley","United Kingdom","2022-08-16 13:08:19.493+00","2022-08-16 13:08:19.493+00",0
193,"Wrecsam","United Kingdom","2022-08-16 13:08:19.493+00","2022-08-16 13:08:19.493+00",0
194,"Torquay","United Kingdom","2022-08-16 13:08:19.493+00","2022-08-16 13:08:19.493+00",0
195,"Farnborough","United Kingdom","2022-08-16 13:08:19.493+00","2022-08-16 13:08:19.493+00",0
196,"Kensington","United Kingdom","2022-08-16 13:08:19.493+00","2022-08-16 13:08:19.493+00",0
197,"Waterlooville","United Kingdom","2022-08-16 13:08:19.493+00","2022-08-16 13:08:19.493+00",0
198,"Hornchurch","United Kingdom","2022-08-16 13:08:19.493+00","2022-08-16 13:08:19.493+00",0
199,"Mitcham","United Kingdom","2022-08-16 13:08:19.493+00","2022-08-16 13:08:19.493+00",0
200,"Feltham","United Kingdom","2022-08-16 13:08:19.493+00","2022-08-16 13:08:19.493+00",0
201,"Stourbridge","United Kingdom","2022-08-16 13:08:19.493+00","2022-08-16 13:08:19.493+00",0
202,"Rochester","United Kingdom","2022-08-16 13:08:19.493+00","2022-08-16 13:08:19.493+00",0
203,"Dewsbury","United Kingdom","2022-08-16 13:08:19.493+00","2022-08-16 13:08:19.493+00",0
204,"Woking","United Kingdom","2022-08-16 13:08:19.493+00","2022-08-16 13:08:19.493+00",0
205,"Rhondda","United Kingdom","2022-08-16 13:08:19.493+00","2022-08-16 13:08:19.493+00",0
206,"Sittingbourne","United Kingdom","2022-08-16 13:08:19.493+00","2022-08-16 13:08:19.493+00",0
207,"Acton","United Kingdom","2022-08-16 13:08:19.493+00","2022-08-16 13:08:19.493+00",0
208,"Twickenham","United Kingdom","2022-08-16 13:08:19.493+00","2022-08-16 13:08:19.493+00",0
209,"Runcorn","United Kingdom","2022-08-16 13:08:19.493+00","2022-08-16 13:08:19.493+00",0
210,"Scarborough","United Kingdom","2022-08-16 13:08:19.493+00","2022-08-16 13:08:19.493+00",0
211,"Wandsworth","United Kingdom","2022-08-16 13:08:19.493+00","2022-08-16 13:08:19.493+00",0
212,"Widnes","United Kingdom","2022-08-16 13:08:19.493+00","2022-08-16 13:08:19.493+00",0
213,"Margate","United Kingdom","2022-08-16 13:08:19.493+00","2022-08-16 13:08:19.493+00",0
214,"Bangor","United Kingdom","2022-08-16 13:08:19.493+00","2022-08-16 13:08:19.493+00",0
215,"Morecambe","United Kingdom","2022-08-16 13:08:19.493+00","2022-08-16 13:08:19.493+00",0
216,"Taunton","United Kingdom","2022-08-16 13:08:19.493+00","2022-08-16 13:08:19.493+00",0
217,"Wallasey","United Kingdom","2022-08-16 13:08:19.493+00","2022-08-16 13:08:19.493+00",0
218,"Royal Tunbridge Wells","United Kingdom","2022-08-16 13:08:19.493+00","2022-08-16 13:08:19.493+00",0
219,"Barking","United Kingdom","2022-08-16 13:08:19.493+00","2022-08-16 13:08:19.493+00",0
220,"Aylesbury","United Kingdom","2022-08-16 13:08:19.493+00","2022-08-16 13:08:19.493+00",0
221,"Ruislip","United Kingdom","2022-08-16 13:08:19.493+00","2022-08-16 13:08:19.493+00",0
222,"Halesowen","United Kingdom","2022-08-16 13:08:19.493+00","2022-08-16 13:08:19.493+00",0
223,"Streatham","United Kingdom","2022-08-16 13:08:19.493+00","2022-08-16 13:08:19.493+00",0
224,"Livingston","United Kingdom","2022-08-16 13:08:19.493+00","2022-08-16 13:08:19.493+00",0
225,"Clacton-on-Sea","United Kingdom","2022-08-16 13:08:19.493+00","2022-08-16 13:08:19.493+00",0
226,"Barrow in Furness","United Kingdom","2022-08-16 13:08:19.493+00","2022-08-16 13:08:19.493+00",0
227,"Hereford","United Kingdom","2022-08-16 13:08:19.493+00","2022-08-16 13:08:19.493+00",0
228,"Ellesmere Port","United Kingdom","2022-08-16 13:08:19.493+00","2022-08-16 13:08:19.493+00",0
229,"Kidderminster","United Kingdom","2022-08-16 13:08:19.493+00","2022-08-16 13:08:19.493+00",0
230,"Canterbury","United Kingdom","2022-08-16 13:08:19.493+00","2022-08-16 13:08:19.493+00",0
231,"Corby","United Kingdom","2022-08-16 13:08:19.493+00","2022-08-16 13:08:19.493+00",0
232,"Brentwood","United Kingdom","2022-08-16 13:08:19.493+00","2022-08-16 13:08:19.493+00",0
233,"Hamilton","United Kingdom","2022-08-16 13:08:19.493+00","2022-08-16 13:08:19.493+00",0
234,"Dunfermline","United Kingdom","2022-08-16 13:08:19.493+00","2022-08-16 13:08:19.493+00",0
235,"Braintree","United Kingdom","2022-08-16 13:08:19.493+00","2022-08-16 13:08:19.493+00",0
236,"Weymouth","United Kingdom","2022-08-16 13:08:19.493+00","2022-08-16 13:08:19.493+00",0
237,"Hendon","United Kingdom","2022-08-16 13:08:19.493+00","2022-08-16 13:08:19.493+00",0
238,"Altrincham","United Kingdom","2022-08-16 13:08:19.493+00","2022-08-16 13:08:19.493+00",0
239,"Lancaster","United Kingdom","2022-08-16 13:08:19.493+00","2022-08-16 13:08:19.493+00",0
240,"Barri","United Kingdom","2022-08-16 13:08:19.493+00","2022-08-16 13:08:19.493+00",0
241,"Macclesfield","United Kingdom","2022-08-16 13:08:19.493+00","2022-08-16 13:08:19.493+00",0
242,"Bootle","United Kingdom","2022-08-16 13:08:19.493+00","2022-08-16 13:08:19.493+00",0
243,"Stratford","United Kingdom","2022-08-16 13:08:19.493+00","2022-08-16 13:08:19.493+00",0
244,"Horsham","United Kingdom","2022-08-16 13:08:19.493+00","2022-08-16 13:08:19.493+00",0
245,"Cumbernauld","United Kingdom","2022-08-16 13:08:19.493+00","2022-08-16 13:08:19.493+00",0
246,"Rowley Regis","United Kingdom","2022-08-16 13:08:19.493+00","2022-08-16 13:08:19.493+00",0
247,"Kirkcaldy","United Kingdom","2022-08-16 13:08:19.493+00","2022-08-16 13:08:19.493+00",0
248,"Crosby","United Kingdom","2022-08-16 13:08:19.493+00","2022-08-16 13:08:19.493+00",0
249,"Leith","United Kingdom","2022-08-16 13:08:19.493+00","2022-08-16 13:08:19.493+00",0
250,"Royal Leamington Spa","United Kingdom","2022-08-16 13:08:19.493+00","2022-08-16 13:08:19.493+00",0
251,"Llanelli","United Kingdom","2022-08-16 13:08:19.493+00","2022-08-16 13:08:19.493+00",0
252,"Batley","United Kingdom","2022-08-16 13:08:19.493+00","2022-08-16 13:08:19.493+00",0
253,"Pen-y-Bont ar Ogwr","United Kingdom","2022-08-16 13:08:19.493+00","2022-08-16 13:08:19.493+00",0
254,"Wellingborough","United Kingdom","2022-08-16 13:08:19.493+00","2022-08-16 13:08:19.493+00",0
255,"Sutton in Ashfield","United Kingdom","2022-08-16 13:08:19.493+00","2022-08-16 13:08:19.493+00",0
256,"Paignton","United Kingdom","2022-08-16 13:08:19.493+00","2022-08-16 13:08:19.493+00",0
257,"Eltham","United Kingdom","2022-08-16 13:08:19.493+00","2022-08-16 13:08:19.493+00",0
258,"Cwmbran","United Kingdom","2022-08-16 13:08:19.493+00","2022-08-16 13:08:19.493+00",0
259,"Christchurch","United Kingdom","2022-08-16 13:08:19.493+00","2022-08-16 13:08:19.493+00",0
260,"Morden","United Kingdom","2022-08-16 13:08:19.493+00","2022-08-16 13:08:19.493+00",0
261,"Durham","United Kingdom","2022-08-16 13:08:19.493+00","2022-08-16 13:08:19.493+00",0
262,"Barnet","United Kingdom","2022-08-16 13:08:19.493+00","2022-08-16 13:08:19.493+00",0
263,"West Bridgford","United Kingdom","2022-08-16 13:08:19.493+00","2022-08-16 13:08:19.493+00",0
264,"Perth","United Kingdom","2022-08-16 13:08:19.493+00","2022-08-16 13:08:19.493+00",0
265,"Stretford","United Kingdom","2022-08-16 13:08:19.493+00","2022-08-16 13:08:19.493+00",0
266,"Banbury","United Kingdom","2022-08-16 13:08:19.493+00","2022-08-16 13:08:19.493+00",0
267,"Beckenham","United Kingdom","2022-08-16 13:08:19.493+00","2022-08-16 13:08:19.493+00",0
268,"Greenford","United Kingdom","2022-08-16 13:08:19.493+00","2022-08-16 13:08:19.493+00",0
269,"Wokingham","United Kingdom","2022-08-16 13:08:19.493+00","2022-08-16 13:08:19.493+00",0
270,"Folkestone","United Kingdom","2022-08-16 13:08:19.493+00","2022-08-16 13:08:19.493+00",0
271,"Welwyn Garden City","United Kingdom","2022-08-16 13:08:19.493+00","2022-08-16 13:08:19.493+00",0
272,"Ayr","United Kingdom","2022-08-16 13:08:19.493+00","2022-08-16 13:08:19.493+00",0
273,"Kilmarnock","United Kingdom","2022-08-16 13:08:19.493+00","2022-08-16 13:08:19.493+00",0
274,"Havant","United Kingdom","2022-08-16 13:08:19.493+00","2022-08-16 13:08:19.493+00",0
275,"Chippenham","United Kingdom","2022-08-16 13:08:19.493+00","2022-08-16 13:08:19.493+00",0
276,"Erith","United Kingdom","2022-08-16 13:08:19.493+00","2022-08-16 13:08:19.493+00",0
277,"Hinckley","United Kingdom","2022-08-16 13:08:19.493+00","2022-08-16 13:08:19.493+00",0
278,"Ashton","United Kingdom","2022-08-16 13:08:19.493+00","2022-08-16 13:08:19.493+00",0
279,"Winchester","United Kingdom","2022-08-16 13:08:19.493+00","2022-08-16 13:08:19.493+00",0
280,"Surbiton","United Kingdom","2022-08-16 13:08:19.493+00","2022-08-16 13:08:19.493+00",0
281,"Yeovil","United Kingdom","2022-08-16 13:08:19.493+00","2022-08-16 13:08:19.493+00",0
282,"Catford","United Kingdom","2022-08-16 13:08:19.493+00","2022-08-16 13:08:19.493+00",0
283,"Grantham","United Kingdom","2022-08-16 13:08:19.493+00","2022-08-16 13:08:19.493+00",0
284,"Morley","United Kingdom","2022-08-16 13:08:19.493+00","2022-08-16 13:08:19.493+00",0
285,"Cheshunt","United Kingdom","2022-08-16 13:08:19.493+00","2022-08-16 13:08:19.493+00",0
286,"Coatbridge","United Kingdom","2022-08-16 13:08:19.493+00","2022-08-16 13:08:19.493+00",0
287,"Wallsend","United Kingdom","2022-08-16 13:08:19.493+00","2022-08-16 13:08:19.493+00",0
288,"Merthyr Tudful","United Kingdom","2022-08-16 13:08:19.493+00","2022-08-16 13:08:19.493+00",0
289,"Bexhill","United Kingdom","2022-08-16 13:08:19.493+00","2022-08-16 13:08:19.493+00",0
290,"Sidcup","United Kingdom","2022-08-16 13:08:19.493+00","2022-08-16 13:08:19.493+00",0
291,"Kingston upon Thames","United Kingdom","2022-08-16 13:08:19.493+00","2022-08-16 13:08:19.493+00",0
292,"Middleton","United Kingdom","2022-08-16 13:08:19.493+00","2022-08-16 13:08:19.493+00",0
293,"King’s Lynn","United Kingdom","2022-08-16 13:08:19.493+00","2022-08-16 13:08:19.493+00",0
294,"Fareham","United Kingdom","2022-08-16 13:08:19.493+00","2022-08-16 13:08:19.493+00",0
295,"Greenock","United Kingdom","2022-08-16 13:08:19.493+00","2022-08-16 13:08:19.493+00",0
296,"Urmston","United Kingdom","2022-08-16 13:08:19.493+00","2022-08-16 13:08:19.493+00",0
297,"Worksop","United Kingdom","2022-08-16 13:08:19.493+00","2022-08-16 13:08:19.493+00",0
298,"Sutton","United Kingdom","2022-08-16 13:08:19.493+00","2022-08-16 13:08:19.493+00",0
299,"Caerphilly","United Kingdom","2022-08-16 13:08:19.493+00","2022-08-16 13:08:19.493+00",0
300,"Bridgwater","United Kingdom","2022-08-16 13:08:19.493+00","2022-08-16 13:08:19.493+00",0
301,"Leigh","United Kingdom","2022-08-16 13:08:19.493+00","2022-08-16 13:08:19.493+00",0
302,"Newbury","United Kingdom","2022-08-16 13:08:19.493+00","2022-08-16 13:08:19.493+00",0
303,"Welling","United Kingdom","2022-08-16 13:08:19.493+00","2022-08-16 13:08:19.493+00",0
304,"Kingswood","United Kingdom","2022-08-16 13:08:19.493+00","2022-08-16 13:08:19.493+00",0
305,"Bury Saint Edmunds","United Kingdom","2022-08-16 13:08:19.493+00","2022-08-16 13:08:19.493+00",0
306,"Kirkby","United Kingdom","2022-08-16 13:08:19.493+00","2022-08-16 13:08:19.493+00",0
307,"Ramsgate","United Kingdom","2022-08-16 13:08:19.493+00","2022-08-16 13:08:19.493+00",0
308,"Tonbridge","United Kingdom","2022-08-16 13:08:19.493+00","2022-08-16 13:08:19.493+00",0
309,"Salisbury","United Kingdom","2022-08-16 13:08:19.493+00","2022-08-16 13:08:19.493+00",0
310,"Castleford","United Kingdom","2022-08-16 13:08:19.493+00","2022-08-16 13:08:19.493+00",0
311,"Bishops Stortford","United Kingdom","2022-08-16 13:08:19.493+00","2022-08-16 13:08:19.493+00",0
312,"Abingdon","United Kingdom","2022-08-16 13:08:19.493+00","2022-08-16 13:08:19.493+00",0
313,"Aberdare","United Kingdom","2022-08-16 13:08:19.493+00","2022-08-16 13:08:19.493+00",0
314,"Farnham","United Kingdom","2022-08-16 13:08:19.493+00","2022-08-16 13:08:19.493+00",0
315,"Aldridge","United Kingdom","2022-08-16 13:08:19.493+00","2022-08-16 13:08:19.493+00",0
316,"Hatfield","United Kingdom","2022-08-16 13:08:19.493+00","2022-08-16 13:08:19.493+00",0
317,"Cleethorpes","United Kingdom","2022-08-16 13:08:19.493+00","2022-08-16 13:08:19.493+00",0
318,"Skelmersdale","United Kingdom","2022-08-16 13:08:19.493+00","2022-08-16 13:08:19.493+00",0
319,"Tipton","United Kingdom","2022-08-16 13:08:19.493+00","2022-08-16 13:08:19.493+00",0
320,"Eccles","United Kingdom","2022-08-16 13:08:19.493+00","2022-08-16 13:08:19.493+00",0
321,"Great Yarmouth","United Kingdom","2022-08-16 13:08:19.493+00","2022-08-16 13:08:19.493+00",0
322,"Ilkeston","United Kingdom","2022-08-16 13:08:19.493+00","2022-08-16 13:08:19.493+00",0
323,"Herne Bay","United Kingdom","2022-08-16 13:08:19.493+00","2022-08-16 13:08:19.493+00",0
324,"Andover","United Kingdom","2022-08-16 13:08:19.493+00","2022-08-16 13:08:19.493+00",0
325,"Glenrothes","United Kingdom","2022-08-16 13:08:19.493+00","2022-08-16 13:08:19.493+00",0
326,"Camberley","United Kingdom","2022-08-16 13:08:19.493+00","2022-08-16 13:08:19.493+00",0
327,"Stirling","United Kingdom","2022-08-16 13:08:19.493+00","2022-08-16 13:08:19.493+00",0
328,"Arnold","United Kingdom","2022-08-16 13:08:19.493+00","2022-08-16 13:08:19.493+00",0
329,"Long Eaton","United Kingdom","2022-08-16 13:08:19.493+00","2022-08-16 13:08:19.493+00",0
330,"Blyth","United Kingdom","2022-08-16 13:08:19.493+00","2022-08-16 13:08:19.493+00",0
331,"Port Talbot","United Kingdom","2022-08-16 13:08:19.493+00","2022-08-16 13:08:19.493+00",0
332,"Bletchley","United Kingdom","2022-08-16 13:08:19.493+00","2022-08-16 13:08:19.493+00",0
333,"Leighton Buzzard","United Kingdom","2022-08-16 13:08:19.493+00","2022-08-16 13:08:19.493+00",0
334,"Fleet","United Kingdom","2022-08-16 13:08:19.493+00","2022-08-16 13:08:19.493+00",0
335,"Beeston","United Kingdom","2022-08-16 13:08:19.493+00","2022-08-16 13:08:19.493+00",0
336,"Small Heath","United Kingdom","2022-08-16 13:08:19.493+00","2022-08-16 13:08:19.493+00",0
337,"Houghton le Spring","United Kingdom","2022-08-16 13:08:19.493+00","2022-08-16 13:08:19.493+00",0
338,"Whitley Bay","United Kingdom","2022-08-16 13:08:19.493+00","2022-08-16 13:08:19.493+00",0
339,"Airdrie","United Kingdom","2022-08-16 13:08:19.493+00","2022-08-16 13:08:19.493+00",0
340,"Grays","United Kingdom","2022-08-16 13:08:19.493+00","2022-08-16 13:08:19.493+00",0
341,"Denton","United Kingdom","2022-08-16 13:08:19.493+00","2022-08-16 13:08:19.493+00",0
342,"Aldershot","United Kingdom","2022-08-16 13:08:19.493+00","2022-08-16 13:08:19.493+00",0
343,"Redcar","United Kingdom","2022-08-16 13:08:19.493+00","2022-08-16 13:08:19.493+00",0
344,"Walkden","United Kingdom","2022-08-16 13:08:19.493+00","2022-08-16 13:08:19.493+00",0
345,"Kenton","United Kingdom","2022-08-16 13:08:19.493+00","2022-08-16 13:08:19.493+00",0
346,"Leyland","United Kingdom","2022-08-16 13:08:19.493+00","2022-08-16 13:08:19.493+00",0
347,"Woodley","United Kingdom","2022-08-16 13:08:19.493+00","2022-08-16 13:08:19.493+00",0
348,"Accrington","United Kingdom","2022-08-16 13:08:19.493+00","2022-08-16 13:08:19.493+00",0
349,"Pont-y-pŵl","United Kingdom","2022-08-16 13:08:19.493+00","2022-08-16 13:08:19.493+00",0
350,"Bridlington","United Kingdom","2022-08-16 13:08:19.493+00","2022-08-16 13:08:19.493+00",0
351,"Falkirk","United Kingdom","2022-08-16 13:08:19.493+00","2022-08-16 13:08:19.493+00",0
352,"Billingham","United Kingdom","2022-08-16 13:08:19.493+00","2022-08-16 13:08:19.493+00",0
353,"Boston","United Kingdom","2022-08-16 13:08:19.493+00","2022-08-16 13:08:19.493+00",0
354,"Dunstable","United Kingdom","2022-08-16 13:08:19.493+00","2022-08-16 13:08:19.493+00",0
355,"Ewell","United Kingdom","2022-08-16 13:08:19.493+00","2022-08-16 13:08:19.493+00",0
356,"Chorley","United Kingdom","2022-08-16 13:08:19.493+00","2022-08-16 13:08:19.493+00",0
357,"Spalding","United Kingdom","2022-08-16 13:08:19.493+00","2022-08-16 13:08:19.493+00",0
358,"Exmouth","United Kingdom","2022-08-16 13:08:19.493+00","2022-08-16 13:08:19.493+00",0
359,"North Shields","United Kingdom","2022-08-16 13:08:19.493+00","2022-08-16 13:08:19.493+00",0
360,"Colwyn Bay","United Kingdom","2022-08-16 13:08:19.493+00","2022-08-16 13:08:19.493+00",0
361,"Irvine","United Kingdom","2022-08-16 13:08:19.493+00","2022-08-16 13:08:19.493+00",0
362,"Hyde","United Kingdom","2022-08-16 13:08:19.493+00","2022-08-16 13:08:19.493+00",0
363,"Wisbech","United Kingdom","2022-08-16 13:08:19.493+00","2022-08-16 13:08:19.493+00",0
364,"Lichfield","United Kingdom","2022-08-16 13:08:19.493+00","2022-08-16 13:08:19.493+00",0
365,"Wickford","United Kingdom","2022-08-16 13:08:19.493+00","2022-08-16 13:08:19.493+00",0
366,"Hitchin","United Kingdom","2022-08-16 13:08:19.493+00","2022-08-16 13:08:19.493+00",0
367,"Dumfries","United Kingdom","2022-08-16 13:08:19.493+00","2022-08-16 13:08:19.493+00",0
368,"Letchworth","United Kingdom","2022-08-16 13:08:19.493+00","2022-08-16 13:08:19.493+00",0
369,"Huyton","United Kingdom","2022-08-16 13:08:19.493+00","2022-08-16 13:08:19.493+00",0
370,"Strood","United Kingdom","2022-08-16 13:08:19.493+00","2022-08-16 13:08:19.493+00",0
371,"Trowbridge","United Kingdom","2022-08-16 13:08:19.493+00","2022-08-16 13:08:19.493+00",0
372,"Glossop","United Kingdom","2022-08-16 13:08:19.493+00","2022-08-16 13:08:19.493+00",0
373,"Pontypridd","United Kingdom","2022-08-16 13:08:19.493+00","2022-08-16 13:08:19.493+00",0
374,"Stroud","United Kingdom","2022-08-16 13:08:19.493+00","2022-08-16 13:08:19.493+00",0
375,"Bicester","United Kingdom","2022-08-16 13:08:19.493+00","2022-08-16 13:08:19.493+00",0
376,"Winsford","United Kingdom","2022-08-16 13:08:19.493+00","2022-08-16 13:08:19.493+00",0
377,"Windsor","United Kingdom","2022-08-16 13:08:19.493+00","2022-08-16 13:08:19.493+00",0
378,"Motherwell","United Kingdom","2022-08-16 13:08:19.493+00","2022-08-16 13:08:19.493+00",0
379,"Brighouse","United Kingdom","2022-08-16 13:08:19.493+00","2022-08-16 13:08:19.493+00",0
380,"Wigston Magna","United Kingdom","2022-08-16 13:08:19.493+00","2022-08-16 13:08:19.493+00",0
381,"Swadlincote","United Kingdom","2022-08-16 13:08:19.493+00","2022-08-16 13:08:19.493+00",0
382,"Rayleigh","United Kingdom","2022-08-16 13:08:19.493+00","2022-08-16 13:08:19.493+00",0
383,"Whitstable","United Kingdom","2022-08-16 13:08:19.493+00","2022-08-16 13:08:19.493+00",0
384,"Ecclesfield","United Kingdom","2022-08-16 13:08:19.493+00","2022-08-16 13:08:19.493+00",0
385,"Ryde","United Kingdom","2022-08-16 13:08:19.493+00","2022-08-16 13:08:19.493+00",0
386,"Earley","United Kingdom","2022-08-16 13:08:19.493+00","2022-08-16 13:08:19.493+00",0
387,"Borehamwood","United Kingdom","2022-08-16 13:08:19.493+00","2022-08-16 13:08:19.493+00",0
388,"Bexleyheath","United Kingdom","2022-08-16 13:08:19.493+00","2022-08-16 13:08:19.493+00",0
389,"Prestwich","United Kingdom","2022-08-16 13:08:19.493+00","2022-08-16 13:08:19.493+00",0
390,"Darwen","United Kingdom","2022-08-16 13:08:19.493+00","2022-08-16 13:08:19.493+00",0
391,"Epsom","United Kingdom","2022-08-16 13:08:19.493+00","2022-08-16 13:08:19.493+00",0
392,"Warwick","United Kingdom","2022-08-16 13:08:19.493+00","2022-08-16 13:08:19.493+00",0
393,"Pinner","United Kingdom","2022-08-16 13:08:19.493+00","2022-08-16 13:08:19.493+00",0
394,"Rutherglen","United Kingdom","2022-08-16 13:08:19.493+00","2022-08-16 13:08:19.493+00",0
395,"Loughton","United Kingdom","2022-08-16 13:08:19.493+00","2022-08-16 13:08:19.493+00",0
396,"Dover","United Kingdom","2022-08-16 13:08:19.493+00","2022-08-16 13:08:19.493+00",0
397,"Pontefract","United Kingdom","2022-08-16 13:08:19.493+00","2022-08-16 13:08:19.493+00",0
398,"Saint Neots","United Kingdom","2022-08-16 13:08:19.493+00","2022-08-16 13:08:19.493+00",0
399,"Bedworth","United Kingdom","2022-08-16 13:08:19.493+00","2022-08-16 13:08:19.493+00",0
400,"Burgess Hill","United Kingdom","2022-08-16 13:08:19.493+00","2022-08-16 13:08:19.493+00",0
401,"Northolt","United Kingdom","2022-08-16 13:08:19.493+00","2022-08-16 13:08:19.493+00",0
402,"Farnworth","United Kingdom","2022-08-16 13:08:19.493+00","2022-08-16 13:08:19.493+00",0
403,"Wishaw","United Kingdom","2022-08-16 13:08:19.493+00","2022-08-16 13:08:19.493+00",0
404,"Harpenden","United Kingdom","2022-08-16 13:08:19.493+00","2022-08-16 13:08:19.493+00",0
405,"Deal","United Kingdom","2022-08-16 13:08:19.493+00","2022-08-16 13:08:19.493+00",0
406,"Radcliffe","United Kingdom","2022-08-16 13:08:19.493+00","2022-08-16 13:08:19.493+00",0
407,"Carshalton","United Kingdom","2022-08-16 13:08:19.493+00","2022-08-16 13:08:19.493+00",0
408,"Plympton","United Kingdom","2022-08-16 13:08:19.493+00","2022-08-16 13:08:19.493+00",0
409,"Bulwell","United Kingdom","2022-08-16 13:08:19.493+00","2022-08-16 13:08:19.493+00",0
410,"Cambuslang","United Kingdom","2022-08-16 13:08:19.493+00","2022-08-16 13:08:19.493+00",0
411,"Sevenoaks","United Kingdom","2022-08-16 13:08:19.493+00","2022-08-16 13:08:19.493+00",0
412,"Northfleet","United Kingdom","2022-08-16 13:08:19.493+00","2022-08-16 13:08:19.493+00",0
413,"Cramlington","United Kingdom","2022-08-16 13:08:19.493+00","2022-08-16 13:08:19.493+00",0
414,"Rushden","United Kingdom","2022-08-16 13:08:19.493+00","2022-08-16 13:08:19.493+00",0
415,"Bromsgrove","United Kingdom","2022-08-16 13:08:19.493+00","2022-08-16 13:08:19.493+00",0
416,"Nelson","United Kingdom","2022-08-16 13:08:19.493+00","2022-08-16 13:08:19.493+00",0
417,"Beverley","United Kingdom","2022-08-16 13:08:19.493+00","2022-08-16 13:08:19.493+00",0
418,"Cannock","United Kingdom","2022-08-16 13:08:19.493+00","2022-08-16 13:08:19.493+00",0
419,"Hanwell","United Kingdom","2022-08-16 13:08:19.493+00","2022-08-16 13:08:19.493+00",0
420,"Stanford le Hope","United Kingdom","2022-08-16 13:08:19.493+00","2022-08-16 13:08:19.493+00",0
421,"Kendal","United Kingdom","2022-08-16 13:08:19.493+00","2022-08-16 13:08:19.493+00",0
422,"Willenhall","United Kingdom","2022-08-16 13:08:19.493+00","2022-08-16 13:08:19.493+00",0
423,"Wood Green","United Kingdom","2022-08-16 13:08:19.493+00","2022-08-16 13:08:19.493+00",0
424,"Heywood","United Kingdom","2022-08-16 13:08:19.493+00","2022-08-16 13:08:19.493+00",0
425,"Bearsden","United Kingdom","2022-08-16 13:08:19.493+00","2022-08-16 13:08:19.493+00",0
426,"Reddish","United Kingdom","2022-08-16 13:08:19.493+00","2022-08-16 13:08:19.493+00",0
427,"Billericay","United Kingdom","2022-08-16 13:08:19.493+00","2022-08-16 13:08:19.493+00",0
428,"Darlaston","United Kingdom","2022-08-16 13:08:19.493+00","2022-08-16 13:08:19.493+00",0
429,"Littlehampton","United Kingdom","2022-08-16 13:08:19.493+00","2022-08-16 13:08:19.493+00",0
430,"Ashington","United Kingdom","2022-08-16 13:08:19.493+00","2022-08-16 13:08:19.493+00",0
431,"Newton Mearns","United Kingdom","2022-08-16 13:08:19.493+00","2022-08-16 13:08:19.493+00",0
432,"Yate","United Kingdom","2022-08-16 13:08:19.493+00","2022-08-16 13:08:19.493+00",0
433,"Jarrow","United Kingdom","2022-08-16 13:08:19.493+00","2022-08-16 13:08:19.493+00",0
434,"Witney","United Kingdom","2022-08-16 13:08:19.493+00","2022-08-16 13:08:19.493+00",0
435,"Stratford-upon-Avon","United Kingdom","2022-08-16 13:08:19.493+00","2022-08-16 13:08:19.493+00",0
436,"Shotley Bridge","United Kingdom","2022-08-16 13:08:19.493+00","2022-08-16 13:08:19.493+00",0
437,"Ormskirk","United Kingdom","2022-08-16 13:08:19.493+00","2022-08-16 13:08:19.493+00",0
438,"Longton","United Kingdom","2022-08-16 13:08:19.493+00","2022-08-16 13:08:19.493+00",0
439,"Melton Mowbray","United Kingdom","2022-08-16 13:08:19.493+00","2022-08-16 13:08:19.493+00",0
440,"Haverhill","United Kingdom","2022-08-16 13:08:19.493+00","2022-08-16 13:08:19.493+00",0
441,"Didcot","United Kingdom","2022-08-16 13:08:19.493+00","2022-08-16 13:08:19.493+00",0
442,"Clifton","United Kingdom","2022-08-16 13:08:19.493+00","2022-08-16 13:08:19.493+00",0
443,"Chichester","United Kingdom","2022-08-16 13:08:19.493+00","2022-08-16 13:08:19.493+00",0
444,"Hertford","United Kingdom","2022-08-16 13:08:19.493+00","2022-08-16 13:08:19.493+00",0
445,"Highbury","United Kingdom","2022-08-16 13:08:19.493+00","2022-08-16 13:08:19.493+00",0
446,"Newton Aycliffe","United Kingdom","2022-08-16 13:08:19.493+00","2022-08-16 13:08:19.493+00",0
447,"Fern Down","United Kingdom","2022-08-16 13:08:19.493+00","2022-08-16 13:08:19.493+00",0
448,"Congleton","United Kingdom","2022-08-16 13:08:19.493+00","2022-08-16 13:08:19.493+00",0
449,"Cheadle Hulme","United Kingdom","2022-08-16 13:08:19.493+00","2022-08-16 13:08:19.493+00",0
450,"East Grinstead","United Kingdom","2022-08-16 13:08:19.493+00","2022-08-16 13:08:19.493+00",0
451,"Thatcham","United Kingdom","2022-08-16 13:08:19.493+00","2022-08-16 13:08:19.493+00",0
452,"Frome","United Kingdom","2022-08-16 13:08:19.493+00","2022-08-16 13:08:19.493+00",0
453,"Burntwood","United Kingdom","2022-08-16 13:08:19.493+00","2022-08-16 13:08:19.493+00",0
454,"Clydebank","United Kingdom","2022-08-16 13:08:19.493+00","2022-08-16 13:08:19.493+00",0
455,"Fleetwood","United Kingdom","2022-08-16 13:08:19.493+00","2022-08-16 13:08:19.493+00",0
456,"Bournville","United Kingdom","2022-08-16 13:08:19.493+00","2022-08-16 13:08:19.493+00",0
457,"Shenley Brook End","United Kingdom","2022-08-16 13:08:19.493+00","2022-08-16 13:08:19.493+00",0
458,"Bushey","United Kingdom","2022-08-16 13:08:19.493+00","2022-08-16 13:08:19.493+00",0
459,"New Milton","United Kingdom","2022-08-16 13:08:19.493+00","2022-08-16 13:08:19.493+00",0
460,"Northfield","United Kingdom","2022-08-16 13:08:19.493+00","2022-08-16 13:08:19.493+00",0
461,"Coulsdon","United Kingdom","2022-08-16 13:08:19.493+00","2022-08-16 13:08:19.493+00",0
462,"Bilston","United Kingdom","2022-08-16 13:08:19.493+00","2022-08-16 13:08:19.493+00",0
463,"Newton Abbot","United Kingdom","2022-08-16 13:08:19.493+00","2022-08-16 13:08:19.493+00",0
464,"Wellington","United Kingdom","2022-08-16 13:08:19.493+00","2022-08-16 13:08:19.493+00",0
465,"Oldbury","United Kingdom","2022-08-16 13:08:19.493+00","2022-08-16 13:08:19.493+00",0
466,"Bishop Auckland","United Kingdom","2022-08-16 13:08:19.493+00","2022-08-16 13:08:19.493+00",0
467,"Longbridge","United Kingdom","2022-08-16 13:08:19.493+00","2022-08-16 13:08:19.493+00",0
468,"Bloxwich","United Kingdom","2022-08-16 13:08:19.493+00","2022-08-16 13:08:19.493+00",0
469,"Upminster","United Kingdom","2022-08-16 13:08:19.493+00","2022-08-16 13:08:19.493+00",0
470,"Witham","United Kingdom","2022-08-16 13:08:19.493+00","2022-08-16 13:08:19.493+00",0
471,"Workington","United Kingdom","2022-08-16 13:08:19.493+00","2022-08-16 13:08:19.493+00",0
472,"Kingswinford","United Kingdom","2022-08-16 13:08:19.493+00","2022-08-16 13:08:19.493+00",0
473,"Rhyl","United Kingdom","2022-08-16 13:08:19.493+00","2022-08-16 13:08:19.493+00",0
474,"Daventry","United Kingdom","2022-08-16 13:08:19.493+00","2022-08-16 13:08:19.493+00",0
475,"Hindley","United Kingdom","2022-08-16 13:08:19.493+00","2022-08-16 13:08:19.493+00",0
476,"Rainham","United Kingdom","2022-08-16 13:08:19.493+00","2022-08-16 13:08:19.493+00",0
477,"Portishead","United Kingdom","2022-08-16 13:08:19.493+00","2022-08-16 13:08:19.493+00",0
478,"Pitsea","United Kingdom","2022-08-16 13:08:19.493+00","2022-08-16 13:08:19.493+00",0
479,"Westhoughton","United Kingdom","2022-08-16 13:08:19.493+00","2022-08-16 13:08:19.493+00",0
480,"Broadstairs","United Kingdom","2022-08-16 13:08:19.493+00","2022-08-16 13:08:19.493+00",0
481,"Consett","United Kingdom","2022-08-16 13:08:19.493+00","2022-08-16 13:08:19.493+00",0
482,"Thornaby on Tees","United Kingdom","2022-08-16 13:08:19.493+00","2022-08-16 13:08:19.493+00",0
483,"Wilmslow","United Kingdom","2022-08-16 13:08:19.493+00","2022-08-16 13:08:19.493+00",0
484,"Kings Norton","United Kingdom","2022-08-16 13:08:19.493+00","2022-08-16 13:08:19.493+00",0
485,"Thetford","United Kingdom","2022-08-16 13:08:19.493+00","2022-08-16 13:08:19.493+00",0
486,"Elgin","United Kingdom","2022-08-16 13:08:19.493+00","2022-08-16 13:08:19.493+00",0
487,"Chester-le-Street","United Kingdom","2022-08-16 13:08:19.493+00","2022-08-16 13:08:19.493+00",0
488,"Farnley","United Kingdom","2022-08-16 13:08:19.493+00","2022-08-16 13:08:19.493+00",0
489,"Great Sankey","United Kingdom","2022-08-16 13:08:19.493+00","2022-08-16 13:08:19.493+00",0
490,"Golborne","United Kingdom","2022-08-16 13:08:19.493+00","2022-08-16 13:08:19.493+00",0
491,"Plymstock","United Kingdom","2022-08-16 13:08:19.493+00","2022-08-16 13:08:19.493+00",0
492,"Bognor Regis","United Kingdom","2022-08-16 13:08:19.493+00","2022-08-16 13:08:19.493+00",0
493,"Barnstaple","United Kingdom","2022-08-16 13:08:19.493+00","2022-08-16 13:08:19.493+00",0
494,"Rugeley","United Kingdom","2022-08-16 13:08:19.493+00","2022-08-16 13:08:19.493+00",0
495,"Eastleigh","United Kingdom","2022-08-16 13:08:19.493+00","2022-08-16 13:08:19.493+00",0
496,"Ashton in Makerfield","United Kingdom","2022-08-16 13:08:19.493+00","2022-08-16 13:08:19.493+00",0
497,"Whitehaven","United Kingdom","2022-08-16 13:08:19.493+00","2022-08-16 13:08:19.493+00",0
498,"Rickmansworth","United Kingdom","2022-08-16 13:08:19.493+00","2022-08-16 13:08:19.493+00",0
499,"Littleover","United Kingdom","2022-08-16 13:08:19.493+00","2022-08-16 13:08:19.493+00",0
500,"Caversham","United Kingdom","2022-08-16 13:08:19.493+00","2022-08-16 13:08:19.493+00",0
501,"Oadby","United Kingdom","2022-08-16 13:08:19.493+00","2022-08-16 13:08:19.493+00",0
502,"Bishopbriggs","United Kingdom","2022-08-16 13:08:19.493+00","2022-08-16 13:08:19.493+00",0
503,"Kidsgrove","United Kingdom","2022-08-16 13:08:19.493+00","2022-08-16 13:08:19.493+00",0
504,"Huntingdon","United Kingdom","2022-08-16 13:08:19.493+00","2022-08-16 13:08:19.493+00",0
505,"Stalybridge","United Kingdom","2022-08-16 13:08:19.493+00","2022-08-16 13:08:19.493+00",0
506,"Stanmore","United Kingdom","2022-08-16 13:08:19.493+00","2022-08-16 13:08:19.493+00",0
507,"Felixstowe","United Kingdom","2022-08-16 13:08:19.493+00","2022-08-16 13:08:19.493+00",0
508,"Marple","United Kingdom","2022-08-16 13:08:19.493+00","2022-08-16 13:08:19.493+00",0
509,"Perry Barr","United Kingdom","2022-08-16 13:08:19.493+00","2022-08-16 13:08:19.493+00",0
510,"Gosforth","United Kingdom","2022-08-16 13:08:19.493+00","2022-08-16 13:08:19.493+00",0
511,"Droitwich","United Kingdom","2022-08-16 13:08:19.493+00","2022-08-16 13:08:19.493+00",0
512,"Arbroath","United Kingdom","2022-08-16 13:08:19.493+00","2022-08-16 13:08:19.493+00",0
513,"Seaford","United Kingdom","2022-08-16 13:08:19.493+00","2022-08-16 13:08:19.493+00",0
514,"Evesham","United Kingdom","2022-08-16 13:08:19.493+00","2022-08-16 13:08:19.493+00",0
515,"Whitefield","United Kingdom","2022-08-16 13:08:19.493+00","2022-08-16 13:08:19.493+00",0
516,"Penwortham","United Kingdom","2022-08-16 13:08:19.493+00","2022-08-16 13:08:19.493+00",0
517,"Harborne","United Kingdom","2022-08-16 13:08:19.493+00","2022-08-16 13:08:19.493+00",0
518,"Swinton","United Kingdom","2022-08-16 13:08:19.493+00","2022-08-16 13:08:19.493+00",0
519,"Market Harborough","United Kingdom","2022-08-16 13:08:19.493+00","2022-08-16 13:08:19.493+00",0
520,"Penistone","United Kingdom","2022-08-16 13:08:19.493+00","2022-08-16 13:08:19.493+00",0
521,"Gainsborough","United Kingdom","2022-08-16 13:08:19.493+00","2022-08-16 13:08:19.493+00",0
522,"Walton upon Thames","United Kingdom","2022-08-16 13:08:19.493+00","2022-08-16 13:08:19.493+00",0
523,"Erdington","United Kingdom","2022-08-16 13:08:19.493+00","2022-08-16 13:08:19.493+00",0
524,"Haywards Heath","United Kingdom","2022-08-16 13:08:19.493+00","2022-08-16 13:08:19.493+00",0
525,"Stratton Saint Margaret","United Kingdom","2022-08-16 13:08:19.493+00","2022-08-16 13:08:19.493+00",0
526,"Droylsden","United Kingdom","2022-08-16 13:08:19.493+00","2022-08-16 13:08:19.493+00",0
527,"Wednesfield","United Kingdom","2022-08-16 13:08:19.493+00","2022-08-16 13:08:19.493+00",0
528,"Calverley","United Kingdom","2022-08-16 13:08:19.493+00","2022-08-16 13:08:19.493+00",0
529,"Leigh-on-Sea","United Kingdom","2022-08-16 13:08:19.493+00","2022-08-16 13:08:19.493+00",0
530,"Formby","United Kingdom","2022-08-16 13:08:19.493+00","2022-08-16 13:08:19.493+00",0
531,"Kenilworth","United Kingdom","2022-08-16 13:08:19.493+00","2022-08-16 13:08:19.493+00",0
532,"Pudsey","United Kingdom","2022-08-16 13:08:19.493+00","2022-08-16 13:08:19.493+00",0
533,"Guiseley","United Kingdom","2022-08-16 13:08:19.493+00","2022-08-16 13:08:19.493+00",0
534,"Alfreton","United Kingdom","2022-08-16 13:08:19.493+00","2022-08-16 13:08:19.493+00",0
535,"March","United Kingdom","2022-08-16 13:08:19.493+00","2022-08-16 13:08:19.493+00",0
536,"Litherland","United Kingdom","2022-08-16 13:08:19.493+00","2022-08-16 13:08:19.493+00",0
537,"Yeadon","United Kingdom","2022-08-16 13:08:19.493+00","2022-08-16 13:08:19.493+00",0
538,"Acomb","United Kingdom","2022-08-16 13:08:19.493+00","2022-08-16 13:08:19.493+00",0
539,"Buxton","United Kingdom","2022-08-16 13:08:19.493+00","2022-08-16 13:08:19.493+00",0
540,"Newton in Makerfield","United Kingdom","2022-08-16 13:08:19.493+00","2022-08-16 13:08:19.493+00",0
541,"Penarth","United Kingdom","2022-08-16 13:08:19.493+00","2022-08-16 13:08:19.493+00",0
542,"Horley","United Kingdom","2022-08-16 13:08:19.493+00","2022-08-16 13:08:19.493+00",0
543,"Northwood","United Kingdom","2022-08-16 13:08:19.493+00","2022-08-16 13:08:19.493+00",0
544,"East Retford","United Kingdom","2022-08-16 13:08:19.493+00","2022-08-16 13:08:19.493+00",0
545,"Atherton","United Kingdom","2022-08-16 13:08:19.493+00","2022-08-16 13:08:19.493+00",0
546,"Rawtenstall","United Kingdom","2022-08-16 13:08:19.493+00","2022-08-16 13:08:19.493+00",0
547,"Musselburgh","United Kingdom","2022-08-16 13:08:19.493+00","2022-08-16 13:08:19.493+00",0
548,"Renfrew","United Kingdom","2022-08-16 13:08:19.493+00","2022-08-16 13:08:19.493+00",0
549,"Belper","United Kingdom","2022-08-16 13:08:19.493+00","2022-08-16 13:08:19.493+00",0
550,"Reigate","United Kingdom","2022-08-16 13:08:19.493+00","2022-08-16 13:08:19.493+00",0
551,"Sheldon","United Kingdom","2022-08-16 13:08:19.493+00","2022-08-16 13:08:19.493+00",0
552,"Godalming","United Kingdom","2022-08-16 13:08:19.493+00","2022-08-16 13:08:19.493+00",0
553,"Falmouth","United Kingdom","2022-08-16 13:08:19.493+00","2022-08-16 13:08:19.493+00",0
554,"Kilwinning","United Kingdom","2022-08-16 13:08:19.493+00","2022-08-16 13:08:19.493+00",0
555,"Potters Bar","United Kingdom","2022-08-16 13:08:19.493+00","2022-08-16 13:08:19.493+00",0
556,"Camborne","United Kingdom","2022-08-16 13:08:19.493+00","2022-08-16 13:08:19.493+00",0
557,"Linslade","United Kingdom","2022-08-16 13:08:19.493+00","2022-08-16 13:08:19.493+00",0
558,"Chesham","United Kingdom","2022-08-16 13:08:19.493+00","2022-08-16 13:08:19.493+00",0
559,"Richmond","United Kingdom","2022-08-16 13:08:19.493+00","2022-08-16 13:08:19.493+00",0
560,"Chandlers Ford","United Kingdom","2022-08-16 13:08:19.493+00","2022-08-16 13:08:19.493+00",0
561,"Darton","United Kingdom","2022-08-16 13:08:19.493+00","2022-08-16 13:08:19.493+00",0
562,"Royton","United Kingdom","2022-08-16 13:08:19.493+00","2022-08-16 13:08:19.493+00",0
563,"Clevedon","United Kingdom","2022-08-16 13:08:19.493+00","2022-08-16 13:08:19.493+00",0
564,"Dronfield","United Kingdom","2022-08-16 13:08:19.493+00","2022-08-16 13:08:19.493+00",0
565,"Ossett","United Kingdom","2022-08-16 13:08:19.493+00","2022-08-16 13:08:19.493+00",0
566,"Penzance","United Kingdom","2022-08-16 13:08:19.493+00","2022-08-16 13:08:19.493+00",0
567,"Waltham Abbey","United Kingdom","2022-08-16 13:08:19.493+00","2022-08-16 13:08:19.493+00",0
568,"Omagh","United Kingdom","2022-08-16 13:08:19.493+00","2022-08-16 13:08:19.493+00",0
569,"Caterham","United Kingdom","2022-08-16 13:08:19.493+00","2022-08-16 13:08:19.493+00",0
570,"Woodlesford","United Kingdom","2022-08-16 13:08:19.493+00","2022-08-16 13:08:19.493+00",0
571,"Maesteg","United Kingdom","2022-08-16 13:08:19.493+00","2022-08-16 13:08:19.493+00",0
572,"Normanton","United Kingdom","2022-08-16 13:08:19.493+00","2022-08-16 13:08:19.493+00",0
573,"Wallington","United Kingdom","2022-08-16 13:08:19.493+00","2022-08-16 13:08:19.493+00",0
574,"Ripley","United Kingdom","2022-08-16 13:08:19.493+00","2022-08-16 13:08:19.493+00",0
575,"Sandhurst","United Kingdom","2022-08-16 13:08:19.493+00","2022-08-16 13:08:19.493+00",0
576,"Leek","United Kingdom","2022-08-16 13:08:19.493+00","2022-08-16 13:08:19.493+00",0
577,"Alloa","United Kingdom","2022-08-16 13:08:19.493+00","2022-08-16 13:08:19.493+00",0
578,"Boscombe","United Kingdom","2022-08-16 13:08:19.493+00","2022-08-16 13:08:19.493+00",0
579,"Llandudno","United Kingdom","2022-08-16 13:08:19.493+00","2022-08-16 13:08:19.493+00",0
580,"Failsworth","United Kingdom","2022-08-16 13:08:19.493+00","2022-08-16 13:08:19.493+00",0
581,"Kirkstall","United Kingdom","2022-08-16 13:08:19.493+00","2022-08-16 13:08:19.493+00",0
582,"Kirkby in Ashfield","United Kingdom","2022-08-16 13:08:19.493+00","2022-08-16 13:08:19.493+00",0
583,"Bellshill","United Kingdom","2022-08-16 13:08:19.493+00","2022-08-16 13:08:19.493+00",0
584,"Crowborough","United Kingdom","2022-08-16 13:08:19.493+00","2022-08-16 13:08:19.493+00",0
585,"Shoreham-by-Sea","United Kingdom","2022-08-16 13:08:19.493+00","2022-08-16 13:08:19.493+00",0
586,"Dumbarton","United Kingdom","2022-08-16 13:08:19.493+00","2022-08-16 13:08:19.493+00",0
587,"Hythe","United Kingdom","2022-08-16 13:08:19.493+00","2022-08-16 13:08:19.493+00",0
588,"Hailsham","United Kingdom","2022-08-16 13:08:19.493+00","2022-08-16 13:08:19.493+00",0
589,"Maghull","United Kingdom","2022-08-16 13:08:19.493+00","2022-08-16 13:08:19.493+00",0
590,"Bathgate","United Kingdom","2022-08-16 13:08:19.493+00","2022-08-16 13:08:19.493+00",0
591,"Rothwell","United Kingdom","2022-08-16 13:08:19.493+00","2022-08-16 13:08:19.493+00",0
592,"Newquay","United Kingdom","2022-08-16 13:08:19.493+00","2022-08-16 13:08:19.493+00",0
593,"Hoddesdon","United Kingdom","2022-08-16 13:08:19.493+00","2022-08-16 13:08:19.493+00",0
594,"Seaham","United Kingdom","2022-08-16 13:08:19.493+00","2022-08-16 13:08:19.493+00",0
595,"Peterlee","United Kingdom","2022-08-16 13:08:19.493+00","2022-08-16 13:08:19.493+00",0
596,"Halewood","United Kingdom","2022-08-16 13:08:19.493+00","2022-08-16 13:08:19.493+00",0
597,"Ely","United Kingdom","2022-08-16 13:08:19.493+00","2022-08-16 13:08:19.493+00",0
598,"Killingworth","United Kingdom","2022-08-16 13:08:19.493+00","2022-08-16 13:08:19.493+00",0
599,"Horwich","United Kingdom","2022-08-16 13:08:19.493+00","2022-08-16 13:08:19.493+00",0
600,"Bispham","United Kingdom","2022-08-16 13:08:19.493+00","2022-08-16 13:08:19.493+00",0
601,"Antrim","United Kingdom","2022-08-16 13:08:19.493+00","2022-08-16 13:08:19.493+00",0
602,"Wetherby","United Kingdom","2022-08-16 13:08:19.493+00","2022-08-16 13:08:19.493+00",0
603,"Saint Austell","United Kingdom","2022-08-16 13:08:19.493+00","2022-08-16 13:08:19.493+00",0
604,"Irlam","United Kingdom","2022-08-16 13:08:19.493+00","2022-08-16 13:08:19.493+00",0
605,"Northwich","United Kingdom","2022-08-16 13:08:19.493+00","2022-08-16 13:08:19.493+00",0
606,"Biddulph","United Kingdom","2022-08-16 13:08:19.493+00","2022-08-16 13:08:19.493+00",0
607,"Spennymoor","United Kingdom","2022-08-16 13:08:19.493+00","2022-08-16 13:08:19.493+00",0
608,"Barrhead","United Kingdom","2022-08-16 13:08:19.493+00","2022-08-16 13:08:19.493+00",0
609,"Garforth","United Kingdom","2022-08-16 13:08:19.493+00","2022-08-16 13:08:19.493+00",0
610,"Tewkesbury","United Kingdom","2022-08-16 13:08:19.493+00","2022-08-16 13:08:19.493+00",0
611,"Stamford","United Kingdom","2022-08-16 13:08:19.493+00","2022-08-16 13:08:19.493+00",0
612,"Kirkintilloch","United Kingdom","2022-08-16 13:08:19.493+00","2022-08-16 13:08:19.493+00",0
613,"Davyhulme","United Kingdom","2022-08-16 13:08:19.493+00","2022-08-16 13:08:19.493+00",0
614,"Skegness","United Kingdom","2022-08-16 13:08:19.493+00","2022-08-16 13:08:19.493+00",0
615,"Burnham-on-Sea","United Kingdom","2022-08-16 13:08:19.493+00","2022-08-16 13:08:19.493+00",0
616,"Abbots Langley","United Kingdom","2022-08-16 13:08:19.493+00","2022-08-16 13:08:19.493+00",0
617,"Mirfield","United Kingdom","2022-08-16 13:08:19.493+00","2022-08-16 13:08:19.493+00",0
618,"Tiverton","United Kingdom","2022-08-16 13:08:19.493+00","2022-08-16 13:08:19.493+00",0
619,"Goole","United Kingdom","2022-08-16 13:08:19.493+00","2022-08-16 13:08:19.493+00",0
620,"South Ockendon","United Kingdom","2022-08-16 13:08:19.493+00","2022-08-16 13:08:19.493+00",0
621,"Romsey","United Kingdom","2022-08-16 13:08:19.493+00","2022-08-16 13:08:19.493+00",0
622,"Kempston","United Kingdom","2022-08-16 13:08:19.493+00","2022-08-16 13:08:19.493+00",0
623,"Adel","United Kingdom","2022-08-16 13:08:19.493+00","2022-08-16 13:08:19.493+00",0
624,"Liversedge","United Kingdom","2022-08-16 13:08:19.493+00","2022-08-16 13:08:19.493+00",0
625,"Hampton","United Kingdom","2022-08-16 13:08:19.493+00","2022-08-16 13:08:19.493+00",0
626,"Great Linford","United Kingdom","2022-08-16 13:08:19.493+00","2022-08-16 13:08:19.493+00",0
627,"Faversham","United Kingdom","2022-08-16 13:08:19.493+00","2022-08-16 13:08:19.493+00",0
628,"Dukinfield","United Kingdom","2022-08-16 13:08:19.493+00","2022-08-16 13:08:19.493+00",0
629,"Stowmarket","United Kingdom","2022-08-16 13:08:19.493+00","2022-08-16 13:08:19.493+00",0
630,"Neath","United Kingdom","2022-08-16 13:08:19.493+00","2022-08-16 13:08:19.493+00",0
631,"Ecclesall","United Kingdom","2022-08-16 13:08:19.493+00","2022-08-16 13:08:19.493+00",0
632,"Molesey","United Kingdom","2022-08-16 13:08:19.493+00","2022-08-16 13:08:19.493+00",0
633,"Cirencester","United Kingdom","2022-08-16 13:08:19.493+00","2022-08-16 13:08:19.493+00",0
634,"Dorchester","United Kingdom","2022-08-16 13:08:19.493+00","2022-08-16 13:08:19.493+00",0
635,"Monkseaton","United Kingdom","2022-08-16 13:08:19.493+00","2022-08-16 13:08:19.493+00",0
636,"Linlithgow","United Kingdom","2022-08-16 13:08:19.493+00","2022-08-16 13:08:19.493+00",0
637,"Southbourne","United Kingdom","2022-08-16 13:08:19.493+00","2022-08-16 13:08:19.493+00",0
638,"Horsforth","United Kingdom","2022-08-16 13:08:19.493+00","2022-08-16 13:08:19.493+00",0
639,"Prestatyn","United Kingdom","2022-08-16 13:08:19.493+00","2022-08-16 13:08:19.493+00",0
640,"Kilbirnie","United Kingdom","2022-08-16 13:08:19.493+00","2022-08-16 13:08:19.493+00",0
641,"Lancing","United Kingdom","2022-08-16 13:08:19.493+00","2022-08-16 13:08:19.493+00",0
642,"Ware","United Kingdom","2022-08-16 13:08:19.493+00","2022-08-16 13:08:19.493+00",0
643,"Truro","United Kingdom","2022-08-16 13:08:19.493+00","2022-08-16 13:08:19.493+00",0
644,"Eastwood","United Kingdom","2022-08-16 13:08:19.493+00","2022-08-16 13:08:19.493+00",0
645,"East Dereham","United Kingdom","2022-08-16 13:08:19.493+00","2022-08-16 13:08:19.493+00",0
646,"Ebbw Vale","United Kingdom","2022-08-16 13:08:19.493+00","2022-08-16 13:08:19.493+00",0
647,"Peterhead","United Kingdom","2022-08-16 13:08:19.493+00","2022-08-16 13:08:19.493+00",0
648,"Appley Bridge","United Kingdom","2022-08-16 13:08:19.493+00","2022-08-16 13:08:19.493+00",0
649,"Berkhampstead","United Kingdom","2022-08-16 13:08:19.493+00","2022-08-16 13:08:19.493+00",0
650,"Rawmarsh","United Kingdom","2022-08-16 13:08:19.493+00","2022-08-16 13:08:19.493+00",0
651,"Poulton le Fylde","United Kingdom","2022-08-16 13:08:19.493+00","2022-08-16 13:08:19.493+00",0
652,"Staines-upon-Thames","United Kingdom","2022-08-16 13:08:19.493+00","2022-08-16 13:08:19.493+00",0
653,"Bedlington","United Kingdom","2022-08-16 13:08:19.493+00","2022-08-16 13:08:19.493+00",0
654,"Mill Hill","United Kingdom","2022-08-16 13:08:19.493+00","2022-08-16 13:08:19.493+00",0
655,"Almondbury","United Kingdom","2022-08-16 13:08:19.493+00","2022-08-16 13:08:19.493+00",0
656,"Hadleigh","United Kingdom","2022-08-16 13:08:19.493+00","2022-08-16 13:08:19.493+00",0
657,"Staveley","United Kingdom","2022-08-16 13:08:19.493+00","2022-08-16 13:08:19.493+00",0
658,"Fulwood","United Kingdom","2022-08-16 13:08:19.493+00","2022-08-16 13:08:19.493+00",0
659,"Redhill","United Kingdom","2022-08-16 13:08:19.493+00","2022-08-16 13:08:19.493+00",0
660,"Aberystwyth","United Kingdom","2022-08-16 13:08:19.493+00","2022-08-16 13:08:19.493+00",0
661,"Sunbury","United Kingdom","2022-08-16 13:08:19.493+00","2022-08-16 13:08:19.493+00",0
662,"Mickleover","United Kingdom","2022-08-16 13:08:19.493+00","2022-08-16 13:08:19.493+00",0
663,"Sandbach","United Kingdom","2022-08-16 13:08:19.493+00","2022-08-16 13:08:19.493+00",0
664,"Madeley","United Kingdom","2022-08-16 13:08:19.493+00","2022-08-16 13:08:19.493+00",0
665,"Grangemouth","United Kingdom","2022-08-16 13:08:19.493+00","2022-08-16 13:08:19.493+00",0
666,"Ramsbottom","United Kingdom","2022-08-16 13:08:19.493+00","2022-08-16 13:08:19.493+00",0
667,"Colne","United Kingdom","2022-08-16 13:08:19.493+00","2022-08-16 13:08:19.493+00",0
668,"Alton","United Kingdom","2022-08-16 13:08:19.493+00","2022-08-16 13:08:19.493+00",0
669,"Portchester","United Kingdom","2022-08-16 13:08:19.493+00","2022-08-16 13:08:19.493+00",0
670,"Guisborough","United Kingdom","2022-08-16 13:08:19.493+00","2022-08-16 13:08:19.493+00",0
671,"Harwich","United Kingdom","2022-08-16 13:08:19.493+00","2022-08-16 13:08:19.493+00",0
672,"Sleaford","United Kingdom","2022-08-16 13:08:19.493+00","2022-08-16 13:08:19.493+00",0
673,"Moreton","United Kingdom","2022-08-16 13:08:19.493+00","2022-08-16 13:08:19.493+00",0
674,"Quedgeley","United Kingdom","2022-08-16 13:08:19.493+00","2022-08-16 13:08:19.493+00",0
675,"Warminster","United Kingdom","2022-08-16 13:08:19.493+00","2022-08-16 13:08:19.493+00",0
676,"Woodhouse","United Kingdom","2022-08-16 13:08:19.493+00","2022-08-16 13:08:19.493+00",0
677,"Bramhall","United Kingdom","2022-08-16 13:08:19.493+00","2022-08-16 13:08:19.493+00",0
678,"Nantwich","United Kingdom","2022-08-16 13:08:19.493+00","2022-08-16 13:08:19.493+00",0
679,"Hednesford","United Kingdom","2022-08-16 13:08:19.493+00","2022-08-16 13:08:19.493+00",0
680,"Lewes","United Kingdom","2022-08-16 13:08:19.493+00","2022-08-16 13:08:19.493+00",0
681,"Houghton Regis","United Kingdom","2022-08-16 13:08:19.493+00","2022-08-16 13:08:19.493+00",0
682,"Thornton","United Kingdom","2022-08-16 13:08:19.493+00","2022-08-16 13:08:19.493+00",0
683,"Calne","United Kingdom","2022-08-16 13:08:19.493+00","2022-08-16 13:08:19.493+00",0
684,"Heanor","United Kingdom","2022-08-16 13:08:19.493+00","2022-08-16 13:08:19.493+00",0
685,"Friern Barnet","United Kingdom","2022-08-16 13:08:19.493+00","2022-08-16 13:08:19.493+00",0
686,"Milton","United Kingdom","2022-08-16 13:08:19.493+00","2022-08-16 13:08:19.493+00",0
687,"Glen Parva","United Kingdom","2022-08-16 13:08:19.493+00","2022-08-16 13:08:19.493+00",0
688,"Cottingham","United Kingdom","2022-08-16 13:08:19.493+00","2022-08-16 13:08:19.493+00",0
689,"Bideford","United Kingdom","2022-08-16 13:08:19.493+00","2022-08-16 13:08:19.493+00",0
690,"Oswestry","United Kingdom","2022-08-16 13:08:19.493+00","2022-08-16 13:08:19.493+00",0
691,"Mosbrough","United Kingdom","2022-08-16 13:08:19.493+00","2022-08-16 13:08:19.493+00",0
692,"Heysham","United Kingdom","2022-08-16 13:08:19.493+00","2022-08-16 13:08:19.493+00",0
693,"Golcar","United Kingdom","2022-08-16 13:08:19.493+00","2022-08-16 13:08:19.493+00",0
694,"Westbury","United Kingdom","2022-08-16 13:08:19.493+00","2022-08-16 13:08:19.493+00",0
695,"Heckmondwike","United Kingdom","2022-08-16 13:08:19.493+00","2022-08-16 13:08:19.493+00",0
696,"Clayton","United Kingdom","2022-08-16 13:08:19.493+00","2022-08-16 13:08:19.493+00",0
697,"Morriston","United Kingdom","2022-08-16 13:08:19.493+00","2022-08-16 13:08:19.493+00",0
698,"High Blantyre","United Kingdom","2022-08-16 13:08:19.493+00","2022-08-16 13:08:19.493+00",0
699,"Braunstone","United Kingdom","2022-08-16 13:08:19.493+00","2022-08-16 13:08:19.493+00",0
700,"Haslingden","United Kingdom","2022-08-16 13:08:19.493+00","2022-08-16 13:08:19.493+00",0
701,"Northallerton","United Kingdom","2022-08-16 13:08:19.493+00","2022-08-16 13:08:19.493+00",0
702,"Haslemere","United Kingdom","2022-08-16 13:08:19.493+00","2022-08-16 13:08:19.493+00",0
703,"Saint Andrews","United Kingdom","2022-08-16 13:08:19.493+00","2022-08-16 13:08:19.493+00",0
704,"Fazakerley","United Kingdom","2022-08-16 13:08:19.493+00","2022-08-16 13:08:19.493+00",0
705,"Windlesham","United Kingdom","2022-08-16 13:08:19.493+00","2022-08-16 13:08:19.493+00",0
706,"Connahs Quay","United Kingdom","2022-08-16 13:08:19.493+00","2022-08-16 13:08:19.493+00",0
707,"Plumstead","United Kingdom","2022-08-16 13:08:19.493+00","2022-08-16 13:08:19.493+00",0
708,"Ripon","United Kingdom","2022-08-16 13:08:19.493+00","2022-08-16 13:08:19.493+00",0
709,"Brixham","United Kingdom","2022-08-16 13:08:19.493+00","2022-08-16 13:08:19.493+00",0
710,"Maltby","United Kingdom","2022-08-16 13:08:19.493+00","2022-08-16 13:08:19.493+00",0
711,"Banstead","United Kingdom","2022-08-16 13:08:19.493+00","2022-08-16 13:08:19.493+00",0
712,"Whickham","United Kingdom","2022-08-16 13:08:19.493+00","2022-08-16 13:08:19.493+00",0
713,"Keynsham","United Kingdom","2022-08-16 13:08:19.493+00","2022-08-16 13:08:19.493+00",0
714,"Johnstone","United Kingdom","2022-08-16 13:08:19.493+00","2022-08-16 13:08:19.493+00",0
715,"Cleckheaton","United Kingdom","2022-08-16 13:08:19.493+00","2022-08-16 13:08:19.493+00",0
716,"Newmarket","United Kingdom","2022-08-16 13:08:19.493+00","2022-08-16 13:08:19.493+00",0
717,"The Mumbles","United Kingdom","2022-08-16 13:08:19.493+00","2022-08-16 13:08:19.493+00",0
718,"Biggleswade","United Kingdom","2022-08-16 13:08:19.493+00","2022-08-16 13:08:19.493+00",0
719,"Cowley","United Kingdom","2022-08-16 13:08:19.493+00","2022-08-16 13:08:19.493+00",0
720,"Hebburn","United Kingdom","2022-08-16 13:08:19.493+00","2022-08-16 13:08:19.493+00",0
721,"Enfield Lock","United Kingdom","2022-08-16 13:08:19.493+00","2022-08-16 13:08:19.493+00",0
722,"Louth","United Kingdom","2022-08-16 13:08:19.493+00","2022-08-16 13:08:19.493+00",0
723,"Buckhaven","United Kingdom","2022-08-16 13:08:19.493+00","2022-08-16 13:08:19.493+00",0
724,"Stone","United Kingdom","2022-08-16 13:08:19.493+00","2022-08-16 13:08:19.493+00",0
725,"Saint Ives","United Kingdom","2022-08-16 13:08:19.493+00","2022-08-16 13:08:19.493+00",0
726,"Denby Dale","United Kingdom","2022-08-16 13:08:19.493+00","2022-08-16 13:08:19.493+00",0
727,"Clitheroe","United Kingdom","2022-08-16 13:08:19.493+00","2022-08-16 13:08:19.493+00",0
728,"Queensbury","United Kingdom","2022-08-16 13:08:19.493+00","2022-08-16 13:08:19.493+00",0
729,"Stepney","United Kingdom","2022-08-16 13:08:19.493+00","2022-08-16 13:08:19.493+00",0
730,"Basford","United Kingdom","2022-08-16 13:08:19.493+00","2022-08-16 13:08:19.493+00",0
731,"Saltash","United Kingdom","2022-08-16 13:08:19.493+00","2022-08-16 13:08:19.493+00",0
732,"Giffnock","United Kingdom","2022-08-16 13:08:19.493+00","2022-08-16 13:08:19.493+00",0
733,"Tyldesley","United Kingdom","2022-08-16 13:08:19.493+00","2022-08-16 13:08:19.493+00",0
734,"East Barnet","United Kingdom","2022-08-16 13:08:19.493+00","2022-08-16 13:08:19.493+00",0
735,"Upton","United Kingdom","2022-08-16 13:08:19.493+00","2022-08-16 13:08:19.493+00",0
736,"Whittlesey","United Kingdom","2022-08-16 13:08:19.493+00","2022-08-16 13:08:19.493+00",0
737,"Worcester Park","United Kingdom","2022-08-16 13:08:19.493+00","2022-08-16 13:08:19.493+00",0
738,"Porthcawl","United Kingdom","2022-08-16 13:08:19.493+00","2022-08-16 13:08:19.493+00",0
739,"East Finchley","United Kingdom","2022-08-16 13:08:19.493+00","2022-08-16 13:08:19.493+00",0
740,"Chertsey","United Kingdom","2022-08-16 13:08:19.493+00","2022-08-16 13:08:19.493+00",0
741,"Dawlish","United Kingdom","2022-08-16 13:08:19.493+00","2022-08-16 13:08:19.493+00",0
742,"Penicuik","United Kingdom","2022-08-16 13:08:19.493+00","2022-08-16 13:08:19.493+00",0
743,"Bingley","United Kingdom","2022-08-16 13:08:19.493+00","2022-08-16 13:08:19.493+00",0
744,"Adwick le Street","United Kingdom","2022-08-16 13:08:19.493+00","2022-08-16 13:08:19.493+00",0
745,"Addlestone","United Kingdom","2022-08-16 13:08:19.493+00","2022-08-16 13:08:19.493+00",0
746,"Royston","United Kingdom","2022-08-16 13:08:19.493+00","2022-08-16 13:08:19.493+00",0
747,"Carterton","United Kingdom","2022-08-16 13:08:19.493+00","2022-08-16 13:08:19.493+00",0
748,"Bebington","United Kingdom","2022-08-16 13:08:19.493+00","2022-08-16 13:08:19.493+00",0
749,"Lymington","United Kingdom","2022-08-16 13:08:19.493+00","2022-08-16 13:08:19.493+00",0
750,"Bonnyrigg","United Kingdom","2022-08-16 13:08:19.493+00","2022-08-16 13:08:19.493+00",0
751,"Buckley","United Kingdom","2022-08-16 13:08:19.493+00","2022-08-16 13:08:19.493+00",0
752,"Ince-in-Makerfield","United Kingdom","2022-08-16 13:08:19.493+00","2022-08-16 13:08:19.493+00",0
753,"Nailsea","United Kingdom","2022-08-16 13:08:19.493+00","2022-08-16 13:08:19.493+00",0
754,"Thundersley","United Kingdom","2022-08-16 13:08:19.493+00","2022-08-16 13:08:19.493+00",0
755,"Wimborne Minster","United Kingdom","2022-08-16 13:08:19.493+00","2022-08-16 13:08:19.493+00",0
756,"West Ham","United Kingdom","2022-08-16 13:08:19.493+00","2022-08-16 13:08:19.493+00",0
757,"Saffron Walden","United Kingdom","2022-08-16 13:08:19.493+00","2022-08-16 13:08:19.493+00",0
758,"Stoke Gifford","United Kingdom","2022-08-16 13:08:19.493+00","2022-08-16 13:08:19.493+00",0
759,"Shipley","United Kingdom","2022-08-16 13:08:19.493+00","2022-08-16 13:08:19.493+00",0
760,"Todmorden","United Kingdom","2022-08-16 13:08:19.493+00","2022-08-16 13:08:19.493+00",0
761,"Weybridge","United Kingdom","2022-08-16 13:08:19.493+00","2022-08-16 13:08:19.493+00",0
762,"Knaresborough","United Kingdom","2022-08-16 13:08:19.493+00","2022-08-16 13:08:19.493+00",0
763,"Helensburgh","United Kingdom","2022-08-16 13:08:19.493+00","2022-08-16 13:08:19.493+00",0
764,"Port Glasgow","United Kingdom","2022-08-16 13:08:19.493+00","2022-08-16 13:08:19.493+00",0
765,"Seacombe","United Kingdom","2022-08-16 13:08:19.493+00","2022-08-16 13:08:19.493+00",0
766,"Baildon","United Kingdom","2022-08-16 13:08:19.493+00","2022-08-16 13:08:19.493+00",0
767,"Hemsworth","United Kingdom","2022-08-16 13:08:19.493+00","2022-08-16 13:08:19.493+00",0
768,"Perivale","United Kingdom","2022-08-16 13:08:19.493+00","2022-08-16 13:08:19.493+00",0
769,"Wombwell","United Kingdom","2022-08-16 13:08:19.493+00","2022-08-16 13:08:19.493+00",0
770,"Stanley","United Kingdom","2022-08-16 13:08:19.493+00","2022-08-16 13:08:19.493+00",0
771,"Llantrisant","United Kingdom","2022-08-16 13:08:19.493+00","2022-08-16 13:08:19.493+00",0
772,"Broxbourne","United Kingdom","2022-08-16 13:08:19.493+00","2022-08-16 13:08:19.493+00",0
773,"Hazel Grove","United Kingdom","2022-08-16 13:08:19.493+00","2022-08-16 13:08:19.493+00",0
774,"Featherstone","United Kingdom","2022-08-16 13:08:19.493+00","2022-08-16 13:08:19.493+00",0
775,"Mexborough","United Kingdom","2022-08-16 13:08:19.493+00","2022-08-16 13:08:19.493+00",0
776,"Stapleford","United Kingdom","2022-08-16 13:08:19.493+00","2022-08-16 13:08:19.493+00",0
777,"Neston","United Kingdom","2022-08-16 13:08:19.493+00","2022-08-16 13:08:19.493+00",0
778,"Bidston","United Kingdom","2022-08-16 13:08:19.493+00","2022-08-16 13:08:19.493+00",0
779,"Northenden","United Kingdom","2022-08-16 13:08:19.493+00","2022-08-16 13:08:19.493+00",0
780,"Penrith","United Kingdom","2022-08-16 13:08:19.493+00","2022-08-16 13:08:19.493+00",0
781,"Chellaston","United Kingdom","2022-08-16 13:08:19.493+00","2022-08-16 13:08:19.493+00",0
782,"Palmers Green","United Kingdom","2022-08-16 13:08:19.493+00","2022-08-16 13:08:19.493+00",0
783,"Totteridge","United Kingdom","2022-08-16 13:08:19.493+00","2022-08-16 13:08:19.493+00",0
784,"Blaydon","United Kingdom","2022-08-16 13:08:19.493+00","2022-08-16 13:08:19.493+00",0
785,"New Brighton","United Kingdom","2022-08-16 13:08:19.493+00","2022-08-16 13:08:19.493+00",0
786,"Teignmouth","United Kingdom","2022-08-16 13:08:19.493+00","2022-08-16 13:08:19.493+00",0
787,"Newport Pagnell","United Kingdom","2022-08-16 13:08:19.493+00","2022-08-16 13:08:19.493+00",0
788,"Tredegar","United Kingdom","2022-08-16 13:08:19.493+00","2022-08-16 13:08:19.493+00",0
789,"Swallownest","United Kingdom","2022-08-16 13:08:19.493+00","2022-08-16 13:08:19.493+00",0
790,"Netherton","United Kingdom","2022-08-16 13:08:19.493+00","2022-08-16 13:08:19.493+00",0
791,"Hessle","United Kingdom","2022-08-16 13:08:19.493+00","2022-08-16 13:08:19.493+00",0
792,"Winkfield","United Kingdom","2022-08-16 13:08:19.493+00","2022-08-16 13:08:19.493+00",0
793,"Petersfield","United Kingdom","2022-08-16 13:08:19.493+00","2022-08-16 13:08:19.493+00",0
794,"Larkhall","United Kingdom","2022-08-16 13:08:19.493+00","2022-08-16 13:08:19.493+00",0
795,"Sudbury","United Kingdom","2022-08-16 13:08:19.493+00","2022-08-16 13:08:19.493+00",0
796,"Wyke","United Kingdom","2022-08-16 13:08:19.493+00","2022-08-16 13:08:19.493+00",0
797,"Kew Green","United Kingdom","2022-08-16 13:08:19.493+00","2022-08-16 13:08:19.493+00",0
798,"Bromborough","United Kingdom","2022-08-16 13:08:19.493+00","2022-08-16 13:08:19.493+00",0
799,"Chislehurst","United Kingdom","2022-08-16 13:08:19.493+00","2022-08-16 13:08:19.493+00",0
800,"Ilkley","United Kingdom","2022-08-16 13:08:19.493+00","2022-08-16 13:08:19.493+00",0
801,"Baguley","United Kingdom","2022-08-16 13:08:19.493+00","2022-08-16 13:08:19.493+00",0
802,"Minster","United Kingdom","2022-08-16 13:08:19.493+00","2022-08-16 13:08:19.493+00",0
803,"Balham","United Kingdom","2022-08-16 13:08:19.493+00","2022-08-16 13:08:19.493+00",0
804,"Prestwick","United Kingdom","2022-08-16 13:08:19.493+00","2022-08-16 13:08:19.493+00",0
805,"Banbridge","United Kingdom","2022-08-16 13:08:19.493+00","2022-08-16 13:08:19.493+00",0
806,"Bodmin","United Kingdom","2022-08-16 13:08:19.493+00","2022-08-16 13:08:19.493+00",0
807,"Selby","United Kingdom","2022-08-16 13:08:19.493+00","2022-08-16 13:08:19.493+00",0
808,"Conwy","United Kingdom","2022-08-16 13:08:19.493+00","2022-08-16 13:08:19.493+00",0
809,"Tilehurst","United Kingdom","2022-08-16 13:08:19.493+00","2022-08-16 13:08:19.493+00",0
810,"Troon","United Kingdom","2022-08-16 13:08:19.493+00","2022-08-16 13:08:19.493+00",0
811,"Melksham","United Kingdom","2022-08-16 13:08:19.493+00","2022-08-16 13:08:19.493+00",0
812,"Wibsey","United Kingdom","2022-08-16 13:08:19.493+00","2022-08-16 13:08:19.493+00",0
813,"Great Baddow","United Kingdom","2022-08-16 13:08:19.493+00","2022-08-16 13:08:19.493+00",0
814,"Skipton","United Kingdom","2022-08-16 13:08:19.493+00","2022-08-16 13:08:19.493+00",0
815,"Lowton","United Kingdom","2022-08-16 13:08:19.493+00","2022-08-16 13:08:19.493+00",0
816,"Burbage","United Kingdom","2022-08-16 13:08:19.493+00","2022-08-16 13:08:19.493+00",0
817,"Thorpe Saint Andrew","United Kingdom","2022-08-16 13:08:19.493+00","2022-08-16 13:08:19.493+00",0
818,"Moston","United Kingdom","2022-08-16 13:08:19.493+00","2022-08-16 13:08:19.493+00",0
819,"Chelsfield","United Kingdom","2022-08-16 13:08:19.493+00","2022-08-16 13:08:19.493+00",0
820,"Uckfield","United Kingdom","2022-08-16 13:08:19.493+00","2022-08-16 13:08:19.493+00",0
821,"Deysbrook","United Kingdom","2022-08-16 13:08:19.493+00","2022-08-16 13:08:19.493+00",0
822,"Bo’ness","United Kingdom","2022-08-16 13:08:19.493+00","2022-08-16 13:08:19.493+00",0
823,"Armthorpe","United Kingdom","2022-08-16 13:08:19.493+00","2022-08-16 13:08:19.493+00",0
824,"Southgate","United Kingdom","2022-08-16 13:08:19.493+00","2022-08-16 13:08:19.493+00",0
825,"Dollis Hill","United Kingdom","2022-08-16 13:08:19.493+00","2022-08-16 13:08:19.493+00",0
826,"Wymondham","United Kingdom","2022-08-16 13:08:19.493+00","2022-08-16 13:08:19.493+00",0
827,"Hetton le Hole","United Kingdom","2022-08-16 13:08:19.493+00","2022-08-16 13:08:19.493+00",0
828,"Amersham","United Kingdom","2022-08-16 13:08:19.493+00","2022-08-16 13:08:19.493+00",0
829,"West Derby","United Kingdom","2022-08-16 13:08:19.493+00","2022-08-16 13:08:19.493+00",0
830,"West Drayton","United Kingdom","2022-08-16 13:08:19.493+00","2022-08-16 13:08:19.493+00",0
831,"Conisbrough","United Kingdom","2022-08-16 13:08:19.493+00","2022-08-16 13:08:19.493+00",0
832,"Kidbrooke","United Kingdom","2022-08-16 13:08:19.493+00","2022-08-16 13:08:19.493+00",0
833,"Rock Ferry","United Kingdom","2022-08-16 13:08:19.493+00","2022-08-16 13:08:19.493+00",0
834,"Shirley","United Kingdom","2022-08-16 13:08:19.493+00","2022-08-16 13:08:19.493+00",0
835,"Hawick","United Kingdom","2022-08-16 13:08:19.493+00","2022-08-16 13:08:19.493+00",0
836,"Patcham","United Kingdom","2022-08-16 13:08:19.493+00","2022-08-16 13:08:19.493+00",0
837,"West Wickham","United Kingdom","2022-08-16 13:08:19.493+00","2022-08-16 13:08:19.493+00",0
838,"Weston","United Kingdom","2022-08-16 13:08:19.493+00","2022-08-16 13:08:19.493+00",0
839,"Poynton","United Kingdom","2022-08-16 13:08:19.493+00","2022-08-16 13:08:19.493+00",0
840,"Seacroft","United Kingdom","2022-08-16 13:08:19.493+00","2022-08-16 13:08:19.493+00",0
841,"Maldon","United Kingdom","2022-08-16 13:08:19.493+00","2022-08-16 13:08:19.493+00",0
842,"Kearsley","United Kingdom","2022-08-16 13:08:19.493+00","2022-08-16 13:08:19.493+00",0
843,"Caerfyrddin","United Kingdom","2022-08-16 13:08:19.493+00","2022-08-16 13:08:19.493+00",0
844,"Leyton","United Kingdom","2022-08-16 13:08:19.493+00","2022-08-16 13:08:19.493+00",0
845,"Mackworth","United Kingdom","2022-08-16 13:08:19.493+00","2022-08-16 13:08:19.493+00",0
846,"Ashtead","United Kingdom","2022-08-16 13:08:19.493+00","2022-08-16 13:08:19.493+00",0
847,"Wombourn","United Kingdom","2022-08-16 13:08:19.493+00","2022-08-16 13:08:19.493+00",0
848,"Smethwick","United Kingdom","2022-08-16 13:08:19.493+00","2022-08-16 13:08:19.493+00",0
849,"Childwall","United Kingdom","2022-08-16 13:08:19.493+00","2022-08-16 13:08:19.493+00",0
850,"Cowdenbeath","United Kingdom","2022-08-16 13:08:19.493+00","2022-08-16 13:08:19.493+00",0
851,"Forfar","United Kingdom","2022-08-16 13:08:19.493+00","2022-08-16 13:08:19.493+00",0
852,"Redruth","United Kingdom","2022-08-16 13:08:19.493+00","2022-08-16 13:08:19.493+00",0
853,"Morpeth","United Kingdom","2022-08-16 13:08:19.493+00","2022-08-16 13:08:19.493+00",0
854,"Marlow","United Kingdom","2022-08-16 13:08:19.493+00","2022-08-16 13:08:19.493+00",0
855,"Pemberton","United Kingdom","2022-08-16 13:08:19.493+00","2022-08-16 13:08:19.493+00",0
856,"Verwood","United Kingdom","2022-08-16 13:08:19.493+00","2022-08-16 13:08:19.493+00",0
857,"Bourne","United Kingdom","2022-08-16 13:08:19.493+00","2022-08-16 13:08:19.493+00",0
858,"Ringwood","United Kingdom","2022-08-16 13:08:19.493+00","2022-08-16 13:08:19.493+00",0
859,"Brierley Hill","United Kingdom","2022-08-16 13:08:19.493+00","2022-08-16 13:08:19.493+00",0
860,"Streetly","United Kingdom","2022-08-16 13:08:19.493+00","2022-08-16 13:08:19.493+00",0
861,"Milford Haven","United Kingdom","2022-08-16 13:08:19.493+00","2022-08-16 13:08:19.493+00",0
862,"Bickley","United Kingdom","2022-08-16 13:08:19.493+00","2022-08-16 13:08:19.493+00",0
863,"North Hykeham","United Kingdom","2022-08-16 13:08:19.493+00","2022-08-16 13:08:19.493+00",0
864,"Rustington","United Kingdom","2022-08-16 13:08:19.493+00","2022-08-16 13:08:19.493+00",0
865,"Eastham","United Kingdom","2022-08-16 13:08:19.493+00","2022-08-16 13:08:19.493+00",0
866,"Cosham","United Kingdom","2022-08-16 13:08:19.493+00","2022-08-16 13:08:19.493+00",0
867,"Kidlington","United Kingdom","2022-08-16 13:08:19.493+00","2022-08-16 13:08:19.493+00",0
868,"Knottingley","United Kingdom","2022-08-16 13:08:19.493+00","2022-08-16 13:08:19.493+00",0
869,"Otley","United Kingdom","2022-08-16 13:08:19.493+00","2022-08-16 13:08:19.493+00",0
870,"Rottingdean","United Kingdom","2022-08-16 13:08:19.493+00","2022-08-16 13:08:19.493+00",0
871,"Allestree","United Kingdom","2022-08-16 13:08:19.493+00","2022-08-16 13:08:19.493+00",0
872,"Middlewich","United Kingdom","2022-08-16 13:08:19.493+00","2022-08-16 13:08:19.493+00",0
873,"Bredbury","United Kingdom","2022-08-16 13:08:19.493+00","2022-08-16 13:08:19.493+00",0
874,"Bridport","United Kingdom","2022-08-16 13:08:19.493+00","2022-08-16 13:08:19.493+00",0
875,"Rossington","United Kingdom","2022-08-16 13:08:19.493+00","2022-08-16 13:08:19.493+00",0
876,"Hilsea","United Kingdom","2022-08-16 13:08:19.493+00","2022-08-16 13:08:19.493+00",0
877,"Milngavie","United Kingdom","2022-08-16 13:08:19.493+00","2022-08-16 13:08:19.493+00",0
878,"Shepshed","United Kingdom","2022-08-16 13:08:19.493+00","2022-08-16 13:08:19.493+00",0
879,"Ystrad Mynach","United Kingdom","2022-08-16 13:08:19.493+00","2022-08-16 13:08:19.493+00",0
880,"Little Hulton","United Kingdom","2022-08-16 13:08:19.493+00","2022-08-16 13:08:19.493+00",0
881,"Alexandria","United Kingdom","2022-08-16 13:08:19.493+00","2022-08-16 13:08:19.493+00",0
882,"Rosyth","United Kingdom","2022-08-16 13:08:19.493+00","2022-08-16 13:08:19.493+00",0
883,"Chaddesden","United Kingdom","2022-08-16 13:08:19.493+00","2022-08-16 13:08:19.493+00",0
884,"Heswall","United Kingdom","2022-08-16 13:08:19.493+00","2022-08-16 13:08:19.493+00",0
885,"Amblecote","United Kingdom","2022-08-16 13:08:19.493+00","2022-08-16 13:08:19.493+00",0
886,"Saint Budeaux","United Kingdom","2022-08-16 13:08:19.493+00","2022-08-16 13:08:19.493+00",0
887,"Egg Buckland","United Kingdom","2022-08-16 13:08:19.493+00","2022-08-16 13:08:19.493+00",0
888,"Bacup","United Kingdom","2022-08-16 13:08:19.493+00","2022-08-16 13:08:19.493+00",0
889,"Ampthill","United Kingdom","2022-08-16 13:08:19.493+00","2022-08-16 13:08:19.493+00",0
890,"Shirebrook","United Kingdom","2022-08-16 13:08:19.493+00","2022-08-16 13:08:19.493+00",0
891,"Carluke","United Kingdom","2022-08-16 13:08:19.493+00","2022-08-16 13:08:19.493+00",0
892,"Standish","United Kingdom","2022-08-16 13:08:19.493+00","2022-08-16 13:08:19.493+00",0
893,"West Boldon","United Kingdom","2022-08-16 13:08:19.493+00","2022-08-16 13:08:19.493+00",0
894,"Dingle","United Kingdom","2022-08-16 13:08:19.493+00","2022-08-16 13:08:19.493+00",0
895,"Whitby","United Kingdom","2022-08-16 13:08:19.493+00","2022-08-16 13:08:19.493+00",0
896,"Walsall Wood","United Kingdom","2022-08-16 13:08:19.493+00","2022-08-16 13:08:19.493+00",0
897,"Southwick","United Kingdom","2022-08-16 13:08:19.493+00","2022-08-16 13:08:19.493+00",0
898,"Knutsford","United Kingdom","2022-08-16 13:08:19.493+00","2022-08-16 13:08:19.493+00",0
899,"Broughty Ferry","United Kingdom","2022-08-16 13:08:19.493+00","2022-08-16 13:08:19.493+00",0
900,"Hamworthy","United Kingdom","2022-08-16 13:08:19.493+00","2022-08-16 13:08:19.493+00",0
901,"Fraserburgh","United Kingdom","2022-08-16 13:08:19.493+00","2022-08-16 13:08:19.493+00",0
902,"Wollaston","United Kingdom","2022-08-16 13:08:19.493+00","2022-08-16 13:08:19.493+00",0
903,"Uttoxeter","United Kingdom","2022-08-16 13:08:19.493+00","2022-08-16 13:08:19.493+00",0
904,"Great Driffield","United Kingdom","2022-08-16 13:08:19.493+00","2022-08-16 13:08:19.493+00",0
905,"Chard","United Kingdom","2022-08-16 13:08:19.493+00","2022-08-16 13:08:19.493+00",0
906,"Goodmayes","United Kingdom","2022-08-16 13:08:19.493+00","2022-08-16 13:08:19.493+00",0
907,"Pendlebury","United Kingdom","2022-08-16 13:08:19.493+00","2022-08-16 13:08:19.493+00",0
908,"Milnrow","United Kingdom","2022-08-16 13:08:19.493+00","2022-08-16 13:08:19.493+00",0
909,"Holborn","United Kingdom","2022-08-16 13:08:19.493+00","2022-08-16 13:08:19.493+00",0
910,"Brackley","United Kingdom","2022-08-16 13:08:19.493+00","2022-08-16 13:08:19.493+00",0
911,"Midsomer Norton","United Kingdom","2022-08-16 13:08:19.493+00","2022-08-16 13:08:19.493+00",0
912,"Corsham","United Kingdom","2022-08-16 13:08:19.493+00","2022-08-16 13:08:19.493+00",0
913,"Cumnock","United Kingdom","2022-08-16 13:08:19.493+00","2022-08-16 13:08:19.493+00",0
914,"Gornalwood","United Kingdom","2022-08-16 13:08:19.493+00","2022-08-16 13:08:19.493+00",0
915,"Yiewsley","United Kingdom","2022-08-16 13:08:19.493+00","2022-08-16 13:08:19.493+00",0
916,"Shenley Church End","United Kingdom","2022-08-16 13:08:19.493+00","2022-08-16 13:08:19.493+00",0
917,"Flint","United Kingdom","2022-08-16 13:08:19.493+00","2022-08-16 13:08:19.493+00",0
918,"Woolton","United Kingdom","2022-08-16 13:08:19.493+00","2022-08-16 13:08:19.493+00",0
919,"Leagrave","United Kingdom","2022-08-16 13:08:19.493+00","2022-08-16 13:08:19.493+00",0
920,"Cliftonville","United Kingdom","2022-08-16 13:08:19.493+00","2022-08-16 13:08:19.493+00",0
921,"Buckingham","United Kingdom","2022-08-16 13:08:19.493+00","2022-08-16 13:08:19.493+00",0
922,"Chilwell","United Kingdom","2022-08-16 13:08:19.493+00","2022-08-16 13:08:19.493+00",0
923,"Syston","United Kingdom","2022-08-16 13:08:19.493+00","2022-08-16 13:08:19.493+00",0
924,"Little Lever","United Kingdom","2022-08-16 13:08:19.493+00","2022-08-16 13:08:19.493+00",0
925,"Sanderstead","United Kingdom","2022-08-16 13:08:19.493+00","2022-08-16 13:08:19.493+00",0
926,"Chalfont Saint Peter","United Kingdom","2022-08-16 13:08:19.493+00","2022-08-16 13:08:19.493+00",0
927,"Ainsdale","United Kingdom","2022-08-16 13:08:19.493+00","2022-08-16 13:08:19.493+00",0
928,"Flitwick","United Kingdom","2022-08-16 13:08:19.493+00","2022-08-16 13:08:19.493+00",0
929,"Brownhills","United Kingdom","2022-08-16 13:08:19.493+00","2022-08-16 13:08:19.493+00",0
930,"Hornsey","United Kingdom","2022-08-16 13:08:19.493+00","2022-08-16 13:08:19.493+00",0
931,"Sutton on Hull","United Kingdom","2022-08-16 13:08:19.493+00","2022-08-16 13:08:19.493+00",0
932,"Horndean","United Kingdom","2022-08-16 13:08:19.493+00","2022-08-16 13:08:19.493+00",0
933,"North Walsham","United Kingdom","2022-08-16 13:08:19.493+00","2022-08-16 13:08:19.493+00",0
934,"Galashiels","United Kingdom","2022-08-16 13:08:19.493+00","2022-08-16 13:08:19.493+00",0
935,"Selston","United Kingdom","2022-08-16 13:08:19.493+00","2022-08-16 13:08:19.493+00",0
936,"Forres","United Kingdom","2022-08-16 13:08:19.493+00","2022-08-16 13:08:19.493+00",0
937,"Wordsley","United Kingdom","2022-08-16 13:08:19.493+00","2022-08-16 13:08:19.493+00",0
938,"Tranent","United Kingdom","2022-08-16 13:08:19.493+00","2022-08-16 13:08:19.493+00",0
939,"Sidmouth","United Kingdom","2022-08-16 13:08:19.493+00","2022-08-16 13:08:19.493+00",0
940,"Croxley Green","United Kingdom","2022-08-16 13:08:19.493+00","2022-08-16 13:08:19.493+00",0
941,"Mablethorpe","United Kingdom","2022-08-16 13:08:19.493+00","2022-08-16 13:08:19.493+00",0
942,"Abergavenny","United Kingdom","2022-08-16 13:08:19.493+00","2022-08-16 13:08:19.493+00",0
943,"Wolverton","United Kingdom","2022-08-16 13:08:19.493+00","2022-08-16 13:08:19.493+00",0
944,"Costessey","United Kingdom","2022-08-16 13:08:19.493+00","2022-08-16 13:08:19.493+00",0
945,"Barton upon Irwell","United Kingdom","2022-08-16 13:08:19.493+00","2022-08-16 13:08:19.493+00",0
946,"Bickenhill","United Kingdom","2022-08-16 13:08:19.493+00","2022-08-16 13:08:19.493+00",0
947,"Tilbury","United Kingdom","2022-08-16 13:08:19.493+00","2022-08-16 13:08:19.493+00",0
948,"Chigwell","United Kingdom","2022-08-16 13:08:19.493+00","2022-08-16 13:08:19.493+00",0
949,"Blunsdon Saint Andrew","United Kingdom","2022-08-16 13:08:19.493+00","2022-08-16 13:08:19.493+00",0
950,"Hersham","United Kingdom","2022-08-16 13:08:19.493+00","2022-08-16 13:08:19.493+00",0
951,"Spondon","United Kingdom","2022-08-16 13:08:19.493+00","2022-08-16 13:08:19.493+00",0
952,"Ashby de la Zouch","United Kingdom","2022-08-16 13:08:19.493+00","2022-08-16 13:08:19.493+00",0
953,"Coseley","United Kingdom","2022-08-16 13:08:19.493+00","2022-08-16 13:08:19.493+00",0
954,"Ovenden","United Kingdom","2022-08-16 13:08:19.493+00","2022-08-16 13:08:19.493+00",0
955,"Chepstow","United Kingdom","2022-08-16 13:08:19.493+00","2022-08-16 13:08:19.493+00",0
956,"Lymm","United Kingdom","2022-08-16 13:08:19.493+00","2022-08-16 13:08:19.493+00",0
957,"Lye","United Kingdom","2022-08-16 13:08:19.493+00","2022-08-16 13:08:19.493+00",0
958,"Thornbury","United Kingdom","2022-08-16 13:08:19.493+00","2022-08-16 13:08:19.493+00",0
959,"Dalkeith","United Kingdom","2022-08-16 13:08:19.493+00","2022-08-16 13:08:19.493+00",0
960,"Tonyrefail","United Kingdom","2022-08-16 13:08:19.493+00","2022-08-16 13:08:19.493+00",0
961,"New Mills","United Kingdom","2022-08-16 13:08:19.493+00","2022-08-16 13:08:19.493+00",0
962,"Thatto Heath","United Kingdom","2022-08-16 13:08:19.493+00","2022-08-16 13:08:19.493+00",0
963,"Harrow on the Hill","United Kingdom","2022-08-16 13:08:19.493+00","2022-08-16 13:08:19.493+00",0
964,"Newhaven","United Kingdom","2022-08-16 13:08:19.493+00","2022-08-16 13:08:19.493+00",0
965,"Caldicot","United Kingdom","2022-08-16 13:08:19.493+00","2022-08-16 13:08:19.493+00",0
966,"Olton","United Kingdom","2022-08-16 13:08:19.493+00","2022-08-16 13:08:19.493+00",0
967,"Cheadle","United Kingdom","2022-08-16 13:08:19.493+00","2022-08-16 13:08:19.493+00",0
968,"Bamber Bridge","United Kingdom","2022-08-16 13:08:19.493+00","2022-08-16 13:08:19.493+00",0
969,"Huntington","United Kingdom","2022-08-16 13:08:19.493+00","2022-08-16 13:08:19.493+00",0
970,"Sedgley","United Kingdom","2022-08-16 13:08:19.493+00","2022-08-16 13:08:19.493+00",0
971,"Beaconsfield","United Kingdom","2022-08-16 13:08:19.493+00","2022-08-16 13:08:19.493+00",0
972,"Bridgnorth","United Kingdom","2022-08-16 13:08:19.493+00","2022-08-16 13:08:19.493+00",0
973,"Fenton","United Kingdom","2022-08-16 13:08:19.493+00","2022-08-16 13:08:19.493+00",0
974,"Berwick-Upon-Tweed","United Kingdom","2022-08-16 13:08:19.493+00","2022-08-16 13:08:19.493+00",0
975,"Hwlffordd","United Kingdom","2022-08-16 13:08:19.493+00","2022-08-16 13:08:19.493+00",0
976,"Wells","United Kingdom","2022-08-16 13:08:19.493+00","2022-08-16 13:08:19.493+00",0
977,"Broxburn","United Kingdom","2022-08-16 13:08:19.493+00","2022-08-16 13:08:19.493+00",0
978,"Warsop","United Kingdom","2022-08-16 13:08:19.493+00","2022-08-16 13:08:19.493+00",0
979,"Minehead","United Kingdom","2022-08-16 13:08:19.493+00","2022-08-16 13:08:19.493+00",0
980,"Montrose","United Kingdom","2022-08-16 13:08:19.493+00","2022-08-16 13:08:19.493+00",0
981,"Broughton Astley","United Kingdom","2022-08-16 13:08:19.493+00","2022-08-16 13:08:19.493+00",0
982,"Sheerness","United Kingdom","2022-08-16 13:08:19.493+00","2022-08-16 13:08:19.493+00",0
983,"Halstead","United Kingdom","2022-08-16 13:08:19.493+00","2022-08-16 13:08:19.493+00",0
984,"Bargoed","United Kingdom","2022-08-16 13:08:19.493+00","2022-08-16 13:08:19.493+00",0
985,"Rushall","United Kingdom","2022-08-16 13:08:19.493+00","2022-08-16 13:08:19.493+00",0
986,"Snaresbrook","United Kingdom","2022-08-16 13:08:19.493+00","2022-08-16 13:08:19.493+00",0
987,"Sandown","United Kingdom","2022-08-16 13:08:19.493+00","2022-08-16 13:08:19.493+00",0
988,"Hoyland Nether","United Kingdom","2022-08-16 13:08:19.493+00","2022-08-16 13:08:19.493+00",0
989,"Ivybridge","United Kingdom","2022-08-16 13:08:19.493+00","2022-08-16 13:08:19.493+00",0
990,"Torton","United Kingdom","2022-08-16 13:08:19.493+00","2022-08-16 13:08:19.493+00",0
991,"Trentham","United Kingdom","2022-08-16 13:08:19.493+00","2022-08-16 13:08:19.493+00",0
992,"Hexham","United Kingdom","2022-08-16 13:08:19.493+00","2022-08-16 13:08:19.493+00",0
993,"Honiton","United Kingdom","2022-08-16 13:08:19.493+00","2022-08-16 13:08:19.493+00",0
994,"Wath upon Dearne","United Kingdom","2022-08-16 13:08:19.493+00","2022-08-16 13:08:19.493+00",0
995,"Street","United Kingdom","2022-08-16 13:08:19.493+00","2022-08-16 13:08:19.493+00",0
996,"Oswaldtwistle","United Kingdom","2022-08-16 13:08:19.493+00","2022-08-16 13:08:19.493+00",0
997,"Alsager","United Kingdom","2022-08-16 13:08:19.493+00","2022-08-16 13:08:19.493+00",0
998,"Market Drayton","United Kingdom","2022-08-16 13:08:19.493+00","2022-08-16 13:08:19.493+00",0
999,"Hackney","United Kingdom","2022-08-16 13:08:19.493+00","2022-08-16 13:08:19.493+00",0
1000,"Tring","United Kingdom","2022-08-16 13:08:19.493+00","2022-08-16 13:08:19.493+00",0
1001,"Devizes","United Kingdom","2022-08-16 13:08:19.493+00","2022-08-16 13:08:19.493+00",0
1002,"Sowerby Bridge","United Kingdom","2022-08-16 13:08:19.493+00","2022-08-16 13:08:19.493+00",0
1003,"Risca","United Kingdom","2022-08-16 13:08:19.493+00","2022-08-16 13:08:19.493+00",0
1004,"Leominster","United Kingdom","2022-08-16 13:08:19.493+00","2022-08-16 13:08:19.493+00",0
1005,"Ulverston","United Kingdom","2022-08-16 13:08:19.493+00","2022-08-16 13:08:19.493+00",0
1006,"Elland","United Kingdom","2022-08-16 13:08:19.493+00","2022-08-16 13:08:19.493+00",0
1007,"Prudhoe","United Kingdom","2022-08-16 13:08:19.493+00","2022-08-16 13:08:19.493+00",0
1008,"Bolsover","United Kingdom","2022-08-16 13:08:19.493+00","2022-08-16 13:08:19.493+00",0
1009,"Bryn","United Kingdom","2022-08-16 13:08:19.493+00","2022-08-16 13:08:19.493+00",0
1010,"Sandy","United Kingdom","2022-08-16 13:08:19.493+00","2022-08-16 13:08:19.493+00",0
1011,"Henley on Thames","United Kingdom","2022-08-16 13:08:19.493+00","2022-08-16 13:08:19.493+00",0
1012,"Ascot","United Kingdom","2022-08-16 13:08:19.493+00","2022-08-16 13:08:19.493+00",0
1013,"Sunninghill","United Kingdom","2022-08-16 13:08:19.493+00","2022-08-16 13:08:19.493+00",0
1014,"Stonehaven","United Kingdom","2022-08-16 13:08:19.493+00","2022-08-16 13:08:19.493+00",0
1015,"Abertillery","United Kingdom","2022-08-16 13:08:19.493+00","2022-08-16 13:08:19.493+00",0
1016,"Wallingford","United Kingdom","2022-08-16 13:08:19.493+00","2022-08-16 13:08:19.493+00",0
1017,"Thame","United Kingdom","2022-08-16 13:08:19.493+00","2022-08-16 13:08:19.493+00",0
1018,"Belgrave","United Kingdom","2022-08-16 13:08:19.493+00","2022-08-16 13:08:19.493+00",0
1019,"Wanstead","United Kingdom","2022-08-16 13:08:19.493+00","2022-08-16 13:08:19.493+00",0
1020,"Blundellsands","United Kingdom","2022-08-16 13:08:19.493+00","2022-08-16 13:08:19.493+00",0
1021,"Brislington","United Kingdom","2022-08-16 13:08:19.493+00","2022-08-16 13:08:19.493+00",0
1022,"Gourock","United Kingdom","2022-08-16 13:08:19.493+00","2022-08-16 13:08:19.493+00",0
1023,"Pelsall","United Kingdom","2022-08-16 13:08:19.493+00","2022-08-16 13:08:19.493+00",0
1024,"Tadley","United Kingdom","2022-08-16 13:08:19.493+00","2022-08-16 13:08:19.493+00",0
1025,"Culcheth","United Kingdom","2022-08-16 13:08:19.493+00","2022-08-16 13:08:19.493+00",0
1026,"Sandridge","United Kingdom","2022-08-16 13:08:19.493+00","2022-08-16 13:08:19.493+00",0
1027,"Holyhead","United Kingdom","2022-08-16 13:08:19.493+00","2022-08-16 13:08:19.493+00",0
1028,"Haydock","United Kingdom","2022-08-16 13:08:19.493+00","2022-08-16 13:08:19.493+00",0
1029,"Carnoustie","United Kingdom","2022-08-16 13:08:19.493+00","2022-08-16 13:08:19.493+00",0
1030,"Wealdstone","United Kingdom","2022-08-16 13:08:19.493+00","2022-08-16 13:08:19.493+00",0
1031,"Greetland","United Kingdom","2022-08-16 13:08:19.493+00","2022-08-16 13:08:19.493+00",0
1032,"Stainland","United Kingdom","2022-08-16 13:08:19.493+00","2022-08-16 13:08:19.493+00",0
1033,"Royal Wootton Bassett","United Kingdom","2022-08-16 13:08:19.493+00","2022-08-16 13:08:19.493+00",0
1034,"Buckhurst Hill","United Kingdom","2022-08-16 13:08:19.493+00","2022-08-16 13:08:19.493+00",0
1035,"Harrow Weald","United Kingdom","2022-08-16 13:08:19.493+00","2022-08-16 13:08:19.493+00",0
1036,"Newtown","United Kingdom","2022-08-16 13:08:19.493+00","2022-08-16 13:08:19.493+00",0
1037,"Knowsley","United Kingdom","2022-08-16 13:08:19.493+00","2022-08-16 13:08:19.493+00",0
1038,"Wantage","United Kingdom","2022-08-16 13:08:19.493+00","2022-08-16 13:08:19.493+00",0
1039,"Leatherhead","United Kingdom","2022-08-16 13:08:19.493+00","2022-08-16 13:08:19.493+00",0
1040,"Burslem","United Kingdom","2022-08-16 13:08:19.493+00","2022-08-16 13:08:19.493+00",0
1041,"Oxted","United Kingdom","2022-08-16 13:08:19.493+00","2022-08-16 13:08:19.493+00",0
1042,"Hipperholme","United Kingdom","2022-08-16 13:08:19.493+00","2022-08-16 13:08:19.493+00",0
1043,"Chorleywood","United Kingdom","2022-08-16 13:08:19.493+00","2022-08-16 13:08:19.493+00",0
1044,"Stanwell","United Kingdom","2022-08-16 13:08:19.493+00","2022-08-16 13:08:19.493+00",0
1045,"Astley","United Kingdom","2022-08-16 13:08:19.493+00","2022-08-16 13:08:19.493+00",0
1046,"Burtonwood","United Kingdom","2022-08-16 13:08:19.493+00","2022-08-16 13:08:19.493+00",0
1047,"Maryport","United Kingdom","2022-08-16 13:08:19.493+00","2022-08-16 13:08:19.493+00",0
1048,"Saltcoats","United Kingdom","2022-08-16 13:08:19.493+00","2022-08-16 13:08:19.493+00",0
1049,"Holywood","United Kingdom","2022-08-16 13:08:19.493+00","2022-08-16 13:08:19.493+00",0
1050,"Kingsnorth","United Kingdom","2022-08-16 13:08:19.493+00","2022-08-16 13:08:19.493+00",0
1051,"Cranleigh","United Kingdom","2022-08-16 13:08:19.493+00","2022-08-16 13:08:19.493+00",0
1052,"Largs","United Kingdom","2022-08-16 13:08:19.493+00","2022-08-16 13:08:19.493+00",0
1053,"Crayford","United Kingdom","2022-08-16 13:08:19.493+00","2022-08-16 13:08:19.493+00",0
1054,"Castle Bromwich","United Kingdom","2022-08-16 13:08:19.493+00","2022-08-16 13:08:19.493+00",0
1055,"Dorking","United Kingdom","2022-08-16 13:08:19.493+00","2022-08-16 13:08:19.493+00",0
1056,"Prescot","United Kingdom","2022-08-16 13:08:19.493+00","2022-08-16 13:08:19.493+00",0
1057,"Ilfracombe","United Kingdom","2022-08-16 13:08:19.493+00","2022-08-16 13:08:19.493+00",0
1058,"Wootton","United Kingdom","2022-08-16 13:08:19.493+00","2022-08-16 13:08:19.493+00",0
1059,"Helston","United Kingdom","2022-08-16 13:08:19.493+00","2022-08-16 13:08:19.493+00",0
1060,"Shoeburyness","United Kingdom","2022-08-16 13:08:19.493+00","2022-08-16 13:08:19.493+00",0
1061,"Eckington","United Kingdom","2022-08-16 13:08:19.493+00","2022-08-16 13:08:19.493+00",0
1062,"Aylestone","United Kingdom","2022-08-16 13:08:19.493+00","2022-08-16 13:08:19.493+00",0
1063,"Dorridge","United Kingdom","2022-08-16 13:08:19.493+00","2022-08-16 13:08:19.493+00",0
1064,"Evington","United Kingdom","2022-08-16 13:08:19.493+00","2022-08-16 13:08:19.493+00",0
1065,"Southborough","United Kingdom","2022-08-16 13:08:19.493+00","2022-08-16 13:08:19.493+00",0
1066,"Iver","United Kingdom","2022-08-16 13:08:19.493+00","2022-08-16 13:08:19.493+00",0
1067,"Barton upon Humber","United Kingdom","2022-08-16 13:08:19.493+00","2022-08-16 13:08:19.493+00",0
1068,"Timperley","United Kingdom","2022-08-16 13:08:19.493+00","2022-08-16 13:08:19.493+00",0
1069,"Whitchurch","United Kingdom","2022-08-16 13:08:19.493+00","2022-08-16 13:08:19.493+00",0
1070,"Great Wyrley","United Kingdom","2022-08-16 13:08:19.493+00","2022-08-16 13:08:19.493+00",0
1071,"Epping","United Kingdom","2022-08-16 13:08:19.493+00","2022-08-16 13:08:19.493+00",0
1072,"Bottesford","United Kingdom","2022-08-16 13:08:19.493+00","2022-08-16 13:08:19.493+00",0
1073,"Tavistock","United Kingdom","2022-08-16 13:08:19.493+00","2022-08-16 13:08:19.493+00",0
1074,"Churchdown","United Kingdom","2022-08-16 13:08:19.493+00","2022-08-16 13:08:19.493+00",0
1075,"Cudworth","United Kingdom","2022-08-16 13:08:19.493+00","2022-08-16 13:08:19.493+00",0
1076,"Hellesdon","United Kingdom","2022-08-16 13:08:19.493+00","2022-08-16 13:08:19.493+00",0
1077,"Highgate","United Kingdom","2022-08-16 13:08:19.493+00","2022-08-16 13:08:19.493+00",0
1078,"Ardrossan","United Kingdom","2022-08-16 13:08:19.493+00","2022-08-16 13:08:19.493+00",0
1079,"Oakham","United Kingdom","2022-08-16 13:08:19.493+00","2022-08-16 13:08:19.493+00",0
1080,"Ponteland","United Kingdom","2022-08-16 13:08:19.493+00","2022-08-16 13:08:19.493+00",0
1081,"Mossley","United Kingdom","2022-08-16 13:08:19.493+00","2022-08-16 13:08:19.493+00",0
1082,"Hollinwood","United Kingdom","2022-08-16 13:08:19.493+00","2022-08-16 13:08:19.493+00",0
1083,"Inverurie","United Kingdom","2022-08-16 13:08:19.493+00","2022-08-16 13:08:19.493+00",0
1084,"Soham","United Kingdom","2022-08-16 13:08:19.493+00","2022-08-16 13:08:19.493+00",0
1085,"Rainhill","United Kingdom","2022-08-16 13:08:19.493+00","2022-08-16 13:08:19.493+00",0
1086,"Stranraer","United Kingdom","2022-08-16 13:08:19.493+00","2022-08-16 13:08:19.493+00",0
1087,"Earlestown","United Kingdom","2022-08-16 13:08:19.493+00","2022-08-16 13:08:19.493+00",0
1088,"Great Harwood","United Kingdom","2022-08-16 13:08:19.493+00","2022-08-16 13:08:19.493+00",0
1089,"Methil","United Kingdom","2022-08-16 13:08:19.493+00","2022-08-16 13:08:19.493+00",0
1090,"Wooburn","United Kingdom","2022-08-16 13:08:19.493+00","2022-08-16 13:08:19.493+00",0
1091,"Flixton","United Kingdom","2022-08-16 13:08:19.493+00","2022-08-16 13:08:19.493+00",0
1092,"Parkstone","United Kingdom","2022-08-16 13:08:19.493+00","2022-08-16 13:08:19.493+00",0
1093,"Barnoldswick","United Kingdom","2022-08-16 13:08:19.493+00","2022-08-16 13:08:19.493+00",0
1094,"Stannington","United Kingdom","2022-08-16 13:08:19.493+00","2022-08-16 13:08:19.493+00",0
1095,"Selsey","United Kingdom","2022-08-16 13:08:19.493+00","2022-08-16 13:08:19.493+00",0
1096,"Amesbury","United Kingdom","2022-08-16 13:08:19.493+00","2022-08-16 13:08:19.493+00",0
1097,"Ross on Wye","United Kingdom","2022-08-16 13:08:19.493+00","2022-08-16 13:08:19.493+00",0
1098,"Desborough","United Kingdom","2022-08-16 13:08:19.493+00","2022-08-16 13:08:19.493+00",0
1099,"Hatch End","United Kingdom","2022-08-16 13:08:19.493+00","2022-08-16 13:08:19.493+00",0
1100,"Darfield","United Kingdom","2022-08-16 13:08:19.493+00","2022-08-16 13:08:19.493+00",0
1101,"Knowle","United Kingdom","2022-08-16 13:08:19.493+00","2022-08-16 13:08:19.493+00",0
1102,"Aylesford","United Kingdom","2022-08-16 13:08:19.493+00","2022-08-16 13:08:19.493+00",0
1103,"Cookstown","United Kingdom","2022-08-16 13:08:19.493+00","2022-08-16 13:08:19.493+00",0
1104,"North Tidworth","United Kingdom","2022-08-16 13:08:19.493+00","2022-08-16 13:08:19.493+00",0
1105,"Longbenton","United Kingdom","2022-08-16 13:08:19.493+00","2022-08-16 13:08:19.493+00",0
1106,"Bishops Cleeve","United Kingdom","2022-08-16 13:08:19.493+00","2022-08-16 13:08:19.493+00",0
1107,"Blandford Forum","United Kingdom","2022-08-16 13:08:19.493+00","2022-08-16 13:08:19.493+00",0
1108,"Englefield Green","United Kingdom","2022-08-16 13:08:19.493+00","2022-08-16 13:08:19.493+00",0
1109,"Felton","United Kingdom","2022-08-16 13:08:19.493+00","2022-08-16 13:08:19.493+00",0
1110,"Kingsteignton","United Kingdom","2022-08-16 13:08:19.493+00","2022-08-16 13:08:19.493+00",0
1111,"Abergele","United Kingdom","2022-08-16 13:08:19.493+00","2022-08-16 13:08:19.493+00",0
1112,"Whitburn","United Kingdom","2022-08-16 13:08:19.493+00","2022-08-16 13:08:19.493+00",0
1113,"Monmouth","United Kingdom","2022-08-16 13:08:19.493+00","2022-08-16 13:08:19.493+00",0
1114,"Ryhope","United Kingdom","2022-08-16 13:08:19.493+00","2022-08-16 13:08:19.493+00",0
1115,"Fort William","United Kingdom","2022-08-16 13:08:19.493+00","2022-08-16 13:08:19.493+00",0
1116,"Holbeach","United Kingdom","2022-08-16 13:08:19.493+00","2022-08-16 13:08:19.493+00",0
1117,"Chatteris","United Kingdom","2022-08-16 13:08:19.493+00","2022-08-16 13:08:19.493+00",0
1118,"Eccleston","United Kingdom","2022-08-16 13:08:19.493+00","2022-08-16 13:08:19.493+00",0
1119,"Scartho","United Kingdom","2022-08-16 13:08:19.493+00","2022-08-16 13:08:19.493+00",0
1120,"Cowes","United Kingdom","2022-08-16 13:08:19.493+00","2022-08-16 13:08:19.493+00",0
1121,"Charlton Kings","United Kingdom","2022-08-16 13:08:19.493+00","2022-08-16 13:08:19.493+00",0
1122,"Ickenham","United Kingdom","2022-08-16 13:08:19.493+00","2022-08-16 13:08:19.493+00",0
1123,"Shepton Mallet","United Kingdom","2022-08-16 13:08:19.493+00","2022-08-16 13:08:19.493+00",0
1124,"Prestonpans","United Kingdom","2022-08-16 13:08:19.493+00","2022-08-16 13:08:19.493+00",0
1125,"Mildenhall","United Kingdom","2022-08-16 13:08:19.493+00","2022-08-16 13:08:19.493+00",0
1126,"Broadstone","United Kingdom","2022-08-16 13:08:19.493+00","2022-08-16 13:08:19.493+00",0
1127,"Spitalfields","United Kingdom","2022-08-16 13:08:19.493+00","2022-08-16 13:08:19.493+00",0
1128,"Cheam","United Kingdom","2022-08-16 13:08:19.493+00","2022-08-16 13:08:19.493+00",0
1129,"Ludlow","United Kingdom","2022-08-16 13:08:19.493+00","2022-08-16 13:08:19.493+00",0
1130,"Appleton","United Kingdom","2022-08-16 13:08:19.493+00","2022-08-16 13:08:19.493+00",0
1131,"Lemington","United Kingdom","2022-08-16 13:08:19.493+00","2022-08-16 13:08:19.493+00",0
1132,"Snodland","United Kingdom","2022-08-16 13:08:19.493+00","2022-08-16 13:08:19.493+00",0
1133,"Castleton","United Kingdom","2022-08-16 13:08:19.493+00","2022-08-16 13:08:19.493+00",0
1134,"Rogerstone","United Kingdom","2022-08-16 13:08:19.493+00","2022-08-16 13:08:19.493+00",0
1135,"Hucclecote","United Kingdom","2022-08-16 13:08:19.493+00","2022-08-16 13:08:19.493+00",0
1136,"Great Missenden","United Kingdom","2022-08-16 13:08:19.493+00","2022-08-16 13:08:19.493+00",0
1137,"Corfe Mullen","United Kingdom","2022-08-16 13:08:19.493+00","2022-08-16 13:08:19.493+00",0
1138,"Beccles","United Kingdom","2022-08-16 13:08:19.493+00","2022-08-16 13:08:19.493+00",0
1139,"Padiham","United Kingdom","2022-08-16 13:08:19.493+00","2022-08-16 13:08:19.493+00",0
1140,"Worsley","United Kingdom","2022-08-16 13:08:19.493+00","2022-08-16 13:08:19.493+00",0
1141,"Warfield","United Kingdom","2022-08-16 13:08:19.493+00","2022-08-16 13:08:19.493+00",0
1142,"Mold","United Kingdom","2022-08-16 13:08:19.493+00","2022-08-16 13:08:19.493+00",0
1143,"Chapeltown","United Kingdom","2022-08-16 13:08:19.493+00","2022-08-16 13:08:19.493+00",0
1144,"Southwater","United Kingdom","2022-08-16 13:08:19.493+00","2022-08-16 13:08:19.493+00",0
1145,"Horbury","United Kingdom","2022-08-16 13:08:19.493+00","2022-08-16 13:08:19.493+00",0
1146,"Shevington","United Kingdom","2022-08-16 13:08:19.493+00","2022-08-16 13:08:19.493+00",0
1147,"Downham Market","United Kingdom","2022-08-16 13:08:19.493+00","2022-08-16 13:08:19.493+00",0
1148,"Euxton","United Kingdom","2022-08-16 13:08:19.493+00","2022-08-16 13:08:19.493+00",0
1149,"Marton","United Kingdom","2022-08-16 13:08:19.493+00","2022-08-16 13:08:19.493+00",0
1150,"Shildon","United Kingdom","2022-08-16 13:08:19.493+00","2022-08-16 13:08:19.493+00",0
1151,"Bishopstoke","United Kingdom","2022-08-16 13:08:19.493+00","2022-08-16 13:08:19.493+00",0
1152,"Aberaman","United Kingdom","2022-08-16 13:08:19.493+00","2022-08-16 13:08:19.493+00",0
1153,"Birchington","United Kingdom","2022-08-16 13:08:19.493+00","2022-08-16 13:08:19.493+00",0
1154,"Handsworth","United Kingdom","2022-08-16 13:08:19.493+00","2022-08-16 13:08:19.493+00",0
1155,"Haddington","United Kingdom","2022-08-16 13:08:19.493+00","2022-08-16 13:08:19.493+00",0
1156,"Aldenham","United Kingdom","2022-08-16 13:08:19.493+00","2022-08-16 13:08:19.493+00",0
1157,"Baldock","United Kingdom","2022-08-16 13:08:19.493+00","2022-08-16 13:08:19.493+00",0
1158,"Worth","United Kingdom","2022-08-16 13:08:19.493+00","2022-08-16 13:08:19.493+00",0
1159,"Stocksbridge","United Kingdom","2022-08-16 13:08:19.493+00","2022-08-16 13:08:19.493+00",0
1160,"Kilsyth","United Kingdom","2022-08-16 13:08:19.493+00","2022-08-16 13:08:19.493+00",0
1161,"Ellon","United Kingdom","2022-08-16 13:08:19.493+00","2022-08-16 13:08:19.493+00",0
1162,"Abram","United Kingdom","2022-08-16 13:08:19.493+00","2022-08-16 13:08:19.493+00",0
1163,"Caernarfon","United Kingdom","2022-08-16 13:08:19.493+00","2022-08-16 13:08:19.493+00",0
1164,"Ollerton","United Kingdom","2022-08-16 13:08:19.493+00","2022-08-16 13:08:19.493+00",0
1165,"Choppington","United Kingdom","2022-08-16 13:08:19.493+00","2022-08-16 13:08:19.493+00",0
1166,"Kippax","United Kingdom","2022-08-16 13:08:19.493+00","2022-08-16 13:08:19.493+00",0
1167,"Tottington","United Kingdom","2022-08-16 13:08:19.493+00","2022-08-16 13:08:19.493+00",0
1168,"Dodworth","United Kingdom","2022-08-16 13:08:19.493+00","2022-08-16 13:08:19.493+00",0
1169,"Nairn","United Kingdom","2022-08-16 13:08:19.493+00","2022-08-16 13:08:19.493+00",0
1170,"Balderton","United Kingdom","2022-08-16 13:08:19.493+00","2022-08-16 13:08:19.493+00",0
1171,"Shepperton","United Kingdom","2022-08-16 13:08:19.493+00","2022-08-16 13:08:19.493+00",0
1172,"Pembroke Dock","United Kingdom","2022-08-16 13:08:19.493+00","2022-08-16 13:08:19.493+00",0
1173,"Felpham","United Kingdom","2022-08-16 13:08:19.493+00","2022-08-16 13:08:19.493+00",0
1174,"Cobham","United Kingdom","2022-08-16 13:08:19.493+00","2022-08-16 13:08:19.493+00",0
1175,"Raynes Park","United Kingdom","2022-08-16 13:08:19.493+00","2022-08-16 13:08:19.493+00",0
1176,"Rhosllanerchrugog","United Kingdom","2022-08-16 13:08:19.493+00","2022-08-16 13:08:19.493+00",0
1177,"Lambeth","United Kingdom","2022-08-16 13:08:19.493+00","2022-08-16 13:08:19.493+00",0
1178,"Bradwell","United Kingdom","2022-08-16 13:08:19.493+00","2022-08-16 13:08:19.493+00",0
1179,"Glenfield","United Kingdom","2022-08-16 13:08:19.493+00","2022-08-16 13:08:19.493+00",0
1180,"Immingham","United Kingdom","2022-08-16 13:08:19.493+00","2022-08-16 13:08:19.493+00",0
1181,"Hockley","United Kingdom","2022-08-16 13:08:19.493+00","2022-08-16 13:08:19.493+00",0
1182,"Swanage","United Kingdom","2022-08-16 13:08:19.493+00","2022-08-16 13:08:19.493+00",0
1183,"Boxley","United Kingdom","2022-08-16 13:08:19.493+00","2022-08-16 13:08:19.493+00",0
1184,"Matlock","United Kingdom","2022-08-16 13:08:19.493+00","2022-08-16 13:08:19.493+00",0
1185,"Newburn","United Kingdom","2022-08-16 13:08:19.493+00","2022-08-16 13:08:19.493+00",0
1186,"Skelton","United Kingdom","2022-08-16 13:08:19.493+00","2022-08-16 13:08:19.493+00",0
1187,"Sherborne","United Kingdom","2022-08-16 13:08:19.493+00","2022-08-16 13:08:19.493+00",0
1188,"Tadworth","United Kingdom","2022-08-16 13:08:19.493+00","2022-08-16 13:08:19.493+00",0
1189,"Worsborough","United Kingdom","2022-08-16 13:08:19.493+00","2022-08-16 13:08:19.493+00",0
1190,"London Colney","United Kingdom","2022-08-16 13:08:19.493+00","2022-08-16 13:08:19.493+00",0
1191,"Emsworth","United Kingdom","2022-08-16 13:08:19.493+00","2022-08-16 13:08:19.493+00",0
1192,"Llantwit Major","United Kingdom","2022-08-16 13:08:19.493+00","2022-08-16 13:08:19.493+00",0
1193,"Bewdley","United Kingdom","2022-08-16 13:08:19.493+00","2022-08-16 13:08:19.493+00",0
1194,"Killamarsh","United Kingdom","2022-08-16 13:08:19.493+00","2022-08-16 13:08:19.493+00",0
1195,"South Normanton","United Kingdom","2022-08-16 13:08:19.493+00","2022-08-16 13:08:19.493+00",0
1196,"Bradford-on-Avon","United Kingdom","2022-08-16 13:08:19.493+00","2022-08-16 13:08:19.493+00",0
1197,"Horsell","United Kingdom","2022-08-16 13:08:19.493+00","2022-08-16 13:08:19.493+00",0
1198,"Broadwater","United Kingdom","2022-08-16 13:08:19.493+00","2022-08-16 13:08:19.493+00",0
1199,"Wilnecote","United Kingdom","2022-08-16 13:08:19.493+00","2022-08-16 13:08:19.493+00",0
1200,"Kirkwall","United Kingdom","2022-08-16 13:08:19.493+00","2022-08-16 13:08:19.493+00",0
1201,"Ledbury","United Kingdom","2022-08-16 13:08:19.493+00","2022-08-16 13:08:19.493+00",0
1202,"Crigglestone","United Kingdom","2022-08-16 13:08:19.493+00","2022-08-16 13:08:19.493+00",0
1203,"Towcester","United Kingdom","2022-08-16 13:08:19.493+00","2022-08-16 13:08:19.493+00",0
1204,"Bowdon","United Kingdom","2022-08-16 13:08:19.493+00","2022-08-16 13:08:19.493+00",0
1205,"Bude","United Kingdom","2022-08-16 13:08:19.493+00","2022-08-16 13:08:19.493+00",0
1206,"Clay Cross","United Kingdom","2022-08-16 13:08:19.493+00","2022-08-16 13:08:19.493+00",0
1207,"Launceston","United Kingdom","2022-08-16 13:08:19.493+00","2022-08-16 13:08:19.493+00",0
1208,"Cullercoats","United Kingdom","2022-08-16 13:08:19.493+00","2022-08-16 13:08:19.493+00",0
1209,"Cupar","United Kingdom","2022-08-16 13:08:19.493+00","2022-08-16 13:08:19.493+00",0
1210,"Aberbargoed","United Kingdom","2022-08-16 13:08:19.493+00","2022-08-16 13:08:19.493+00",0
1211,"Tiptree","United Kingdom","2022-08-16 13:08:19.493+00","2022-08-16 13:08:19.493+00",0
1212,"Burscough","United Kingdom","2022-08-16 13:08:19.493+00","2022-08-16 13:08:19.493+00",0
1213,"Yaxley","United Kingdom","2022-08-16 13:08:19.493+00","2022-08-16 13:08:19.493+00",0
1214,"Pencoed","United Kingdom","2022-08-16 13:08:19.493+00","2022-08-16 13:08:19.493+00",0
1215,"Brandon","United Kingdom","2022-08-16 13:08:19.493+00","2022-08-16 13:08:19.493+00",0
1216,"Larbert","United Kingdom","2022-08-16 13:08:19.493+00","2022-08-16 13:08:19.493+00",0
1217,"Bingham","United Kingdom","2022-08-16 13:08:19.493+00","2022-08-16 13:08:19.493+00",0
1218,"Stevenston","United Kingdom","2022-08-16 13:08:19.493+00","2022-08-16 13:08:19.493+00",0
1219,"Whitnash","United Kingdom","2022-08-16 13:08:19.493+00","2022-08-16 13:08:19.493+00",0
1220,"Usworth","United Kingdom","2022-08-16 13:08:19.493+00","2022-08-16 13:08:19.493+00",0
1221,"Portlethen","United Kingdom","2022-08-16 13:08:19.493+00","2022-08-16 13:08:19.493+00",0
1222,"Dinnington","United Kingdom","2022-08-16 13:08:19.493+00","2022-08-16 13:08:19.493+00",0
1223,"Frodsham","United Kingdom","2022-08-16 13:08:19.493+00","2022-08-16 13:08:19.493+00",0
1224,"Shanklin","United Kingdom","2022-08-16 13:08:19.493+00","2022-08-16 13:08:19.493+00",0
1225,"Armadale","United Kingdom","2022-08-16 13:08:19.493+00","2022-08-16 13:08:19.493+00",0
1226,"Bonhill","United Kingdom","2022-08-16 13:08:19.493+00","2022-08-16 13:08:19.493+00",0
1227,"Eaton Socon","United Kingdom","2022-08-16 13:08:19.493+00","2022-08-16 13:08:19.493+00",0
1228,"Rye","United Kingdom","2022-08-16 13:08:19.493+00","2022-08-16 13:08:19.493+00",0
1229,"Queensferry","United Kingdom","2022-08-16 13:08:19.493+00","2022-08-16 13:08:19.493+00",0
1230,"Barwell","United Kingdom","2022-08-16 13:08:19.493+00","2022-08-16 13:08:19.493+00",0
1231,"Blairgowrie","United Kingdom","2022-08-16 13:08:19.493+00","2022-08-16 13:08:19.493+00",0
1232,"Bovingdon","United Kingdom","2022-08-16 13:08:19.493+00","2022-08-16 13:08:19.493+00",0
1233,"Dunblane","United Kingdom","2022-08-16 13:08:19.493+00","2022-08-16 13:08:19.493+00",0
1234,"Ferryhill","United Kingdom","2022-08-16 13:08:19.493+00","2022-08-16 13:08:19.493+00",0
1235,"Hayle","United Kingdom","2022-08-16 13:08:19.493+00","2022-08-16 13:08:19.493+00",0
1236,"Glastonbury","United Kingdom","2022-08-16 13:08:19.493+00","2022-08-16 13:08:19.493+00",0
1237,"Felling","United Kingdom","2022-08-16 13:08:19.493+00","2022-08-16 13:08:19.493+00",0
1238,"Great Cornard","United Kingdom","2022-08-16 13:08:19.493+00","2022-08-16 13:08:19.493+00",0
1239,"Caister-on-Sea","United Kingdom","2022-08-16 13:08:19.493+00","2022-08-16 13:08:19.493+00",0
1240,"Irthlingborough","United Kingdom","2022-08-16 13:08:19.493+00","2022-08-16 13:08:19.493+00",0
1241,"Sandiacre","United Kingdom","2022-08-16 13:08:19.493+00","2022-08-16 13:08:19.493+00",0
1242,"Holywell","United Kingdom","2022-08-16 13:08:19.493+00","2022-08-16 13:08:19.493+00",0
1243,"Partick","United Kingdom","2022-08-16 13:08:19.493+00","2022-08-16 13:08:19.493+00",0
1244,"Ifield","United Kingdom","2022-08-16 13:08:19.493+00","2022-08-16 13:08:19.493+00",0
1245,"Leven","United Kingdom","2022-08-16 13:08:19.493+00","2022-08-16 13:08:19.493+00",0
1246,"Rhymney","United Kingdom","2022-08-16 13:08:19.493+00","2022-08-16 13:08:19.493+00",0
1247,"Kirk of Shotts","United Kingdom","2022-08-16 13:08:19.493+00","2022-08-16 13:08:19.493+00",0
1248,"Great Dunmow","United Kingdom","2022-08-16 13:08:19.493+00","2022-08-16 13:08:19.493+00",0
1249,"Brimington","United Kingdom","2022-08-16 13:08:19.493+00","2022-08-16 13:08:19.493+00",0
1250,"Cherry Hinton","United Kingdom","2022-08-16 13:08:19.493+00","2022-08-16 13:08:19.493+00",0
1251,"Lydney","United Kingdom","2022-08-16 13:08:19.493+00","2022-08-16 13:08:19.493+00",0
1252,"Cockermouth","United Kingdom","2022-08-16 13:08:19.493+00","2022-08-16 13:08:19.493+00",0
1253,"Littleport","United Kingdom","2022-08-16 13:08:19.493+00","2022-08-16 13:08:19.493+00",0
1254,"Atherstone","United Kingdom","2022-08-16 13:08:19.493+00","2022-08-16 13:08:19.493+00",0
1255,"Raunds","United Kingdom","2022-08-16 13:08:19.493+00","2022-08-16 13:08:19.493+00",0
1256,"Chapel en le Frith","United Kingdom","2022-08-16 13:08:19.493+00","2022-08-16 13:08:19.493+00",0
1257,"Canford Cliffs","United Kingdom","2022-08-16 13:08:19.493+00","2022-08-16 13:08:19.493+00",0
1258,"Whitwick","United Kingdom","2022-08-16 13:08:19.493+00","2022-08-16 13:08:19.493+00",0
1259,"Polegate","United Kingdom","2022-08-16 13:08:19.493+00","2022-08-16 13:08:19.493+00",0
1260,"Oban","United Kingdom","2022-08-16 13:08:19.493+00","2022-08-16 13:08:19.493+00",0
1261,"Sompting","United Kingdom","2022-08-16 13:08:19.493+00","2022-08-16 13:08:19.493+00",0
1262,"Meltham","United Kingdom","2022-08-16 13:08:19.493+00","2022-08-16 13:08:19.493+00",0
1263,"Worplesdon","United Kingdom","2022-08-16 13:08:19.493+00","2022-08-16 13:08:19.493+00",0
1264,"Penkridge","United Kingdom","2022-08-16 13:08:19.493+00","2022-08-16 13:08:19.493+00",0
1265,"Clayton le Moors","United Kingdom","2022-08-16 13:08:19.493+00","2022-08-16 13:08:19.493+00",0
1266,"Oakengates","United Kingdom","2022-08-16 13:08:19.493+00","2022-08-16 13:08:19.493+00",0
1267,"Bedwas","United Kingdom","2022-08-16 13:08:19.493+00","2022-08-16 13:08:19.493+00",0
1268,"West Auckland","United Kingdom","2022-08-16 13:08:19.493+00","2022-08-16 13:08:19.493+00",0
1269,"Hughenden","United Kingdom","2022-08-16 13:08:19.493+00","2022-08-16 13:08:19.493+00",0
1270,"Carlton Colville","United Kingdom","2022-08-16 13:08:19.493+00","2022-08-16 13:08:19.493+00",0
1271,"Skewen","United Kingdom","2022-08-16 13:08:19.493+00","2022-08-16 13:08:19.493+00",0
1272,"Cullompton","United Kingdom","2022-08-16 13:08:19.493+00","2022-08-16 13:08:19.493+00",0
1273,"Blackwood","United Kingdom","2022-08-16 13:08:19.493+00","2022-08-16 13:08:19.493+00",0
1274,"Bersted","United Kingdom","2022-08-16 13:08:19.493+00","2022-08-16 13:08:19.493+00",0
1275,"Cinderford","United Kingdom","2022-08-16 13:08:19.493+00","2022-08-16 13:08:19.493+00",0
1276,"Liphook","United Kingdom","2022-08-16 13:08:19.493+00","2022-08-16 13:08:19.493+00",0
1277,"Dunbar","United Kingdom","2022-08-16 13:08:19.493+00","2022-08-16 13:08:19.493+00",0
1278,"Ramsey","United Kingdom","2022-08-16 13:08:19.493+00","2022-08-16 13:08:19.493+00",0
1279,"Rochford","United Kingdom","2022-08-16 13:08:19.493+00","2022-08-16 13:08:19.493+00",0
1280,"Sawbridgeworth","United Kingdom","2022-08-16 13:08:19.493+00","2022-08-16 13:08:19.493+00",0
1281,"Great Billing","United Kingdom","2022-08-16 13:08:19.493+00","2022-08-16 13:08:19.493+00",0
1282,"Narborough","United Kingdom","2022-08-16 13:08:19.493+00","2022-08-16 13:08:19.493+00",0
1283,"Audley","United Kingdom","2022-08-16 13:08:19.493+00","2022-08-16 13:08:19.493+00",0
1284,"Hornsea","United Kingdom","2022-08-16 13:08:19.493+00","2022-08-16 13:08:19.493+00",0
1285,"Haxby","United Kingdom","2022-08-16 13:08:19.493+00","2022-08-16 13:08:19.493+00",0
1286,"Welwyn","United Kingdom","2022-08-16 13:08:19.493+00","2022-08-16 13:08:19.493+00",0
1287,"Polesworth","United Kingdom","2022-08-16 13:08:19.493+00","2022-08-16 13:08:19.493+00",0
1288,"Seaton","United Kingdom","2022-08-16 13:08:19.493+00","2022-08-16 13:08:19.493+00",0
1289,"Woodchurch","United Kingdom","2022-08-16 13:08:19.493+00","2022-08-16 13:08:19.493+00",0
1290,"Marlborough","United Kingdom","2022-08-16 13:08:19.493+00","2022-08-16 13:08:19.493+00",0
1291,"Annan","United Kingdom","2022-08-16 13:08:19.493+00","2022-08-16 13:08:19.493+00",0
1292,"Yarm","United Kingdom","2022-08-16 13:08:19.493+00","2022-08-16 13:08:19.493+00",0
1293,"Aveley","United Kingdom","2022-08-16 13:08:19.493+00","2022-08-16 13:08:19.493+00",0
1294,"Peebles","United Kingdom","2022-08-16 13:08:19.493+00","2022-08-16 13:08:19.493+00",0
1295,"Birtley","United Kingdom","2022-08-16 13:08:19.493+00","2022-08-16 13:08:19.493+00",0
1296,"Torpoint","United Kingdom","2022-08-16 13:08:19.493+00","2022-08-16 13:08:19.493+00",0
1297,"Coleford","United Kingdom","2022-08-16 13:08:19.493+00","2022-08-16 13:08:19.493+00",0
1298,"Windermere","United Kingdom","2022-08-16 13:08:19.493+00","2022-08-16 13:08:19.493+00",0
1299,"Glascote","United Kingdom","2022-08-16 13:08:19.493+00","2022-08-16 13:08:19.493+00",0
1300,"Aughton","United Kingdom","2022-08-16 13:08:19.493+00","2022-08-16 13:08:19.493+00",0
1301,"Pocklington","United Kingdom","2022-08-16 13:08:19.493+00","2022-08-16 13:08:19.493+00",0
1302,"Harlington","United Kingdom","2022-08-16 13:08:19.493+00","2022-08-16 13:08:19.493+00",0
1303,"Buckie","United Kingdom","2022-08-16 13:08:19.493+00","2022-08-16 13:08:19.493+00",0
1304,"Tanfield","United Kingdom","2022-08-16 13:08:19.493+00","2022-08-16 13:08:19.493+00",0
1305,"Silsden","United Kingdom","2022-08-16 13:08:19.493+00","2022-08-16 13:08:19.493+00",0
1306,"Paddock Wood","United Kingdom","2022-08-16 13:08:19.493+00","2022-08-16 13:08:19.493+00",0
1307,"Lanark","United Kingdom","2022-08-16 13:08:19.493+00","2022-08-16 13:08:19.493+00",0
1308,"Brecon","United Kingdom","2022-08-16 13:08:19.493+00","2022-08-16 13:08:19.493+00",0
1309,"Toton","United Kingdom","2022-08-16 13:08:19.493+00","2022-08-16 13:08:19.493+00",0
1310,"Billingshurst","United Kingdom","2022-08-16 13:08:19.493+00","2022-08-16 13:08:19.493+00",0
1311,"Mountsorrel","United Kingdom","2022-08-16 13:08:19.493+00","2022-08-16 13:08:19.493+00",0
1312,"Radcliffe on Trent","United Kingdom","2022-08-16 13:08:19.493+00","2022-08-16 13:08:19.493+00",0
1313,"Bramley","United Kingdom","2022-08-16 13:08:19.493+00","2022-08-16 13:08:19.493+00",0
1314,"Egremont","United Kingdom","2022-08-16 13:08:19.493+00","2022-08-16 13:08:19.493+00",0
1315,"Brierfield","United Kingdom","2022-08-16 13:08:19.493+00","2022-08-16 13:08:19.493+00",0
1316,"Gowerton","United Kingdom","2022-08-16 13:08:19.493+00","2022-08-16 13:08:19.493+00",0
1317,"Walmer","United Kingdom","2022-08-16 13:08:19.493+00","2022-08-16 13:08:19.493+00",0
1318,"Heybridge","United Kingdom","2022-08-16 13:08:19.493+00","2022-08-16 13:08:19.493+00",0
1319,"Goffs Oak","United Kingdom","2022-08-16 13:08:19.493+00","2022-08-16 13:08:19.493+00",0
1320,"Cam","United Kingdom","2022-08-16 13:08:19.493+00","2022-08-16 13:08:19.493+00",0
1321,"Highworth","United Kingdom","2022-08-16 13:08:19.493+00","2022-08-16 13:08:19.493+00",0
1322,"Shinfield","United Kingdom","2022-08-16 13:08:19.493+00","2022-08-16 13:08:19.493+00",0
1323,"Bucksburn","United Kingdom","2022-08-16 13:08:19.493+00","2022-08-16 13:08:19.493+00",0
1324,"Witley","United Kingdom","2022-08-16 13:08:19.493+00","2022-08-16 13:08:19.493+00",0
1325,"Dalton in Furness","United Kingdom","2022-08-16 13:08:19.493+00","2022-08-16 13:08:19.493+00",0
1326,"Merstham","United Kingdom","2022-08-16 13:08:19.493+00","2022-08-16 13:08:19.493+00",0
1327,"Wistaston","United Kingdom","2022-08-16 13:08:19.493+00","2022-08-16 13:08:19.493+00",0
1328,"Alnwick","United Kingdom","2022-08-16 13:08:19.493+00","2022-08-16 13:08:19.493+00",0
1329,"Old Colwyn","United Kingdom","2022-08-16 13:08:19.493+00","2022-08-16 13:08:19.493+00",0
1330,"Monifieth","United Kingdom","2022-08-16 13:08:19.493+00","2022-08-16 13:08:19.493+00",0
1331,"Ystradgynlais","United Kingdom","2022-08-16 13:08:19.493+00","2022-08-16 13:08:19.493+00",0
1332,"Horden","United Kingdom","2022-08-16 13:08:19.493+00","2022-08-16 13:08:19.493+00",0
1333,"Brightlingsea","United Kingdom","2022-08-16 13:08:19.493+00","2022-08-16 13:08:19.493+00",0
1334,"Totnes","United Kingdom","2022-08-16 13:08:19.493+00","2022-08-16 13:08:19.493+00",0
1335,"Caerleon","United Kingdom","2022-08-16 13:08:19.493+00","2022-08-16 13:08:19.493+00",0
1336,"Stornoway","United Kingdom","2022-08-16 13:08:19.493+00","2022-08-16 13:08:19.493+00",0
1337,"Warlingham","United Kingdom","2022-08-16 13:08:19.493+00","2022-08-16 13:08:19.493+00",0
1338,"Merrow","United Kingdom","2022-08-16 13:08:19.493+00","2022-08-16 13:08:19.493+00",0
1339,"Trumpington","United Kingdom","2022-08-16 13:08:19.493+00","2022-08-16 13:08:19.493+00",0
1340,"Wroughton","United Kingdom","2022-08-16 13:08:19.493+00","2022-08-16 13:08:19.493+00",0
1341,"Radlett","United Kingdom","2022-08-16 13:08:19.493+00","2022-08-16 13:08:19.493+00",0
1342,"Bearsted","United Kingdom","2022-08-16 13:08:19.493+00","2022-08-16 13:08:19.493+00",0
1343,"Exhall","United Kingdom","2022-08-16 13:08:19.493+00","2022-08-16 13:08:19.493+00",0
1344,"Hawkinge","United Kingdom","2022-08-16 13:08:19.493+00","2022-08-16 13:08:19.493+00",0
1345,"Goring by Sea","United Kingdom","2022-08-16 13:08:19.493+00","2022-08-16 13:08:19.493+00",0
1346,"Loftus","United Kingdom","2022-08-16 13:08:19.493+00","2022-08-16 13:08:19.493+00",0
1347,"Princes Risborough","United Kingdom","2022-08-16 13:08:19.493+00","2022-08-16 13:08:19.493+00",0
1348,"Seasalter","United Kingdom","2022-08-16 13:08:19.493+00","2022-08-16 13:08:19.493+00",0
1349,"Newbold","United Kingdom","2022-08-16 13:08:19.493+00","2022-08-16 13:08:19.493+00",0
1350,"Coppull","United Kingdom","2022-08-16 13:08:19.493+00","2022-08-16 13:08:19.493+00",0
1351,"Harworth","United Kingdom","2022-08-16 13:08:19.493+00","2022-08-16 13:08:19.493+00",0
1352,"Willerby","United Kingdom","2022-08-16 13:08:19.493+00","2022-08-16 13:08:19.493+00",0
1353,"Denny","United Kingdom","2022-08-16 13:08:19.493+00","2022-08-16 13:08:19.493+00",0
1354,"Thurso","United Kingdom","2022-08-16 13:08:19.493+00","2022-08-16 13:08:19.493+00",0
1355,"Newport-On-Tay","United Kingdom","2022-08-16 13:08:19.493+00","2022-08-16 13:08:19.493+00",0
1356,"Wadebridge","United Kingdom","2022-08-16 13:08:19.493+00","2022-08-16 13:08:19.493+00",0
1357,"Bollington","United Kingdom","2022-08-16 13:08:19.493+00","2022-08-16 13:08:19.493+00",0
1358,"Binfield","United Kingdom","2022-08-16 13:08:19.493+00","2022-08-16 13:08:19.493+00",0
1359,"Kinmel","United Kingdom","2022-08-16 13:08:19.493+00","2022-08-16 13:08:19.493+00",0
1360,"Latchford","United Kingdom","2022-08-16 13:08:19.493+00","2022-08-16 13:08:19.493+00",0
1361,"Sileby","United Kingdom","2022-08-16 13:08:19.493+00","2022-08-16 13:08:19.493+00",0
1362,"Crediton","United Kingdom","2022-08-16 13:08:19.493+00","2022-08-16 13:08:19.493+00",0
1363,"Millom","United Kingdom","2022-08-16 13:08:19.493+00","2022-08-16 13:08:19.493+00",0
1364,"Rainworth","United Kingdom","2022-08-16 13:08:19.493+00","2022-08-16 13:08:19.493+00",0
1365,"Edenbridge","United Kingdom","2022-08-16 13:08:19.493+00","2022-08-16 13:08:19.493+00",0
1366,"Willesborough","United Kingdom","2022-08-16 13:08:19.493+00","2022-08-16 13:08:19.493+00",0
1367,"West Thurrock","United Kingdom","2022-08-16 13:08:19.493+00","2022-08-16 13:08:19.493+00",0
1368,"Rainford","United Kingdom","2022-08-16 13:08:19.493+00","2022-08-16 13:08:19.493+00",0
1369,"Annfield Plain","United Kingdom","2022-08-16 13:08:19.493+00","2022-08-16 13:08:19.493+00",0
1370,"Cross Gates","United Kingdom","2022-08-16 13:08:19.493+00","2022-08-16 13:08:19.493+00",0
1371,"Hook","United Kingdom","2022-08-16 13:08:19.493+00","2022-08-16 13:08:19.493+00",0
1372,"Stopsley","United Kingdom","2022-08-16 13:08:19.493+00","2022-08-16 13:08:19.493+00",0
1373,"Woodbridge","United Kingdom","2022-08-16 13:08:19.493+00","2022-08-16 13:08:19.493+00",0
1374,"Stony Stratford","United Kingdom","2022-08-16 13:08:19.493+00","2022-08-16 13:08:19.493+00",0
1375,"Tenterden","United Kingdom","2022-08-16 13:08:19.493+00","2022-08-16 13:08:19.493+00",0
1376,"Stonehouse","United Kingdom","2022-08-16 13:08:19.493+00","2022-08-16 13:08:19.493+00",0
1377,"Byfleet","United Kingdom","2022-08-16 13:08:19.493+00","2022-08-16 13:08:19.493+00",0
1378,"Longridge","United Kingdom","2022-08-16 13:08:19.493+00","2022-08-16 13:08:19.493+00",0
1379,"Cromer","United Kingdom","2022-08-16 13:08:19.493+00","2022-08-16 13:08:19.493+00",0
1380,"Treorchy","United Kingdom","2022-08-16 13:08:19.493+00","2022-08-16 13:08:19.493+00",0
1381,"Hassocks","United Kingdom","2022-08-16 13:08:19.493+00","2022-08-16 13:08:19.493+00",0
1382,"Kingsbury","United Kingdom","2022-08-16 13:08:19.493+00","2022-08-16 13:08:19.493+00",0
1383,"Wivenhoe","United Kingdom","2022-08-16 13:08:19.493+00","2022-08-16 13:08:19.493+00",0
1384,"Fakenham","United Kingdom","2022-08-16 13:08:19.493+00","2022-08-16 13:08:19.493+00",0
1385,"Angmering","United Kingdom","2022-08-16 13:08:19.493+00","2022-08-16 13:08:19.493+00",0
1386,"Rhôs-on-Sea","United Kingdom","2022-08-16 13:08:19.493+00","2022-08-16 13:08:19.493+00",0
1387,"Sundon","United Kingdom","2022-08-16 13:08:19.493+00","2022-08-16 13:08:19.493+00",0
1388,"Codsall","United Kingdom","2022-08-16 13:08:19.493+00","2022-08-16 13:08:19.493+00",0
1389,"Diss","United Kingdom","2022-08-16 13:08:19.493+00","2022-08-16 13:08:19.493+00",0
1390,"Saint Agnes","United Kingdom","2022-08-16 13:08:19.493+00","2022-08-16 13:08:19.493+00",0
1391,"Banchory","United Kingdom","2022-08-16 13:08:19.493+00","2022-08-16 13:08:19.493+00",0
1392,"Pembroke","United Kingdom","2022-08-16 13:08:19.493+00","2022-08-16 13:08:19.493+00",0
1393,"Yatton","United Kingdom","2022-08-16 13:08:19.493+00","2022-08-16 13:08:19.493+00",0
1394,"Clydach","United Kingdom","2022-08-16 13:08:19.493+00","2022-08-16 13:08:19.493+00",0
1395,"Cramond","United Kingdom","2022-08-16 13:08:19.493+00","2022-08-16 13:08:19.493+00",0
1396,"Hucknall under Huthwaite","United Kingdom","2022-08-16 13:08:19.493+00","2022-08-16 13:08:19.493+00",0
1397,"Whitworth","United Kingdom","2022-08-16 13:08:19.493+00","2022-08-16 13:08:19.493+00",0
1398,"Currie","United Kingdom","2022-08-16 13:08:19.493+00","2022-08-16 13:08:19.493+00",0
1399,"Dinas Powys","United Kingdom","2022-08-16 13:08:19.493+00","2022-08-16 13:08:19.493+00",0
1400,"Northam","United Kingdom","2022-08-16 13:08:19.493+00","2022-08-16 13:08:19.493+00",0
1401,"Strathaven","United Kingdom","2022-08-16 13:08:19.493+00","2022-08-16 13:08:19.493+00",0
1402,"Norton Canes","United Kingdom","2022-08-16 13:08:19.493+00","2022-08-16 13:08:19.493+00",0
1403,"Littleborough","United Kingdom","2022-08-16 13:08:19.493+00","2022-08-16 13:08:19.493+00",0
1404,"Boultham","United Kingdom","2022-08-16 13:08:19.493+00","2022-08-16 13:08:19.493+00",0
1405,"Chobham","United Kingdom","2022-08-16 13:08:19.493+00","2022-08-16 13:08:19.493+00",0
1406,"Burton Latimer","United Kingdom","2022-08-16 13:08:19.493+00","2022-08-16 13:08:19.493+00",0
1407,"Clowne","United Kingdom","2022-08-16 13:08:19.493+00","2022-08-16 13:08:19.493+00",0
1408,"Ripponden","United Kingdom","2022-08-16 13:08:19.493+00","2022-08-16 13:08:19.493+00",0
1409,"Waltham Cross","United Kingdom","2022-08-16 13:08:19.493+00","2022-08-16 13:08:19.493+00",0
1410,"Pyle","United Kingdom","2022-08-16 13:08:19.493+00","2022-08-16 13:08:19.493+00",0
1411,"Wendover","United Kingdom","2022-08-16 13:08:19.493+00","2022-08-16 13:08:19.493+00",0
1412,"Harefield","United Kingdom","2022-08-16 13:08:19.493+00","2022-08-16 13:08:19.493+00",0
1413,"Wickersley","United Kingdom","2022-08-16 13:08:19.493+00","2022-08-16 13:08:19.493+00",0
1414,"Brockworth","United Kingdom","2022-08-16 13:08:19.493+00","2022-08-16 13:08:19.493+00",0
1415,"Durrington","United Kingdom","2022-08-16 13:08:19.493+00","2022-08-16 13:08:19.493+00",0
1416,"Upholland","United Kingdom","2022-08-16 13:08:19.493+00","2022-08-16 13:08:19.493+00",0
1417,"Mountain Ash","United Kingdom","2022-08-16 13:08:19.493+00","2022-08-16 13:08:19.493+00",0
1418,"Crieff","United Kingdom","2022-08-16 13:08:19.493+00","2022-08-16 13:08:19.493+00",0
1419,"Sheringham","United Kingdom","2022-08-16 13:08:19.493+00","2022-08-16 13:08:19.493+00",0
1420,"Shenstone","United Kingdom","2022-08-16 13:08:19.493+00","2022-08-16 13:08:19.493+00",0
1421,"Braunton","United Kingdom","2022-08-16 13:08:19.493+00","2022-08-16 13:08:19.493+00",0
1422,"Bannockburn","United Kingdom","2022-08-16 13:08:19.493+00","2022-08-16 13:08:19.493+00",0
1423,"Greenhill","United Kingdom","2022-08-16 13:08:19.493+00","2022-08-16 13:08:19.493+00",0
1424,"Wick","United Kingdom","2022-08-16 13:08:19.493+00","2022-08-16 13:08:19.493+00",0
1425,"Brewood","United Kingdom","2022-08-16 13:08:19.493+00","2022-08-16 13:08:19.493+00",0
1426,"Partington","United Kingdom","2022-08-16 13:08:19.493+00","2022-08-16 13:08:19.493+00",0
1427,"Herne","United Kingdom","2022-08-16 13:08:19.493+00","2022-08-16 13:08:19.493+00",0
1428,"Shaftesbury","United Kingdom","2022-08-16 13:08:19.493+00","2022-08-16 13:08:19.493+00",0
1429,"Southwell","United Kingdom","2022-08-16 13:08:19.493+00","2022-08-16 13:08:19.493+00",0
1430,"Titchfield","United Kingdom","2022-08-16 13:08:19.493+00","2022-08-16 13:08:19.493+00",0
1431,"Bramcote","United Kingdom","2022-08-16 13:08:19.493+00","2022-08-16 13:08:19.493+00",0
1432,"Swaffham","United Kingdom","2022-08-16 13:08:19.493+00","2022-08-16 13:08:19.493+00",0
1433,"Roby","United Kingdom","2022-08-16 13:08:19.493+00","2022-08-16 13:08:19.493+00",0
1434,"Basing","United Kingdom","2022-08-16 13:08:19.493+00","2022-08-16 13:08:19.493+00",0
1435,"Kinvere","United Kingdom","2022-08-16 13:08:19.493+00","2022-08-16 13:08:19.493+00",0
1436,"Peterculter","United Kingdom","2022-08-16 13:08:19.493+00","2022-08-16 13:08:19.493+00",0
1437,"Ruddington","United Kingdom","2022-08-16 13:08:19.493+00","2022-08-16 13:08:19.493+00",0
1438,"Cotgrave","United Kingdom","2022-08-16 13:08:19.493+00","2022-08-16 13:08:19.493+00",0
1439,"Watton","United Kingdom","2022-08-16 13:08:19.493+00","2022-08-16 13:08:19.493+00",0
1440,"Brechin","United Kingdom","2022-08-16 13:08:19.493+00","2022-08-16 13:08:19.493+00",0
1441,"Kirkham","United Kingdom","2022-08-16 13:08:19.493+00","2022-08-16 13:08:19.493+00",0
1442,"Warsash","United Kingdom","2022-08-16 13:08:19.493+00","2022-08-16 13:08:19.493+00",0
1443,"West Mersea","United Kingdom","2022-08-16 13:08:19.493+00","2022-08-16 13:08:19.493+00",0
1444,"Wilmington","United Kingdom","2022-08-16 13:08:19.493+00","2022-08-16 13:08:19.493+00",0
1445,"Grove","United Kingdom","2022-08-16 13:08:19.493+00","2022-08-16 13:08:19.493+00",0
1446,"Claygate","United Kingdom","2022-08-16 13:08:19.493+00","2022-08-16 13:08:19.493+00",0
1447,"Sawston","United Kingdom","2022-08-16 13:08:19.493+00","2022-08-16 13:08:19.493+00",0
1448,"Higham Ferrers","United Kingdom","2022-08-16 13:08:19.493+00","2022-08-16 13:08:19.493+00",0
1449,"Denham","United Kingdom","2022-08-16 13:08:19.493+00","2022-08-16 13:08:19.493+00",0
1450,"Coundon","United Kingdom","2022-08-16 13:08:19.493+00","2022-08-16 13:08:19.493+00",0
1451,"Pershore","United Kingdom","2022-08-16 13:08:19.493+00","2022-08-16 13:08:19.493+00",0
1452,"Faringdon","United Kingdom","2022-08-16 13:08:19.493+00","2022-08-16 13:08:19.493+00",0
1453,"Ashbourne","United Kingdom","2022-08-16 13:08:19.493+00","2022-08-16 13:08:19.493+00",0
1454,"Allington","United Kingdom","2022-08-16 13:08:19.493+00","2022-08-16 13:08:19.493+00",0
1455,"Hedon","United Kingdom","2022-08-16 13:08:19.493+00","2022-08-16 13:08:19.493+00",0
1456,"Wardle","United Kingdom","2022-08-16 13:08:19.493+00","2022-08-16 13:08:19.493+00",0
1457,"Calverton","United Kingdom","2022-08-16 13:08:19.493+00","2022-08-16 13:08:19.493+00",0
1458,"Abersychan","United Kingdom","2022-08-16 13:08:19.493+00","2022-08-16 13:08:19.493+00",0
1459,"High Ackworth","United Kingdom","2022-08-16 13:08:19.493+00","2022-08-16 13:08:19.493+00",0
1460,"Quarrington","United Kingdom","2022-08-16 13:08:19.493+00","2022-08-16 13:08:19.493+00",0
1461,"Kirkleatham","United Kingdom","2022-08-16 13:08:19.493+00","2022-08-16 13:08:19.493+00",0
1462,"Saint Peters","United Kingdom","2022-08-16 13:08:19.493+00","2022-08-16 13:08:19.493+00",0
1463,"Burley in Wharfedale","United Kingdom","2022-08-16 13:08:19.493+00","2022-08-16 13:08:19.493+00",0
1464,"Coxhoe","United Kingdom","2022-08-16 13:08:19.493+00","2022-08-16 13:08:19.493+00",0
1465,"East Cowes","United Kingdom","2022-08-16 13:08:19.493+00","2022-08-16 13:08:19.493+00",0
1466,"Shifnal","United Kingdom","2022-08-16 13:08:19.493+00","2022-08-16 13:08:19.493+00",0
1467,"Eston","United Kingdom","2022-08-16 13:08:19.493+00","2022-08-16 13:08:19.493+00",0
1468,"Crewkerne","United Kingdom","2022-08-16 13:08:19.493+00","2022-08-16 13:08:19.493+00",0
1469,"Westgate on Sea","United Kingdom","2022-08-16 13:08:19.493+00","2022-08-16 13:08:19.493+00",0
1470,"New Romney","United Kingdom","2022-08-16 13:08:19.493+00","2022-08-16 13:08:19.493+00",0
1471,"Warrenpoint","United Kingdom","2022-08-16 13:08:19.493+00","2022-08-16 13:08:19.493+00",0
1472,"Filey","United Kingdom","2022-08-16 13:08:19.493+00","2022-08-16 13:08:19.493+00",0
1473,"Lerwick","United Kingdom","2022-08-16 13:08:19.493+00","2022-08-16 13:08:19.493+00",0
1474,"Cleator Moor","United Kingdom","2022-08-16 13:08:19.493+00","2022-08-16 13:08:19.493+00",0
1475,"Dowlais","United Kingdom","2022-08-16 13:08:19.493+00","2022-08-16 13:08:19.493+00",0
1476,"Deeping Saint James","United Kingdom","2022-08-16 13:08:19.493+00","2022-08-16 13:08:19.493+00",0
1477,"Church Gresley","United Kingdom","2022-08-16 13:08:19.493+00","2022-08-16 13:08:19.493+00",0
1478,"Carlton","United Kingdom","2022-08-16 13:08:19.493+00","2022-08-16 13:08:19.493+00",0
1479,"Thornhill","United Kingdom","2022-08-16 13:08:19.493+00","2022-08-16 13:08:19.493+00",0
1480,"Bonnybridge","United Kingdom","2022-08-16 13:08:19.493+00","2022-08-16 13:08:19.493+00",0
1481,"Duntocher","United Kingdom","2022-08-16 13:08:19.493+00","2022-08-16 13:08:19.493+00",0
1482,"Fishtoft","United Kingdom","2022-08-16 13:08:19.493+00","2022-08-16 13:08:19.493+00",0
1483,"Lochgelly","United Kingdom","2022-08-16 13:08:19.493+00","2022-08-16 13:08:19.493+00",0
1484,"Pontardawe","United Kingdom","2022-08-16 13:08:19.493+00","2022-08-16 13:08:19.493+00",0
1485,"Pickering","United Kingdom","2022-08-16 13:08:19.493+00","2022-08-16 13:08:19.493+00",0
1486,"Sturry","United Kingdom","2022-08-16 13:08:19.493+00","2022-08-16 13:08:19.493+00",0
1487,"Gedling","United Kingdom","2022-08-16 13:08:19.493+00","2022-08-16 13:08:19.493+00",0
1488,"Horncastle","United Kingdom","2022-08-16 13:08:19.493+00","2022-08-16 13:08:19.493+00",0
1489,"Penryn","United Kingdom","2022-08-16 13:08:19.493+00","2022-08-16 13:08:19.493+00",0
1490,"Lossiemouth","United Kingdom","2022-08-16 13:08:19.493+00","2022-08-16 13:08:19.493+00",0
1491,"Great Chart","United Kingdom","2022-08-16 13:08:19.493+00","2022-08-16 13:08:19.493+00",0
1492,"Saint Blazey","United Kingdom","2022-08-16 13:08:19.493+00","2022-08-16 13:08:19.493+00",0
1493,"Park Street","United Kingdom","2022-08-16 13:08:19.493+00","2022-08-16 13:08:19.493+00",0
1494,"Bridge of Allan","United Kingdom","2022-08-16 13:08:19.493+00","2022-08-16 13:08:19.493+00",0
1495,"Torrisholme","United Kingdom","2022-08-16 13:08:19.493+00","2022-08-16 13:08:19.493+00",0
1496,"Branston","United Kingdom","2022-08-16 13:08:19.493+00","2022-08-16 13:08:19.493+00",0
1497,"Bolton upon Dearne","United Kingdom","2022-08-16 13:08:19.493+00","2022-08-16 13:08:19.493+00",0
1498,"Esher","United Kingdom","2022-08-16 13:08:19.493+00","2022-08-16 13:08:19.493+00",0
1499,"Stepps","United Kingdom","2022-08-16 13:08:19.493+00","2022-08-16 13:08:19.493+00",0
1500,"North Petherton","United Kingdom","2022-08-16 13:08:19.493+00","2022-08-16 13:08:19.493+00",0
1501,"Sandycroft","United Kingdom","2022-08-16 13:08:19.493+00","2022-08-16 13:08:19.493+00",0
1502,"Bishops Waltham","United Kingdom","2022-08-16 13:08:19.493+00","2022-08-16 13:08:19.493+00",0
1503,"Llandudno Junction","United Kingdom","2022-08-16 13:08:19.493+00","2022-08-16 13:08:19.493+00",0
1504,"Meopham","United Kingdom","2022-08-16 13:08:19.493+00","2022-08-16 13:08:19.493+00",0
1505,"Cranbrook","United Kingdom","2022-08-16 13:08:19.493+00","2022-08-16 13:08:19.493+00",0
1506,"Godmanchester","United Kingdom","2022-08-16 13:08:19.493+00","2022-08-16 13:08:19.493+00",0
1507,"Crowthorne","United Kingdom","2022-08-16 13:08:19.493+00","2022-08-16 13:08:19.493+00",0
1508,"Uddingston","United Kingdom","2022-08-16 13:08:19.493+00","2022-08-16 13:08:19.493+00",0
1509,"Dursley","United Kingdom","2022-08-16 13:08:19.493+00","2022-08-16 13:08:19.493+00",0
1510,"Aintree","United Kingdom","2022-08-16 13:08:19.493+00","2022-08-16 13:08:19.493+00",0
1511,"Farington","United Kingdom","2022-08-16 13:08:19.493+00","2022-08-16 13:08:19.493+00",0
1512,"Battle","United Kingdom","2022-08-16 13:08:19.493+00","2022-08-16 13:08:19.493+00",0
1513,"Kimberley","United Kingdom","2022-08-16 13:08:19.493+00","2022-08-16 13:08:19.493+00",0
1514,"Sherburn in Elmet","United Kingdom","2022-08-16 13:08:19.493+00","2022-08-16 13:08:19.493+00",0
1515,"Sawley","United Kingdom","2022-08-16 13:08:19.493+00","2022-08-16 13:08:19.493+00",0
1516,"Rishton","United Kingdom","2022-08-16 13:08:19.493+00","2022-08-16 13:08:19.493+00",0
1517,"Twyford","United Kingdom","2022-08-16 13:08:19.493+00","2022-08-16 13:08:19.493+00",0
1518,"North Berwick","United Kingdom","2022-08-16 13:08:19.493+00","2022-08-16 13:08:19.493+00",0
1519,"Stewarton","United Kingdom","2022-08-16 13:08:19.493+00","2022-08-16 13:08:19.493+00",0
1520,"Budleigh Salterton","United Kingdom","2022-08-16 13:08:19.493+00","2022-08-16 13:08:19.493+00",0
1521,"Southam","United Kingdom","2022-08-16 13:08:19.493+00","2022-08-16 13:08:19.493+00",0
1522,"Lydd","United Kingdom","2022-08-16 13:08:19.493+00","2022-08-16 13:08:19.493+00",0
1523,"Downside","United Kingdom","2022-08-16 13:08:19.493+00","2022-08-16 13:08:19.493+00",0
1524,"Alvechurch","United Kingdom","2022-08-16 13:08:19.493+00","2022-08-16 13:08:19.493+00",0
1525,"Pakefield","United Kingdom","2022-08-16 13:08:19.493+00","2022-08-16 13:08:19.493+00",0
1526,"Chapelhall","United Kingdom","2022-08-16 13:08:19.493+00","2022-08-16 13:08:19.493+00",0
1527,"Muxton","United Kingdom","2022-08-16 13:08:19.493+00","2022-08-16 13:08:19.493+00",0
1528,"Whetstone","United Kingdom","2022-08-16 13:08:19.493+00","2022-08-16 13:08:19.493+00",0
1529,"Billinge","United Kingdom","2022-08-16 13:08:19.493+00","2022-08-16 13:08:19.493+00",0
1530,"Cove","United Kingdom","2022-08-16 13:08:19.493+00","2022-08-16 13:08:19.493+00",0
1531,"Dingwall","United Kingdom","2022-08-16 13:08:19.493+00","2022-08-16 13:08:19.493+00",0
1532,"Cwmafan","United Kingdom","2022-08-16 13:08:19.493+00","2022-08-16 13:08:19.493+00",0
1533,"Sawtry","United Kingdom","2022-08-16 13:08:19.493+00","2022-08-16 13:08:19.493+00",0
1534,"Wingerworth","United Kingdom","2022-08-16 13:08:19.493+00","2022-08-16 13:08:19.493+00",0
1535,"Kelty","United Kingdom","2022-08-16 13:08:19.493+00","2022-08-16 13:08:19.493+00",0
1536,"Anstey","United Kingdom","2022-08-16 13:08:19.493+00","2022-08-16 13:08:19.493+00",0
1537,"Frampton Cotterell","United Kingdom","2022-08-16 13:08:19.493+00","2022-08-16 13:08:19.493+00",0
1538,"South Elmsall","United Kingdom","2022-08-16 13:08:19.493+00","2022-08-16 13:08:19.493+00",0
1539,"Newbridge","United Kingdom","2022-08-16 13:08:19.493+00","2022-08-16 13:08:19.493+00",0
1540,"Danbury","United Kingdom","2022-08-16 13:08:19.493+00","2022-08-16 13:08:19.493+00",0
1541,"Coleshill","United Kingdom","2022-08-16 13:08:19.493+00","2022-08-16 13:08:19.493+00",0
1542,"Olney","United Kingdom","2022-08-16 13:08:19.493+00","2022-08-16 13:08:19.493+00",0
1543,"Houston","United Kingdom","2022-08-16 13:08:19.493+00","2022-08-16 13:08:19.493+00",0
1544,"Bothwell","United Kingdom","2022-08-16 13:08:19.493+00","2022-08-16 13:08:19.493+00",0
1545,"Whaley Bridge","United Kingdom","2022-08-16 13:08:19.493+00","2022-08-16 13:08:19.493+00",0
1546,"Pinhoe","United Kingdom","2022-08-16 13:08:19.493+00","2022-08-16 13:08:19.493+00",0
1547,"Girvan","United Kingdom","2022-08-16 13:08:19.493+00","2022-08-16 13:08:19.493+00",0
1548,"Peasedown Saint John","United Kingdom","2022-08-16 13:08:19.493+00","2022-08-16 13:08:19.493+00",0
1549,"Loanhead","United Kingdom","2022-08-16 13:08:19.493+00","2022-08-16 13:08:19.493+00",0
1550,"Market Weighton","United Kingdom","2022-08-16 13:08:19.493+00","2022-08-16 13:08:19.493+00",0
1551,"Castle Donnington","United Kingdom","2022-08-16 13:08:19.493+00","2022-08-16 13:08:19.493+00",0
1552,"Waltham","United Kingdom","2022-08-16 13:08:19.493+00","2022-08-16 13:08:19.493+00",0
1553,"Wheathampstead","United Kingdom","2022-08-16 13:08:19.493+00","2022-08-16 13:08:19.493+00",0
1554,"Weaverham","United Kingdom","2022-08-16 13:08:19.493+00","2022-08-16 13:08:19.493+00",0
1555,"Abercynon","United Kingdom","2022-08-16 13:08:19.493+00","2022-08-16 13:08:19.493+00",0
1556,"Egham","United Kingdom","2022-08-16 13:08:19.493+00","2022-08-16 13:08:19.493+00",0
1557,"Haworth","United Kingdom","2022-08-16 13:08:19.493+00","2022-08-16 13:08:19.493+00",0
1558,"Countesthorpe","United Kingdom","2022-08-16 13:08:19.493+00","2022-08-16 13:08:19.493+00",0
1559,"Treharris","United Kingdom","2022-08-16 13:08:19.493+00","2022-08-16 13:08:19.493+00",0
1560,"Beith","United Kingdom","2022-08-16 13:08:19.493+00","2022-08-16 13:08:19.493+00",0
1561,"Long Ditton","United Kingdom","2022-08-16 13:08:19.493+00","2022-08-16 13:08:19.493+00",0
1562,"East Leake","United Kingdom","2022-08-16 13:08:19.493+00","2022-08-16 13:08:19.493+00",0
1563,"Chipping Norton","United Kingdom","2022-08-16 13:08:19.493+00","2022-08-16 13:08:19.493+00",0
1564,"Enderby","United Kingdom","2022-08-16 13:08:19.493+00","2022-08-16 13:08:19.493+00",0
1565,"Cheddleton","United Kingdom","2022-08-16 13:08:19.493+00","2022-08-16 13:08:19.493+00",0
1566,"Sauchie","United Kingdom","2022-08-16 13:08:19.493+00","2022-08-16 13:08:19.493+00",0
1567,"Burwell","United Kingdom","2022-08-16 13:08:19.493+00","2022-08-16 13:08:19.493+00",0
1568,"Newbiggin-by-the-Sea","United Kingdom","2022-08-16 13:08:19.493+00","2022-08-16 13:08:19.493+00",0
1569,"Lydiate","United Kingdom","2022-08-16 13:08:19.493+00","2022-08-16 13:08:19.493+00",0
1570,"Thames Ditton","United Kingdom","2022-08-16 13:08:19.493+00","2022-08-16 13:08:19.493+00",0
1571,"Hadfield","United Kingdom","2022-08-16 13:08:19.493+00","2022-08-16 13:08:19.493+00",0
1572,"Swanscombe","United Kingdom","2022-08-16 13:08:19.493+00","2022-08-16 13:08:19.493+00",0
1573,"Liss","United Kingdom","2022-08-16 13:08:19.493+00","2022-08-16 13:08:19.493+00",0
1574,"Stainforth","United Kingdom","2022-08-16 13:08:19.493+00","2022-08-16 13:08:19.493+00",0
1575,"Pontardulais","United Kingdom","2022-08-16 13:08:19.493+00","2022-08-16 13:08:19.493+00",0
1576,"Newarthill","United Kingdom","2022-08-16 13:08:19.493+00","2022-08-16 13:08:19.493+00",0
1577,"Alcester","United Kingdom","2022-08-16 13:08:19.493+00","2022-08-16 13:08:19.493+00",0
1578,"Marshfield","United Kingdom","2022-08-16 13:08:19.493+00","2022-08-16 13:08:19.493+00",0
1579,"Burntisland","United Kingdom","2022-08-16 13:08:19.493+00","2022-08-16 13:08:19.493+00",0
1580,"Handforth","United Kingdom","2022-08-16 13:08:19.493+00","2022-08-16 13:08:19.493+00",0
1581,"Calstock","United Kingdom","2022-08-16 13:08:19.493+00","2022-08-16 13:08:19.493+00",0
1582,"Thrapston","United Kingdom","2022-08-16 13:08:19.493+00","2022-08-16 13:08:19.493+00",0
1583,"Chalford","United Kingdom","2022-08-16 13:08:19.493+00","2022-08-16 13:08:19.493+00",0
1584,"Altofts","United Kingdom","2022-08-16 13:08:19.493+00","2022-08-16 13:08:19.493+00",0
1585,"Blaby","United Kingdom","2022-08-16 13:08:19.493+00","2022-08-16 13:08:19.493+00",0
1586,"Stotfold","United Kingdom","2022-08-16 13:08:19.493+00","2022-08-16 13:08:19.493+00",0
1587,"Bursledon","United Kingdom","2022-08-16 13:08:19.493+00","2022-08-16 13:08:19.493+00",0
1588,"Garswood","United Kingdom","2022-08-16 13:08:19.493+00","2022-08-16 13:08:19.493+00",0
1589,"Frimley","United Kingdom","2022-08-16 13:08:19.493+00","2022-08-16 13:08:19.493+00",0
1590,"Bilton","United Kingdom","2022-08-16 13:08:19.493+00","2022-08-16 13:08:19.493+00",0
1591,"Barrowford","United Kingdom","2022-08-16 13:08:19.493+00","2022-08-16 13:08:19.493+00",0
1592,"Landore","United Kingdom","2022-08-16 13:08:19.493+00","2022-08-16 13:08:19.493+00",0
1593,"Rhoose","United Kingdom","2022-08-16 13:08:19.493+00","2022-08-16 13:08:19.493+00",0
1594,"Withernsea","United Kingdom","2022-08-16 13:08:19.493+00","2022-08-16 13:08:19.493+00",0
1595,"Colnbrook","United Kingdom","2022-08-16 13:08:19.493+00","2022-08-16 13:08:19.493+00",0
1596,"Malvern Link","United Kingdom","2022-08-16 13:08:19.493+00","2022-08-16 13:08:19.493+00",0
1597,"Bulkington","United Kingdom","2022-08-16 13:08:19.493+00","2022-08-16 13:08:19.493+00",0
1598,"Magor","United Kingdom","2022-08-16 13:08:19.493+00","2022-08-16 13:08:19.493+00",0
1599,"Pembury","United Kingdom","2022-08-16 13:08:19.493+00","2022-08-16 13:08:19.493+00",0
1600,"Waddington","United Kingdom","2022-08-16 13:08:19.493+00","2022-08-16 13:08:19.493+00",0
1601,"Kingsbridge","United Kingdom","2022-08-16 13:08:19.493+00","2022-08-16 13:08:19.493+00",0
1602,"Orsett","United Kingdom","2022-08-16 13:08:19.493+00","2022-08-16 13:08:19.493+00",0
1603,"Wem","United Kingdom","2022-08-16 13:08:19.493+00","2022-08-16 13:08:19.493+00",0
1604,"Stonewood","United Kingdom","2022-08-16 13:08:19.493+00","2022-08-16 13:08:19.493+00",0
1605,"Llantwit Fardre","United Kingdom","2022-08-16 13:08:19.493+00","2022-08-16 13:08:19.493+00",0
1606,"Hollington","United Kingdom","2022-08-16 13:08:19.493+00","2022-08-16 13:08:19.493+00",0
1607,"Rowlands Gill","United Kingdom","2022-08-16 13:08:19.493+00","2022-08-16 13:08:19.493+00",0
1608,"Cottenham","United Kingdom","2022-08-16 13:08:19.493+00","2022-08-16 13:08:19.493+00",0
1609,"Chipping Ongar","United Kingdom","2022-08-16 13:08:19.493+00","2022-08-16 13:08:19.493+00",0
1610,"Kirriemuir","United Kingdom","2022-08-16 13:08:19.493+00","2022-08-16 13:08:19.493+00",0
1611,"Blaenavon","United Kingdom","2022-08-16 13:08:19.493+00","2022-08-16 13:08:19.493+00",0
1612,"Balloch","United Kingdom","2022-08-16 13:08:19.493+00","2022-08-16 13:08:19.493+00",0
1613,"Strensall","United Kingdom","2022-08-16 13:08:19.493+00","2022-08-16 13:08:19.493+00",0
1614,"Long Ashton","United Kingdom","2022-08-16 13:08:19.493+00","2022-08-16 13:08:19.493+00",0
1615,"Amble","United Kingdom","2022-08-16 13:08:19.493+00","2022-08-16 13:08:19.493+00",0
1616,"Freckleton","United Kingdom","2022-08-16 13:08:19.493+00","2022-08-16 13:08:19.493+00",0
1617,"Seaton Carew","United Kingdom","2022-08-16 13:08:19.493+00","2022-08-16 13:08:19.493+00",0
1618,"Stansted Mountfitchet","United Kingdom","2022-08-16 13:08:19.493+00","2022-08-16 13:08:19.493+00",0
1619,"Adlington","United Kingdom","2022-08-16 13:08:19.493+00","2022-08-16 13:08:19.493+00",0
1620,"Market Deeping","United Kingdom","2022-08-16 13:08:19.493+00","2022-08-16 13:08:19.493+00",0
1621,"Tadcaster","United Kingdom","2022-08-16 13:08:19.493+00","2022-08-16 13:08:19.493+00",0
1622,"Staplehurst","United Kingdom","2022-08-16 13:08:19.493+00","2022-08-16 13:08:19.493+00",0
1623,"Fordingbridge","United Kingdom","2022-08-16 13:08:19.493+00","2022-08-16 13:08:19.493+00",0
1624,"Highbridge","United Kingdom","2022-08-16 13:08:19.493+00","2022-08-16 13:08:19.493+00",0
1625,"New Inn","United Kingdom","2022-08-16 13:08:19.493+00","2022-08-16 13:08:19.493+00",0
1626,"Ventnor","United Kingdom","2022-08-16 13:08:19.493+00","2022-08-16 13:08:19.493+00",0
1627,"Broughton","United Kingdom","2022-08-16 13:08:19.493+00","2022-08-16 13:08:19.493+00",0
1628,"Great Warley Street","United Kingdom","2022-08-16 13:08:19.493+00","2022-08-16 13:08:19.493+00",0
1629,"Farnham Royal","United Kingdom","2022-08-16 13:08:19.493+00","2022-08-16 13:08:19.493+00",0
1630,"Porth","United Kingdom","2022-08-16 13:08:19.493+00","2022-08-16 13:08:19.493+00",0
1631,"Great Burstead","United Kingdom","2022-08-16 13:08:19.493+00","2022-08-16 13:08:19.493+00",0
1632,"Colney Heath","United Kingdom","2022-08-16 13:08:19.493+00","2022-08-16 13:08:19.493+00",0
1633,"Lea Town","United Kingdom","2022-08-16 13:08:19.493+00","2022-08-16 13:08:19.493+00",0
1634,"Saltburn-by-the-Sea","United Kingdom","2022-08-16 13:08:19.493+00","2022-08-16 13:08:19.493+00",0
1635,"Burghfield","United Kingdom","2022-08-16 13:08:19.493+00","2022-08-16 13:08:19.493+00",0
1636,"Godstone","United Kingdom","2022-08-16 13:08:19.493+00","2022-08-16 13:08:19.493+00",0
1637,"Welshpool","United Kingdom","2022-08-16 13:08:19.493+00","2022-08-16 13:08:19.493+00",0
1638,"Crumlin","United Kingdom","2022-08-16 13:08:19.493+00","2022-08-16 13:08:19.493+00",0
1639,"Ormesby","United Kingdom","2022-08-16 13:08:19.493+00","2022-08-16 13:08:19.493+00",0
1640,"Pagham","United Kingdom","2022-08-16 13:08:19.493+00","2022-08-16 13:08:19.493+00",0
1641,"East Preston","United Kingdom","2022-08-16 13:08:19.493+00","2022-08-16 13:08:19.493+00",0
1642,"Blythebridge","United Kingdom","2022-08-16 13:08:19.493+00","2022-08-16 13:08:19.493+00",0
1643,"Chalfont Saint Giles","United Kingdom","2022-08-16 13:08:19.493+00","2022-08-16 13:08:19.493+00",0
1644,"Chinnor","United Kingdom","2022-08-16 13:08:19.493+00","2022-08-16 13:08:19.493+00",0
1645,"Okehampton","United Kingdom","2022-08-16 13:08:19.493+00","2022-08-16 13:08:19.493+00",0
1646,"Briton Ferry","United Kingdom","2022-08-16 13:08:19.493+00","2022-08-16 13:08:19.493+00",0
1647,"Tillicoultry","United Kingdom","2022-08-16 13:08:19.493+00","2022-08-16 13:08:19.493+00",0
1648,"Honley","United Kingdom","2022-08-16 13:08:19.493+00","2022-08-16 13:08:19.493+00",0
1649,"Studley","United Kingdom","2022-08-16 13:08:19.493+00","2022-08-16 13:08:19.493+00",0
1650,"Govan","United Kingdom","2022-08-16 13:08:19.493+00","2022-08-16 13:08:19.493+00",0
1651,"Barrow upon Soar","United Kingdom","2022-08-16 13:08:19.493+00","2022-08-16 13:08:19.493+00",0
1652,"Wellesbourne Hastings","United Kingdom","2022-08-16 13:08:19.493+00","2022-08-16 13:08:19.493+00",0
1653,"Wigton","United Kingdom","2022-08-16 13:08:19.493+00","2022-08-16 13:08:19.493+00",0
1654,"Locharbriggs","United Kingdom","2022-08-16 13:08:19.493+00","2022-08-16 13:08:19.493+00",0
1655,"Stoke Mandeville","United Kingdom","2022-08-16 13:08:19.493+00","2022-08-16 13:08:19.493+00",0
1656,"Steyning","United Kingdom","2022-08-16 13:08:19.493+00","2022-08-16 13:08:19.493+00",0
1657,"Dyce","United Kingdom","2022-08-16 13:08:19.493+00","2022-08-16 13:08:19.493+00",0
1658,"Ilminster","United Kingdom","2022-08-16 13:08:19.493+00","2022-08-16 13:08:19.493+00",0
1659,"Helmshore","United Kingdom","2022-08-16 13:08:19.493+00","2022-08-16 13:08:19.493+00",0
1660,"Gildersome","United Kingdom","2022-08-16 13:08:19.493+00","2022-08-16 13:08:19.493+00",0
1661,"Nailsworth","United Kingdom","2022-08-16 13:08:19.493+00","2022-08-16 13:08:19.493+00",0
1662,"East Calder","United Kingdom","2022-08-16 13:08:19.493+00","2022-08-16 13:08:19.493+00",0
1663,"Callington","United Kingdom","2022-08-16 13:08:19.493+00","2022-08-16 13:08:19.493+00",0
1664,"Selkirk","United Kingdom","2022-08-16 13:08:19.493+00","2022-08-16 13:08:19.493+00",0
1665,"Crofton","United Kingdom","2022-08-16 13:08:19.493+00","2022-08-16 13:08:19.493+00",0
1666,"Gorebridge","United Kingdom","2022-08-16 13:08:19.493+00","2022-08-16 13:08:19.493+00",0
1667,"Hungerford","United Kingdom","2022-08-16 13:08:19.493+00","2022-08-16 13:08:19.493+00",0
1668,"Axminster","United Kingdom","2022-08-16 13:08:19.493+00","2022-08-16 13:08:19.493+00",0
1669,"Ibstock","United Kingdom","2022-08-16 13:08:19.493+00","2022-08-16 13:08:19.493+00",0
1670,"Cheddar","United Kingdom","2022-08-16 13:08:19.493+00","2022-08-16 13:08:19.493+00",0
1671,"Cumnor","United Kingdom","2022-08-16 13:08:19.493+00","2022-08-16 13:08:19.493+00",0
1672,"Ballingry","United Kingdom","2022-08-16 13:08:19.493+00","2022-08-16 13:08:19.493+00",0
1673,"Galleywood","United Kingdom","2022-08-16 13:08:19.493+00","2022-08-16 13:08:19.493+00",0
1674,"Oundle","United Kingdom","2022-08-16 13:08:19.493+00","2022-08-16 13:08:19.493+00",0
1675,"Treherbert","United Kingdom","2022-08-16 13:08:19.493+00","2022-08-16 13:08:19.493+00",0
1676,"Sidley","United Kingdom","2022-08-16 13:08:19.493+00","2022-08-16 13:08:19.493+00",0
1677,"Hoylake","United Kingdom","2022-08-16 13:08:19.493+00","2022-08-16 13:08:19.493+00",0
1678,"Pinxton","United Kingdom","2022-08-16 13:08:19.493+00","2022-08-16 13:08:19.493+00",0
1679,"Preesall","United Kingdom","2022-08-16 13:08:19.493+00","2022-08-16 13:08:19.493+00",0
1680,"Hethersett","United Kingdom","2022-08-16 13:08:19.493+00","2022-08-16 13:08:19.493+00",0
1681,"Ash Vale","United Kingdom","2022-08-16 13:08:19.493+00","2022-08-16 13:08:19.493+00",0
1682,"Markfield","United Kingdom","2022-08-16 13:08:19.493+00","2022-08-16 13:08:19.493+00",0
1683,"Hordle","United Kingdom","2022-08-16 13:08:19.493+00","2022-08-16 13:08:19.493+00",0
1684,"Tarleton","United Kingdom","2022-08-16 13:08:19.493+00","2022-08-16 13:08:19.493+00",0
1685,"Littlemore","United Kingdom","2022-08-16 13:08:19.493+00","2022-08-16 13:08:19.493+00",0
1686,"Kelso","United Kingdom","2022-08-16 13:08:19.493+00","2022-08-16 13:08:19.493+00",0
1687,"Elderslie","United Kingdom","2022-08-16 13:08:19.493+00","2022-08-16 13:08:19.493+00",0
1688,"Humberston","United Kingdom","2022-08-16 13:08:19.493+00","2022-08-16 13:08:19.493+00",0
1689,"Wadsley","United Kingdom","2022-08-16 13:08:19.493+00","2022-08-16 13:08:19.493+00",0
1690,"Wotton-under-Edge","United Kingdom","2022-08-16 13:08:19.493+00","2022-08-16 13:08:19.493+00",0
1691,"West Byfleet","United Kingdom","2022-08-16 13:08:19.493+00","2022-08-16 13:08:19.493+00",0
1692,"Brigg","United Kingdom","2022-08-16 13:08:19.493+00","2022-08-16 13:08:19.493+00",0
1693,"Radstock","United Kingdom","2022-08-16 13:08:19.493+00","2022-08-16 13:08:19.493+00",0
1694,"Headley","United Kingdom","2022-08-16 13:08:19.493+00","2022-08-16 13:08:19.493+00",0
1695,"Leavesden Green","United Kingdom","2022-08-16 13:08:19.493+00","2022-08-16 13:08:19.493+00",0
1696,"Holmes Chapel","United Kingdom","2022-08-16 13:08:19.493+00","2022-08-16 13:08:19.493+00",0
1697,"Great Bookham","United Kingdom","2022-08-16 13:08:19.493+00","2022-08-16 13:08:19.493+00",0
1698,"Bagshot","United Kingdom","2022-08-16 13:08:19.493+00","2022-08-16 13:08:19.493+00",0
1699,"Blean","United Kingdom","2022-08-16 13:08:19.493+00","2022-08-16 13:08:19.493+00",0
1700,"Great Wakering","United Kingdom","2022-08-16 13:08:19.493+00","2022-08-16 13:08:19.493+00",0
1701,"Marchwood","United Kingdom","2022-08-16 13:08:19.493+00","2022-08-16 13:08:19.493+00",0
1702,"Arlesey","United Kingdom","2022-08-16 13:08:19.493+00","2022-08-16 13:08:19.493+00",0
1703,"Askern","United Kingdom","2022-08-16 13:08:19.493+00","2022-08-16 13:08:19.493+00",0
1704,"Pannal","United Kingdom","2022-08-16 13:08:19.493+00","2022-08-16 13:08:19.493+00",0
1705,"Carnforth","United Kingdom","2022-08-16 13:08:19.493+00","2022-08-16 13:08:19.493+00",0
1706,"Lexden","United Kingdom","2022-08-16 13:08:19.493+00","2022-08-16 13:08:19.493+00",0
1707,"Gorleston-on-Sea","United Kingdom","2022-08-16 13:08:19.493+00","2022-08-16 13:08:19.493+00",0
1708,"Hengoed","United Kingdom","2022-08-16 13:08:19.493+00","2022-08-16 13:08:19.493+00",0
1709,"Brynmawr","United Kingdom","2022-08-16 13:08:19.493+00","2022-08-16 13:08:19.493+00",0
1710,"Drighlington","United Kingdom","2022-08-16 13:08:19.493+00","2022-08-16 13:08:19.493+00",0
1711,"Chickerell","United Kingdom","2022-08-16 13:08:19.493+00","2022-08-16 13:08:19.493+00",0
1712,"Hartford","United Kingdom","2022-08-16 13:08:19.493+00","2022-08-16 13:08:19.493+00",0
1713,"Leiston","United Kingdom","2022-08-16 13:08:19.493+00","2022-08-16 13:08:19.493+00",0
1714,"Aylsham","United Kingdom","2022-08-16 13:08:19.493+00","2022-08-16 13:08:19.493+00",0
1715,"Utley","United Kingdom","2022-08-16 13:08:19.493+00","2022-08-16 13:08:19.493+00",0
1716,"Bowling","United Kingdom","2022-08-16 13:08:19.493+00","2022-08-16 13:08:19.493+00",0
1717,"Dore","United Kingdom","2022-08-16 13:08:19.493+00","2022-08-16 13:08:19.493+00",0
1718,"Wareham","United Kingdom","2022-08-16 13:08:19.493+00","2022-08-16 13:08:19.493+00",0
1719,"Barnard Castle","United Kingdom","2022-08-16 13:08:19.493+00","2022-08-16 13:08:19.493+00",0
1720,"Drayton","United Kingdom","2022-08-16 13:08:19.493+00","2022-08-16 13:08:19.493+00",0
1721,"Balerno","United Kingdom","2022-08-16 13:08:19.493+00","2022-08-16 13:08:19.493+00",0
1722,"Tidenham","United Kingdom","2022-08-16 13:08:19.493+00","2022-08-16 13:08:19.493+00",0
1723,"Martlesham","United Kingdom","2022-08-16 13:08:19.493+00","2022-08-16 13:08:19.493+00",0
1724,"Tetbury","United Kingdom","2022-08-16 13:08:19.493+00","2022-08-16 13:08:19.493+00",0
1725,"Cockenzie","United Kingdom","2022-08-16 13:08:19.493+00","2022-08-16 13:08:19.493+00",0
1726,"Thorpe","United Kingdom","2022-08-16 13:08:19.493+00","2022-08-16 13:08:19.493+00",0
1727,"Rhuthun","United Kingdom","2022-08-16 13:08:19.493+00","2022-08-16 13:08:19.493+00",0
1728,"Wyke Regis","United Kingdom","2022-08-16 13:08:19.493+00","2022-08-16 13:08:19.493+00",0
1729,"Barton on Sea","United Kingdom","2022-08-16 13:08:19.493+00","2022-08-16 13:08:19.493+00",0
1730,"Griffithstown","United Kingdom","2022-08-16 13:08:19.493+00","2022-08-16 13:08:19.493+00",0
1731,"Shenfield","United Kingdom","2022-08-16 13:08:19.493+00","2022-08-16 13:08:19.493+00",0
1732,"New Alresford","United Kingdom","2022-08-16 13:08:19.493+00","2022-08-16 13:08:19.493+00",0
1733,"Cardenden","United Kingdom","2022-08-16 13:08:19.493+00","2022-08-16 13:08:19.493+00",0
1734,"Ammanford","United Kingdom","2022-08-16 13:08:19.493+00","2022-08-16 13:08:19.493+00",0
1735,"Fishguard","United Kingdom","2022-08-16 13:08:19.493+00","2022-08-16 13:08:19.493+00",0
1736,"Perranzabuloe","United Kingdom","2022-08-16 13:08:19.493+00","2022-08-16 13:08:19.493+00",0
1737,"Illogan","United Kingdom","2022-08-16 13:08:19.493+00","2022-08-16 13:08:19.493+00",0
1738,"Dalry","United Kingdom","2022-08-16 13:08:19.493+00","2022-08-16 13:08:19.493+00",0
1739,"Brotton","United Kingdom","2022-08-16 13:08:19.493+00","2022-08-16 13:08:19.493+00",0
1740,"Lindfield","United Kingdom","2022-08-16 13:08:19.493+00","2022-08-16 13:08:19.493+00",0
1741,"Earls Barton","United Kingdom","2022-08-16 13:08:19.493+00","2022-08-16 13:08:19.493+00",0
1742,"Writtle","United Kingdom","2022-08-16 13:08:19.493+00","2022-08-16 13:08:19.493+00",0
1743,"Malmesbury","United Kingdom","2022-08-16 13:08:19.493+00","2022-08-16 13:08:19.493+00",0
1744,"Kirton","United Kingdom","2022-08-16 13:08:19.493+00","2022-08-16 13:08:19.493+00",0
1745,"Freshwater","United Kingdom","2022-08-16 13:08:19.493+00","2022-08-16 13:08:19.493+00",0
1746,"Hartley","United Kingdom","2022-08-16 13:08:19.493+00","2022-08-16 13:08:19.493+00",0
1747,"Abercarn","United Kingdom","2022-08-16 13:08:19.493+00","2022-08-16 13:08:19.493+00",0
1748,"Bidford-on-Avon","United Kingdom","2022-08-16 13:08:19.493+00","2022-08-16 13:08:19.493+00",0
1749,"Sollom","United Kingdom","2022-08-16 13:08:19.493+00","2022-08-16 13:08:19.493+00",0
1750,"Redbourn","United Kingdom","2022-08-16 13:08:19.493+00","2022-08-16 13:08:19.493+00",0
1751,"Newton Grange","United Kingdom","2022-08-16 13:08:19.493+00","2022-08-16 13:08:19.493+00",0
1752,"Cuddington","United Kingdom","2022-08-16 13:08:19.493+00","2022-08-16 13:08:19.493+00",0
1753,"Newmains","United Kingdom","2022-08-16 13:08:19.493+00","2022-08-16 13:08:19.493+00",0
1754,"Polmont","United Kingdom","2022-08-16 13:08:19.493+00","2022-08-16 13:08:19.493+00",0
1755,"Bourne End","United Kingdom","2022-08-16 13:08:19.493+00","2022-08-16 13:08:19.493+00",0
1756,"Neilston","United Kingdom","2022-08-16 13:08:19.493+00","2022-08-16 13:08:19.493+00",0
1757,"Wool","United Kingdom","2022-08-16 13:08:19.493+00","2022-08-16 13:08:19.493+00",0
1758,"Alness","United Kingdom","2022-08-16 13:08:19.493+00","2022-08-16 13:08:19.493+00",0
1759,"Paulton","United Kingdom","2022-08-16 13:08:19.493+00","2022-08-16 13:08:19.493+00",0
1760,"Murston","United Kingdom","2022-08-16 13:08:19.493+00","2022-08-16 13:08:19.493+00",0
1761,"Brayton","United Kingdom","2022-08-16 13:08:19.493+00","2022-08-16 13:08:19.493+00",0
1762,"Roundway","United Kingdom","2022-08-16 13:08:19.493+00","2022-08-16 13:08:19.493+00",0
1763,"Glyncorrwg","United Kingdom","2022-08-16 13:08:19.493+00","2022-08-16 13:08:19.493+00",0
1764,"Wincanton","United Kingdom","2022-08-16 13:08:19.493+00","2022-08-16 13:08:19.493+00",0
1765,"Keswick","United Kingdom","2022-08-16 13:08:19.493+00","2022-08-16 13:08:19.493+00",0
1766,"Tickhill","United Kingdom","2022-08-16 13:08:19.493+00","2022-08-16 13:08:19.493+00",0
1767,"Tettenhall","United Kingdom","2022-08-16 13:08:19.493+00","2022-08-16 13:08:19.493+00",0
1768,"Sedgefield","United Kingdom","2022-08-16 13:08:19.493+00","2022-08-16 13:08:19.493+00",0
1769,"Measham","United Kingdom","2022-08-16 13:08:19.493+00","2022-08-16 13:08:19.493+00",0
1770,"Newent","United Kingdom","2022-08-16 13:08:19.493+00","2022-08-16 13:08:19.493+00",0
1771,"Hunters Quay","United Kingdom","2022-08-16 13:08:19.493+00","2022-08-16 13:08:19.493+00",0
1772,"Ore","United Kingdom","2022-08-16 13:08:19.493+00","2022-08-16 13:08:19.493+00",0
1773,"Edwinstowe","United Kingdom","2022-08-16 13:08:19.493+00","2022-08-16 13:08:19.493+00",0
1774,"Church","United Kingdom","2022-08-16 13:08:19.493+00","2022-08-16 13:08:19.493+00",0
1775,"Holytown","United Kingdom","2022-08-16 13:08:19.493+00","2022-08-16 13:08:19.493+00",0
1776,"Quorndon","United Kingdom","2022-08-16 13:08:19.493+00","2022-08-16 13:08:19.493+00",0
1777,"Holmfirth","United Kingdom","2022-08-16 13:08:19.493+00","2022-08-16 13:08:19.493+00",0
1778,"Ruskington","United Kingdom","2022-08-16 13:08:19.493+00","2022-08-16 13:08:19.493+00",0
1779,"Waterbeach","United Kingdom","2022-08-16 13:08:19.493+00","2022-08-16 13:08:19.493+00",0
1780,"Brixworth","United Kingdom","2022-08-16 13:08:19.493+00","2022-08-16 13:08:19.493+00",0
1781,"Woodville","United Kingdom","2022-08-16 13:08:19.493+00","2022-08-16 13:08:19.493+00",0
1782,"Pinchbeck","United Kingdom","2022-08-16 13:08:19.493+00","2022-08-16 13:08:19.493+00",0
1783,"Nursling","United Kingdom","2022-08-16 13:08:19.493+00","2022-08-16 13:08:19.493+00",0
1784,"Bungay","United Kingdom","2022-08-16 13:08:19.493+00","2022-08-16 13:08:19.493+00",0
1785,"Kinross","United Kingdom","2022-08-16 13:08:19.493+00","2022-08-16 13:08:19.493+00",0
1786,"Cwmbach","United Kingdom","2022-08-16 13:08:19.493+00","2022-08-16 13:08:19.493+00",0
1787,"Llangefni","United Kingdom","2022-08-16 13:08:19.493+00","2022-08-16 13:08:19.493+00",0
1788,"Looe","United Kingdom","2022-08-16 13:08:19.493+00","2022-08-16 13:08:19.493+00",0
1789,"Great Meols","United Kingdom","2022-08-16 13:08:19.493+00","2022-08-16 13:08:19.493+00",0
1790,"Elstree","United Kingdom","2022-08-16 13:08:19.493+00","2022-08-16 13:08:19.493+00",0
1791,"South Molton","United Kingdom","2022-08-16 13:08:19.493+00","2022-08-16 13:08:19.493+00",0
1792,"Botley","United Kingdom","2022-08-16 13:08:19.493+00","2022-08-16 13:08:19.493+00",0
1793,"Grangetown","United Kingdom","2022-08-16 13:08:19.493+00","2022-08-16 13:08:19.493+00",0
1794,"Oakley","United Kingdom","2022-08-16 13:08:19.493+00","2022-08-16 13:08:19.493+00",0
1795,"Swanwick","United Kingdom","2022-08-16 13:08:19.493+00","2022-08-16 13:08:19.493+00",0
1796,"Baystonhill","United Kingdom","2022-08-16 13:08:19.493+00","2022-08-16 13:08:19.493+00",0
1797,"Middleton-on-Sea","United Kingdom","2022-08-16 13:08:19.493+00","2022-08-16 13:08:19.493+00",0
1798,"Kings Langley","United Kingdom","2022-08-16 13:08:19.493+00","2022-08-16 13:08:19.493+00",0
1799,"Harleston","United Kingdom","2022-08-16 13:08:19.493+00","2022-08-16 13:08:19.493+00",0
1800,"Dartmouth","United Kingdom","2022-08-16 13:08:19.493+00","2022-08-16 13:08:19.493+00",0
1801,"Harlescott","United Kingdom","2022-08-16 13:08:19.493+00","2022-08-16 13:08:19.493+00",0
1802,"Turriff","United Kingdom","2022-08-16 13:08:19.493+00","2022-08-16 13:08:19.493+00",0
1803,"Sheriff Hill","United Kingdom","2022-08-16 13:08:19.493+00","2022-08-16 13:08:19.493+00",0
1804,"Treforest","United Kingdom","2022-08-16 13:08:19.493+00","2022-08-16 13:08:19.493+00",0
1805,"Earlswood","United Kingdom","2022-08-16 13:08:19.493+00","2022-08-16 13:08:19.493+00",0
1806,"Duffield","United Kingdom","2022-08-16 13:08:19.493+00","2022-08-16 13:08:19.493+00",0
1807,"Chipping Sodbury","United Kingdom","2022-08-16 13:08:19.493+00","2022-08-16 13:08:19.493+00",0
1808,"Whiston","United Kingdom","2022-08-16 13:08:19.493+00","2022-08-16 13:08:19.493+00",0
1809,"Wirksworth","United Kingdom","2022-08-16 13:08:19.493+00","2022-08-16 13:08:19.493+00",0
1810,"Shipston on Stour","United Kingdom","2022-08-16 13:08:19.493+00","2022-08-16 13:08:19.493+00",0
1811,"Pyrford","United Kingdom","2022-08-16 13:08:19.493+00","2022-08-16 13:08:19.493+00",0
1812,"Heage","United Kingdom","2022-08-16 13:08:19.493+00","2022-08-16 13:08:19.493+00",0
1813,"Henfield","United Kingdom","2022-08-16 13:08:19.493+00","2022-08-16 13:08:19.493+00",0
1814,"Gresford","United Kingdom","2022-08-16 13:08:19.493+00","2022-08-16 13:08:19.493+00",0
1815,"Blackrod","United Kingdom","2022-08-16 13:08:19.493+00","2022-08-16 13:08:19.493+00",0
1816,"Marston Green","United Kingdom","2022-08-16 13:08:19.493+00","2022-08-16 13:08:19.493+00",0
1817,"Barton-le-Clay","United Kingdom","2022-08-16 13:08:19.493+00","2022-08-16 13:08:19.493+00",0
1818,"Galston","United Kingdom","2022-08-16 13:08:19.493+00","2022-08-16 13:08:19.493+00",0
1819,"Sacriston","United Kingdom","2022-08-16 13:08:19.493+00","2022-08-16 13:08:19.493+00",0
1820,"Thirsk","United Kingdom","2022-08-16 13:08:19.493+00","2022-08-16 13:08:19.493+00",0
1821,"Loughor","United Kingdom","2022-08-16 13:08:19.493+00","2022-08-16 13:08:19.493+00",0
1822,"Hirwaun","United Kingdom","2022-08-16 13:08:19.493+00","2022-08-16 13:08:19.493+00",0
1823,"Sandwich","United Kingdom","2022-08-16 13:08:19.493+00","2022-08-16 13:08:19.493+00",0
1824,"Speldhurst","United Kingdom","2022-08-16 13:08:19.493+00","2022-08-16 13:08:19.493+00",0
1825,"Helsby","United Kingdom","2022-08-16 13:08:19.493+00","2022-08-16 13:08:19.493+00",0
1826,"Hurlford","United Kingdom","2022-08-16 13:08:19.493+00","2022-08-16 13:08:19.493+00",0
1827,"Hilperton","United Kingdom","2022-08-16 13:08:19.493+00","2022-08-16 13:08:19.493+00",0
1828,"New Tredegar","United Kingdom","2022-08-16 13:08:19.493+00","2022-08-16 13:08:19.493+00",0
1829,"Llangennech","United Kingdom","2022-08-16 13:08:19.493+00","2022-08-16 13:08:19.493+00",0
1830,"Alva","United Kingdom","2022-08-16 13:08:19.493+00","2022-08-16 13:08:19.493+00",0
1831,"Silverdale","United Kingdom","2022-08-16 13:08:19.493+00","2022-08-16 13:08:19.493+00",0
1832,"Bromham","United Kingdom","2022-08-16 13:08:19.493+00","2022-08-16 13:08:19.493+00",0
1833,"Hildenborough","United Kingdom","2022-08-16 13:08:19.493+00","2022-08-16 13:08:19.493+00",0
1834,"Forest Row","United Kingdom","2022-08-16 13:08:19.493+00","2022-08-16 13:08:19.493+00",0
1835,"Buntingford","United Kingdom","2022-08-16 13:08:19.493+00","2022-08-16 13:08:19.493+00",0
1836,"Lyneham","United Kingdom","2022-08-16 13:08:19.493+00","2022-08-16 13:08:19.493+00",0
1837,"Sturminster Newton","United Kingdom","2022-08-16 13:08:19.493+00","2022-08-16 13:08:19.493+00",0
1838,"Broseley","United Kingdom","2022-08-16 13:08:19.493+00","2022-08-16 13:08:19.493+00",0
1839,"Shefford","United Kingdom","2022-08-16 13:08:19.493+00","2022-08-16 13:08:19.493+00",0
1840,"Oxshott","United Kingdom","2022-08-16 13:08:19.493+00","2022-08-16 13:08:19.493+00",0
1841,"Longfield","United Kingdom","2022-08-16 13:08:19.493+00","2022-08-16 13:08:19.493+00",0
1842,"Midhurst","United Kingdom","2022-08-16 13:08:19.493+00","2022-08-16 13:08:19.493+00",0
1843,"Datchet","United Kingdom","2022-08-16 13:08:19.493+00","2022-08-16 13:08:19.493+00",0
1844,"Willaston","United Kingdom","2022-08-16 13:08:19.493+00","2022-08-16 13:08:19.493+00",0
1845,"Hawkhurst","United Kingdom","2022-08-16 13:08:19.493+00","2022-08-16 13:08:19.493+00",0
1846,"Cranfield","United Kingdom","2022-08-16 13:08:19.493+00","2022-08-16 13:08:19.493+00",0
1847,"Winterton","United Kingdom","2022-08-16 13:08:19.493+00","2022-08-16 13:08:19.493+00",0
1848,"Ottery Saint Mary","United Kingdom","2022-08-16 13:08:19.493+00","2022-08-16 13:08:19.493+00",0
1849,"Inverkeithing","United Kingdom","2022-08-16 13:08:19.493+00","2022-08-16 13:08:19.493+00",0
1850,"Malton","United Kingdom","2022-08-16 13:08:19.493+00","2022-08-16 13:08:19.493+00",0
1851,"Wadhurst","United Kingdom","2022-08-16 13:08:19.493+00","2022-08-16 13:08:19.493+00",0
1852,"Sunningdale","United Kingdom","2022-08-16 13:08:19.493+00","2022-08-16 13:08:19.493+00",0
1853,"Ffestiniog","United Kingdom","2022-08-16 13:08:19.493+00","2022-08-16 13:08:19.493+00",0
1854,"Potton","United Kingdom","2022-08-16 13:08:19.493+00","2022-08-16 13:08:19.493+00",0
1855,"Nunthorpe","United Kingdom","2022-08-16 13:08:19.493+00","2022-08-16 13:08:19.493+00",0
1856,"Brampton","United Kingdom","2022-08-16 13:08:19.493+00","2022-08-16 13:08:19.493+00",0
1857,"Campbeltown","United Kingdom","2022-08-16 13:08:19.493+00","2022-08-16 13:08:19.493+00",0
1858,"Darenth","United Kingdom","2022-08-16 13:08:19.493+00","2022-08-16 13:08:19.493+00",0
1859,"Rothesay","United Kingdom","2022-08-16 13:08:19.493+00","2022-08-16 13:08:19.493+00",0
1860,"Garlinge","United Kingdom","2022-08-16 13:08:19.493+00","2022-08-16 13:08:19.493+00",0
1861,"Earls Colne","United Kingdom","2022-08-16 13:08:19.493+00","2022-08-16 13:08:19.493+00",0
1862,"Melbourne","United Kingdom","2022-08-16 13:08:19.493+00","2022-08-16 13:08:19.493+00",0
1863,"Brymbo","United Kingdom","2022-08-16 13:08:19.493+00","2022-08-16 13:08:19.493+00",0
1864,"West Hallam","United Kingdom","2022-08-16 13:08:19.493+00","2022-08-16 13:08:19.493+00",0
1865,"Easton-in-Gordano","United Kingdom","2022-08-16 13:08:19.493+00","2022-08-16 13:08:19.493+00",0
1866,"Crowle","United Kingdom","2022-08-16 13:08:19.493+00","2022-08-16 13:08:19.493+00",0
1867,"South Cave","United Kingdom","2022-08-16 13:08:19.493+00","2022-08-16 13:08:19.493+00",0
1868,"Long Sutton","United Kingdom","2022-08-16 13:08:19.493+00","2022-08-16 13:08:19.493+00",0
1869,"Old Kilpatrick","United Kingdom","2022-08-16 13:08:19.493+00","2022-08-16 13:08:19.493+00",0
1870,"Wickham","United Kingdom","2022-08-16 13:08:19.493+00","2022-08-16 13:08:19.493+00",0
1871,"Blaina","United Kingdom","2022-08-16 13:08:19.493+00","2022-08-16 13:08:19.493+00",0
1872,"Wilsden","United Kingdom","2022-08-16 13:08:19.493+00","2022-08-16 13:08:19.493+00",0
1873,"Shirland","United Kingdom","2022-08-16 13:08:19.493+00","2022-08-16 13:08:19.493+00",0
1874,"Milton Regis","United Kingdom","2022-08-16 13:08:19.493+00","2022-08-16 13:08:19.493+00",0
1875,"Stokenchurch","United Kingdom","2022-08-16 13:08:19.493+00","2022-08-16 13:08:19.493+00",0
1876,"Taibach","United Kingdom","2022-08-16 13:08:19.493+00","2022-08-16 13:08:19.493+00",0
1877,"Four Marks","United Kingdom","2022-08-16 13:08:19.493+00","2022-08-16 13:08:19.493+00",0
1878,"Heslington","United Kingdom","2022-08-16 13:08:19.493+00","2022-08-16 13:08:19.493+00",0
1879,"Shiremoor","United Kingdom","2022-08-16 13:08:19.493+00","2022-08-16 13:08:19.493+00",0
1880,"Laleham","United Kingdom","2022-08-16 13:08:19.493+00","2022-08-16 13:08:19.493+00",0
1881,"Alderley Edge","United Kingdom","2022-08-16 13:08:19.493+00","2022-08-16 13:08:19.493+00",0
1882,"Old Windsor","United Kingdom","2022-08-16 13:08:19.493+00","2022-08-16 13:08:19.493+00",0
1883,"Llanbradach","United Kingdom","2022-08-16 13:08:19.493+00","2022-08-16 13:08:19.493+00",0
1884,"Cilybebyll","United Kingdom","2022-08-16 13:08:19.493+00","2022-08-16 13:08:19.493+00",0
1885,"Martock","United Kingdom","2022-08-16 13:08:19.493+00","2022-08-16 13:08:19.493+00",0
1886,"Maybole","United Kingdom","2022-08-16 13:08:19.493+00","2022-08-16 13:08:19.493+00",0
1887,"Stokesley","United Kingdom","2022-08-16 13:08:19.493+00","2022-08-16 13:08:19.493+00",0
1888,"Benson","United Kingdom","2022-08-16 13:08:19.493+00","2022-08-16 13:08:19.493+00",0
1889,"Stoke Poges","United Kingdom","2022-08-16 13:08:19.493+00","2022-08-16 13:08:19.493+00",0
1890,"Heacham","United Kingdom","2022-08-16 13:08:19.493+00","2022-08-16 13:08:19.493+00",0
1891,"Irchester","United Kingdom","2022-08-16 13:08:19.493+00","2022-08-16 13:08:19.493+00",0
1892,"Uppingham","United Kingdom","2022-08-16 13:08:19.493+00","2022-08-16 13:08:19.493+00",0
1893,"Gnosall","United Kingdom","2022-08-16 13:08:19.493+00","2022-08-16 13:08:19.493+00",0
1894,"Bethesda","United Kingdom","2022-08-16 13:08:19.493+00","2022-08-16 13:08:19.493+00",0
1895,"Keith","United Kingdom","2022-08-16 13:08:19.493+00","2022-08-16 13:08:19.493+00",0
1896,"Fauldhouse","United Kingdom","2022-08-16 13:08:19.493+00","2022-08-16 13:08:19.493+00",0
1897,"Bovey Tracey","United Kingdom","2022-08-16 13:08:19.493+00","2022-08-16 13:08:19.493+00",0
1898,"Halesworth","United Kingdom","2022-08-16 13:08:19.493+00","2022-08-16 13:08:19.493+00",0
1899,"Roose","United Kingdom","2022-08-16 13:08:19.493+00","2022-08-16 13:08:19.493+00",0
1900,"Kelvedon","United Kingdom","2022-08-16 13:08:19.493+00","2022-08-16 13:08:19.493+00",0
1901,"Almondsbury","United Kingdom","2022-08-16 13:08:19.493+00","2022-08-16 13:08:19.493+00",0
1902,"Coedpoeth","United Kingdom","2022-08-16 13:08:19.493+00","2022-08-16 13:08:19.493+00",0
1903,"Greenhithe","United Kingdom","2022-08-16 13:08:19.493+00","2022-08-16 13:08:19.493+00",0
1904,"Somerton","United Kingdom","2022-08-16 13:08:19.493+00","2022-08-16 13:08:19.493+00",0
1905,"Lakenheath","United Kingdom","2022-08-16 13:08:19.493+00","2022-08-16 13:08:19.493+00",0
1906,"Pulborough","United Kingdom","2022-08-16 13:08:19.493+00","2022-08-16 13:08:19.493+00",0
1907,"Fulbourn","United Kingdom","2022-08-16 13:08:19.493+00","2022-08-16 13:08:19.493+00",0
1908,"Church Stretton","United Kingdom","2022-08-16 13:08:19.493+00","2022-08-16 13:08:19.493+00",0
1909,"Kirby Muxloe","United Kingdom","2022-08-16 13:08:19.493+00","2022-08-16 13:08:19.493+00",0
1910,"Milford on Sea","United Kingdom","2022-08-16 13:08:19.493+00","2022-08-16 13:08:19.493+00",0
1911,"East Wittering","United Kingdom","2022-08-16 13:08:19.493+00","2022-08-16 13:08:19.493+00",0
1912,"Eccleshall","United Kingdom","2022-08-16 13:08:19.493+00","2022-08-16 13:08:19.493+00",0
1913,"Eynsham","United Kingdom","2022-08-16 13:08:19.493+00","2022-08-16 13:08:19.493+00",0
1914,"Ringmer","United Kingdom","2022-08-16 13:08:19.493+00","2022-08-16 13:08:19.493+00",0
1915,"Bray","United Kingdom","2022-08-16 13:08:19.493+00","2022-08-16 13:08:19.493+00",0
1916,"Dersingham","United Kingdom","2022-08-16 13:08:19.493+00","2022-08-16 13:08:19.493+00",0
1917,"Bishopton","United Kingdom","2022-08-16 13:08:19.493+00","2022-08-16 13:08:19.493+00",0
1918,"Sandgate","United Kingdom","2022-08-16 13:08:19.493+00","2022-08-16 13:08:19.493+00",0
1919,"Clanfield","United Kingdom","2022-08-16 13:08:19.493+00","2022-08-16 13:08:19.493+00",0
1920,"Nantyglo","United Kingdom","2022-08-16 13:08:19.493+00","2022-08-16 13:08:19.493+00",0
1921,"Bridge of Weir","United Kingdom","2022-08-16 13:08:19.493+00","2022-08-16 13:08:19.493+00",0
1922,"Great Ayton","United Kingdom","2022-08-16 13:08:19.493+00","2022-08-16 13:08:19.493+00",0
1923,"Easingwold","United Kingdom","2022-08-16 13:08:19.493+00","2022-08-16 13:08:19.493+00",0
1924,"Norton","United Kingdom","2022-08-16 13:08:19.493+00","2022-08-16 13:08:19.493+00",0
1925,"Mytchett","United Kingdom","2022-08-16 13:08:19.493+00","2022-08-16 13:08:19.493+00",0
1926,"Kennoway","United Kingdom","2022-08-16 13:08:19.493+00","2022-08-16 13:08:19.493+00",0
1927,"Toddington","United Kingdom","2022-08-16 13:08:19.493+00","2022-08-16 13:08:19.493+00",0
1928,"Saint Columb Major","United Kingdom","2022-08-16 13:08:19.493+00","2022-08-16 13:08:19.493+00",0
1929,"Haxey","United Kingdom","2022-08-16 13:08:19.493+00","2022-08-16 13:08:19.493+00",0
1930,"Portree","United Kingdom","2022-08-16 13:08:19.493+00","2022-08-16 13:08:19.493+00",0
1931,"Girton","United Kingdom","2022-08-16 13:08:19.493+00","2022-08-16 13:08:19.493+00",0
1932,"Stoke Prior","United Kingdom","2022-08-16 13:08:19.493+00","2022-08-16 13:08:19.493+00",0
1933,"Marston Moretaine","United Kingdom","2022-08-16 13:08:19.493+00","2022-08-16 13:08:19.493+00",0
1934,"Borough Green","United Kingdom","2022-08-16 13:08:19.493+00","2022-08-16 13:08:19.493+00",0
1935,"Siston","United Kingdom","2022-08-16 13:08:19.493+00","2022-08-16 13:08:19.493+00",0
1936,"Skelmanthorpe","United Kingdom","2022-08-16 13:08:19.493+00","2022-08-16 13:08:19.493+00",0
1937,"Sully","United Kingdom","2022-08-16 13:08:19.493+00","2022-08-16 13:08:19.493+00",0
1938,"Wetheral","United Kingdom","2022-08-16 13:08:19.493+00","2022-08-16 13:08:19.493+00",0
1939,"Winchcomb","United Kingdom","2022-08-16 13:08:19.493+00","2022-08-16 13:08:19.493+00",0
1940,"Earby","United Kingdom","2022-08-16 13:08:19.493+00","2022-08-16 13:08:19.493+00",0
1941,"Burnopfield","United Kingdom","2022-08-16 13:08:19.493+00","2022-08-16 13:08:19.493+00",0
1942,"Colwich","United Kingdom","2022-08-16 13:08:19.493+00","2022-08-16 13:08:19.493+00",0
1943,"Linton","United Kingdom","2022-08-16 13:08:19.493+00","2022-08-16 13:08:19.493+00",0
1944,"Ingatestone","United Kingdom","2022-08-16 13:08:19.493+00","2022-08-16 13:08:19.493+00",0
1945,"Haddenham","United Kingdom","2022-08-16 13:08:19.493+00","2022-08-16 13:08:19.493+00",0
1946,"Lees","United Kingdom","2022-08-16 13:08:19.493+00","2022-08-16 13:08:19.493+00",0
1947,"Bromyard","United Kingdom","2022-08-16 13:08:19.493+00","2022-08-16 13:08:19.493+00",0
1948,"Menston","United Kingdom","2022-08-16 13:08:19.493+00","2022-08-16 13:08:19.493+00",0
1949,"Knebworth","United Kingdom","2022-08-16 13:08:19.493+00","2022-08-16 13:08:19.493+00",0
1950,"Saint Athan","United Kingdom","2022-08-16 13:08:19.493+00","2022-08-16 13:08:19.493+00",0
1951,"Coalville","United Kingdom","2022-08-16 13:08:19.493+00","2022-08-16 13:08:19.493+00",0
1952,"Dunoon","United Kingdom","2022-08-16 13:08:19.493+00","2022-08-16 13:08:19.493+00",0
1953,"Ferring","United Kingdom","2022-08-16 13:08:19.493+00","2022-08-16 13:08:19.493+00",0
1954,"Kingsthorpe","United Kingdom","2022-08-16 13:08:19.493+00","2022-08-16 13:08:19.493+00",0
1955,"Kintore","United Kingdom","2022-08-16 13:08:19.493+00","2022-08-16 13:08:19.493+00",0
1956,"Westerham","United Kingdom","2022-08-16 13:08:19.493+00","2022-08-16 13:08:19.493+00",0
1957,"Shenley","United Kingdom","2022-08-16 13:08:19.493+00","2022-08-16 13:08:19.493+00",0
1958,"Chirk","United Kingdom","2022-08-16 13:08:19.493+00","2022-08-16 13:08:19.493+00",0
1959,"Lingfield","United Kingdom","2022-08-16 13:08:19.493+00","2022-08-16 13:08:19.493+00",0
1960,"Cowpen","United Kingdom","2022-08-16 13:08:19.493+00","2022-08-16 13:08:19.493+00",0
1961,"Huntly","United Kingdom","2022-08-16 13:08:19.493+00","2022-08-16 13:08:19.493+00",0
1962,"Blidworth","United Kingdom","2022-08-16 13:08:19.493+00","2022-08-16 13:08:19.493+00",0
1963,"Sutton Bridge","United Kingdom","2022-08-16 13:08:19.493+00","2022-08-16 13:08:19.493+00",0
1964,"Swynnerton","United Kingdom","2022-08-16 13:08:19.493+00","2022-08-16 13:08:19.493+00",0
1965,"Newlyn","United Kingdom","2022-08-16 13:08:19.493+00","2022-08-16 13:08:19.493+00",0
1966,"New Scone","United Kingdom","2022-08-16 13:08:19.493+00","2022-08-16 13:08:19.493+00",0
1967,"Wilford","United Kingdom","2022-08-16 13:08:19.493+00","2022-08-16 13:08:19.493+00",0
1968,"Ludgershall","United Kingdom","2022-08-16 13:08:19.493+00","2022-08-16 13:08:19.493+00",0
1969,"Long Stratton","United Kingdom","2022-08-16 13:08:19.493+00","2022-08-16 13:08:19.493+00",0
1970,"Huncoat","United Kingdom","2022-08-16 13:08:19.493+00","2022-08-16 13:08:19.493+00",0
1971,"Melbourn","United Kingdom","2022-08-16 13:08:19.493+00","2022-08-16 13:08:19.493+00",0
1972,"Odiham","United Kingdom","2022-08-16 13:08:19.493+00","2022-08-16 13:08:19.493+00",0
1973,"West Kilbride","United Kingdom","2022-08-16 13:08:19.493+00","2022-08-16 13:08:19.493+00",0
1974,"Blackwell","United Kingdom","2022-08-16 13:08:19.493+00","2022-08-16 13:08:19.493+00",0
1975,"Fazeley","United Kingdom","2022-08-16 13:08:19.493+00","2022-08-16 13:08:19.493+00",0
1976,"Hatfield Peverel","United Kingdom","2022-08-16 13:08:19.493+00","2022-08-16 13:08:19.493+00",0
1977,"Steeton","United Kingdom","2022-08-16 13:08:19.493+00","2022-08-16 13:08:19.493+00",0
1978,"Seaton Delaval","United Kingdom","2022-08-16 13:08:19.493+00","2022-08-16 13:08:19.493+00",0
1979,"Thringstone","United Kingdom","2022-08-16 13:08:19.493+00","2022-08-16 13:08:19.493+00",0
1980,"Winwick","United Kingdom","2022-08-16 13:08:19.493+00","2022-08-16 13:08:19.493+00",0
1981,"Penmaenmawr","United Kingdom","2022-08-16 13:08:19.493+00","2022-08-16 13:08:19.493+00",0
1982,"Llanasa","United Kingdom","2022-08-16 13:08:19.493+00","2022-08-16 13:08:19.493+00",0
1983,"Seamer","United Kingdom","2022-08-16 13:08:19.493+00","2022-08-16 13:08:19.493+00",0
1984,"Bransgore","United Kingdom","2022-08-16 13:08:19.493+00","2022-08-16 13:08:19.493+00",0
1985,"Burstow","United Kingdom","2022-08-16 13:08:19.493+00","2022-08-16 13:08:19.493+00",0
1986,"Kessingland","United Kingdom","2022-08-16 13:08:19.493+00","2022-08-16 13:08:19.493+00",0
1987,"Welton","United Kingdom","2022-08-16 13:08:19.493+00","2022-08-16 13:08:19.493+00",0
1988,"Albrighton","United Kingdom","2022-08-16 13:08:19.493+00","2022-08-16 13:08:19.493+00",0
1989,"North Hinksey","United Kingdom","2022-08-16 13:08:19.493+00","2022-08-16 13:08:19.493+00",0
1990,"Overton","United Kingdom","2022-08-16 13:08:19.493+00","2022-08-16 13:08:19.493+00",0
1991,"Carcroft","United Kingdom","2022-08-16 13:08:19.493+00","2022-08-16 13:08:19.493+00",0
1992,"Fremington","United Kingdom","2022-08-16 13:08:19.493+00","2022-08-16 13:08:19.493+00",0
1993,"Finedon","United Kingdom","2022-08-16 13:08:19.493+00","2022-08-16 13:08:19.493+00",0
1994,"Lawford","United Kingdom","2022-08-16 13:08:19.493+00","2022-08-16 13:08:19.493+00",0
1995,"Kirkburton","United Kingdom","2022-08-16 13:08:19.493+00","2022-08-16 13:08:19.493+00",0
1996,"Cwm","United Kingdom","2022-08-16 13:08:19.493+00","2022-08-16 13:08:19.493+00",0
1997,"Cuffley","United Kingdom","2022-08-16 13:08:19.493+00","2022-08-16 13:08:19.493+00",0
1998,"Disley","United Kingdom","2022-08-16 13:08:19.493+00","2022-08-16 13:08:19.493+00",0
1999,"Horsehay","United Kingdom","2022-08-16 13:08:19.493+00","2022-08-16 13:08:19.493+00",0
2000,"East Horsley","United Kingdom","2022-08-16 13:08:19.493+00","2022-08-16 13:08:19.493+00",0
2001,"Hagley","United Kingdom","2022-08-16 13:08:19.493+00","2022-08-16 13:08:19.493+00",0
2002,"Glynneath","United Kingdom","2022-08-16 13:08:19.493+00","2022-08-16 13:08:19.493+00",0
2003,"Saint Osyth","United Kingdom","2022-08-16 13:08:19.493+00","2022-08-16 13:08:19.493+00",0
2004,"Ruabon","United Kingdom","2022-08-16 13:08:19.493+00","2022-08-16 13:08:19.493+00",0
2005,"Southminster","United Kingdom","2022-08-16 13:08:19.493+00","2022-08-16 13:08:19.493+00",0
2006,"Garstang","United Kingdom","2022-08-16 13:08:19.493+00","2022-08-16 13:08:19.493+00",0
2007,"Nazeing","United Kingdom","2022-08-16 13:08:19.493+00","2022-08-16 13:08:19.493+00",0
2008,"Chartham","United Kingdom","2022-08-16 13:08:19.493+00","2022-08-16 13:08:19.493+00",0
2009,"South Wootton","United Kingdom","2022-08-16 13:08:19.493+00","2022-08-16 13:08:19.493+00",0
2010,"Send","United Kingdom","2022-08-16 13:08:19.493+00","2022-08-16 13:08:19.493+00",0
2011,"Newhouse","United Kingdom","2022-08-16 13:08:19.493+00","2022-08-16 13:08:19.493+00",0
2012,"Shelford","United Kingdom","2022-08-16 13:08:19.493+00","2022-08-16 13:08:19.493+00",0
2013,"Hunstanton","United Kingdom","2022-08-16 13:08:19.493+00","2022-08-16 13:08:19.493+00",0
2014,"Dalbeattie","United Kingdom","2022-08-16 13:08:19.493+00","2022-08-16 13:08:19.493+00",0
2015,"Cricklade","United Kingdom","2022-08-16 13:08:19.493+00","2022-08-16 13:08:19.493+00",0
2016,"Barton under Needwood","United Kingdom","2022-08-16 13:08:19.493+00","2022-08-16 13:08:19.493+00",0
2017,"Hope","United Kingdom","2022-08-16 13:08:19.493+00","2022-08-16 13:08:19.493+00",0
2018,"Crowland","United Kingdom","2022-08-16 13:08:19.493+00","2022-08-16 13:08:19.493+00",0
2019,"Bulford","United Kingdom","2022-08-16 13:08:19.493+00","2022-08-16 13:08:19.493+00",0
2020,"Hugglescote","United Kingdom","2022-08-16 13:08:19.493+00","2022-08-16 13:08:19.493+00",0
2021,"Porthmadog","United Kingdom","2022-08-16 13:08:19.493+00","2022-08-16 13:08:19.493+00",0
2022,"Cardigan","United Kingdom","2022-08-16 13:08:19.493+00","2022-08-16 13:08:19.493+00",0
2023,"Whittington","United Kingdom","2022-08-16 13:08:19.493+00","2022-08-16 13:08:19.493+00",0
2024,"Ferndale","United Kingdom","2022-08-16 13:08:19.493+00","2022-08-16 13:08:19.493+00",0
2025,"Grenoside","United Kingdom","2022-08-16 13:08:19.493+00","2022-08-16 13:08:19.493+00",0
2026,"Castle Douglas","United Kingdom","2022-08-16 13:08:19.493+00","2022-08-16 13:08:19.493+00",0
2027,"Copmanthorpe","United Kingdom","2022-08-16 13:08:19.493+00","2022-08-16 13:08:19.493+00",0
2028,"Loudwater","United Kingdom","2022-08-16 13:08:19.493+00","2022-08-16 13:08:19.493+00",0
2029,"Ashburton","United Kingdom","2022-08-16 13:08:19.493+00","2022-08-16 13:08:19.493+00",0
2030,"Wingate","United Kingdom","2022-08-16 13:08:19.493+00","2022-08-16 13:08:19.493+00",0
2031,"Bagillt","United Kingdom","2022-08-16 13:08:19.493+00","2022-08-16 13:08:19.493+00",0
2032,"Bugle","United Kingdom","2022-08-16 13:08:19.493+00","2022-08-16 13:08:19.493+00",0
2033,"Horsford","United Kingdom","2022-08-16 13:08:19.493+00","2022-08-16 13:08:19.493+00",0
2034,"Oystermouth","United Kingdom","2022-08-16 13:08:19.493+00","2022-08-16 13:08:19.493+00",0
2035,"Beddau","United Kingdom","2022-08-16 13:08:19.493+00","2022-08-16 13:08:19.493+00",0
2036,"Milford","United Kingdom","2022-08-16 13:08:19.493+00","2022-08-16 13:08:19.493+00",0
2037,"Shalford","United Kingdom","2022-08-16 13:08:19.493+00","2022-08-16 13:08:19.493+00",0
2038,"Howden","United Kingdom","2022-08-16 13:08:19.493+00","2022-08-16 13:08:19.493+00",0
2039,"Standon","United Kingdom","2022-08-16 13:08:19.493+00","2022-08-16 13:08:19.493+00",0
2040,"Llanllyfni","United Kingdom","2022-08-16 13:08:19.493+00","2022-08-16 13:08:19.493+00",0
2041,"Keele","United Kingdom","2022-08-16 13:08:19.493+00","2022-08-16 13:08:19.493+00",0
2042,"Bolton le Sands","United Kingdom","2022-08-16 13:08:19.493+00","2022-08-16 13:08:19.493+00",0
2043,"Llantarnam","United Kingdom","2022-08-16 13:08:19.493+00","2022-08-16 13:08:19.493+00",0
2044,"Terrington Saint Clement","United Kingdom","2022-08-16 13:08:19.493+00","2022-08-16 13:08:19.493+00",0
2045,"Mauchline","United Kingdom","2022-08-16 13:08:19.493+00","2022-08-16 13:08:19.493+00",0
2046,"Skellow","United Kingdom","2022-08-16 13:08:19.493+00","2022-08-16 13:08:19.493+00",0
2047,"Lambourn","United Kingdom","2022-08-16 13:08:19.493+00","2022-08-16 13:08:19.493+00",0
2048,"Lennoxtown","United Kingdom","2022-08-16 13:08:19.493+00","2022-08-16 13:08:19.493+00",0
2049,"Newton Stewart","United Kingdom","2022-08-16 13:08:19.493+00","2022-08-16 13:08:19.493+00",0
2050,"Jedburgh","United Kingdom","2022-08-16 13:08:19.493+00","2022-08-16 13:08:19.493+00",0
2051,"Boston Spa","United Kingdom","2022-08-16 13:08:19.493+00","2022-08-16 13:08:19.493+00",0
2052,"Pwllheli","United Kingdom","2022-08-16 13:08:19.493+00","2022-08-16 13:08:19.493+00",0
2053,"Invergordon","United Kingdom","2022-08-16 13:08:19.493+00","2022-08-16 13:08:19.493+00",0
2054,"Saltford","United Kingdom","2022-08-16 13:08:19.493+00","2022-08-16 13:08:19.493+00",0
2055,"Bare","United Kingdom","2022-08-16 13:08:19.493+00","2022-08-16 13:08:19.493+00",0
2056,"Cowbridge","United Kingdom","2022-08-16 13:08:19.493+00","2022-08-16 13:08:19.493+00",0
2057,"Cold Ash","United Kingdom","2022-08-16 13:08:19.493+00","2022-08-16 13:08:19.493+00",0
2058,"Theydon Bois","United Kingdom","2022-08-16 13:08:19.493+00","2022-08-16 13:08:19.493+00",0
2059,"Thrybergh","United Kingdom","2022-08-16 13:08:19.493+00","2022-08-16 13:08:19.493+00",0
2060,"Easington","United Kingdom","2022-08-16 13:08:19.493+00","2022-08-16 13:08:19.493+00",0
2061,"Baxenden","United Kingdom","2022-08-16 13:08:19.493+00","2022-08-16 13:08:19.493+00",0
2062,"Hesketh Bank","United Kingdom","2022-08-16 13:08:19.493+00","2022-08-16 13:08:19.493+00",0
2063,"Altarnun","United Kingdom","2022-08-16 13:08:19.493+00","2022-08-16 13:08:19.493+00",0
2064,"Bar Hill","United Kingdom","2022-08-16 13:08:19.493+00","2022-08-16 13:08:19.493+00",0
2065,"Brundall","United Kingdom","2022-08-16 13:08:19.493+00","2022-08-16 13:08:19.493+00",0
2066,"Willingham","United Kingdom","2022-08-16 13:08:19.493+00","2022-08-16 13:08:19.493+00",0
2067,"Kemsing","United Kingdom","2022-08-16 13:08:19.493+00","2022-08-16 13:08:19.493+00",0
2068,"Wraysbury","United Kingdom","2022-08-16 13:08:19.493+00","2022-08-16 13:08:19.493+00",0
2069,"Chudleigh","United Kingdom","2022-08-16 13:08:19.493+00","2022-08-16 13:08:19.493+00",0
2070,"Lockerbie","United Kingdom","2022-08-16 13:08:19.493+00","2022-08-16 13:08:19.493+00",0
2071,"Woodhall Spa","United Kingdom","2022-08-16 13:08:19.493+00","2022-08-16 13:08:19.493+00",0
2072,"Kings Worthy","United Kingdom","2022-08-16 13:08:19.493+00","2022-08-16 13:08:19.493+00",0
2073,"Blaenau-Ffestiniog","United Kingdom","2022-08-16 13:08:19.493+00","2022-08-16 13:08:19.493+00",0
2074,"Kilmacolm","United Kingdom","2022-08-16 13:08:19.493+00","2022-08-16 13:08:19.493+00",0
2075,"Sible Hedingham","United Kingdom","2022-08-16 13:08:19.493+00","2022-08-16 13:08:19.493+00",0
2076,"Warboys","United Kingdom","2022-08-16 13:08:19.493+00","2022-08-16 13:08:19.493+00",0
2077,"Saxilby","United Kingdom","2022-08-16 13:08:19.493+00","2022-08-16 13:08:19.493+00",0
2078,"Banff","United Kingdom","2022-08-16 13:08:19.493+00","2022-08-16 13:08:19.493+00",0
2079,"Hadlow","United Kingdom","2022-08-16 13:08:19.493+00","2022-08-16 13:08:19.493+00",0
2080,"Ormesby Saint Margaret","United Kingdom","2022-08-16 13:08:19.493+00","2022-08-16 13:08:19.493+00",0
2081,"Broomfield","United Kingdom","2022-08-16 13:08:19.493+00","2022-08-16 13:08:19.493+00",0
2082,"Bisley","United Kingdom","2022-08-16 13:08:19.493+00","2022-08-16 13:08:19.493+00",0
2083,"Higham","United Kingdom","2022-08-16 13:08:19.493+00","2022-08-16 13:08:19.493+00",0
2084,"Elm","United Kingdom","2022-08-16 13:08:19.493+00","2022-08-16 13:08:19.493+00",0
2085,"Penn","United Kingdom","2022-08-16 13:08:19.493+00","2022-08-16 13:08:19.493+00",0
2086,"Elmswell","United Kingdom","2022-08-16 13:08:19.493+00","2022-08-16 13:08:19.493+00",0
2087,"Mytholmroyd","United Kingdom","2022-08-16 13:08:19.493+00","2022-08-16 13:08:19.493+00",0
2088,"Bakewell","United Kingdom","2022-08-16 13:08:19.493+00","2022-08-16 13:08:19.493+00",0
2089,"Ynysddu","United Kingdom","2022-08-16 13:08:19.493+00","2022-08-16 13:08:19.493+00",0
2090,"Auchterarder","United Kingdom","2022-08-16 13:08:19.493+00","2022-08-16 13:08:19.493+00",0
2091,"Ushaw Moor","United Kingdom","2022-08-16 13:08:19.493+00","2022-08-16 13:08:19.493+00",0
2092,"Deganwy","United Kingdom","2022-08-16 13:08:19.493+00","2022-08-16 13:08:19.493+00",0
2093,"Tayport","United Kingdom","2022-08-16 13:08:19.493+00","2022-08-16 13:08:19.493+00",0
2094,"Coggeshall","United Kingdom","2022-08-16 13:08:19.493+00","2022-08-16 13:08:19.493+00",0
2095,"Long Melford","United Kingdom","2022-08-16 13:08:19.493+00","2022-08-16 13:08:19.493+00",0
2096,"Shedfield","United Kingdom","2022-08-16 13:08:19.493+00","2022-08-16 13:08:19.493+00",0
2097,"Long Buckby","United Kingdom","2022-08-16 13:08:19.493+00","2022-08-16 13:08:19.493+00",0
2098,"Edwalton","United Kingdom","2022-08-16 13:08:19.493+00","2022-08-16 13:08:19.493+00",0
2099,"Wheatley","United Kingdom","2022-08-16 13:08:19.493+00","2022-08-16 13:08:19.493+00",0
2100,"Market Rasen","United Kingdom","2022-08-16 13:08:19.493+00","2022-08-16 13:08:19.493+00",0
2101,"Hardwicke","United Kingdom","2022-08-16 13:08:19.493+00","2022-08-16 13:08:19.493+00",0
2102,"Whyteleafe","United Kingdom","2022-08-16 13:08:19.493+00","2022-08-16 13:08:19.493+00",0
2103,"Whitwell","United Kingdom","2022-08-16 13:08:19.493+00","2022-08-16 13:08:19.493+00",0
2104,"Purton","United Kingdom","2022-08-16 13:08:19.493+00","2022-08-16 13:08:19.493+00",0
2105,"Rothley","United Kingdom","2022-08-16 13:08:19.493+00","2022-08-16 13:08:19.493+00",0
2106,"North Ferriby","United Kingdom","2022-08-16 13:08:19.493+00","2022-08-16 13:08:19.493+00",0
2107,"Hartshorne","United Kingdom","2022-08-16 13:08:19.493+00","2022-08-16 13:08:19.493+00",0
2108,"Warmsworth","United Kingdom","2022-08-16 13:08:19.493+00","2022-08-16 13:08:19.493+00",0
2109,"Chasetown","United Kingdom","2022-08-16 13:08:19.493+00","2022-08-16 13:08:19.493+00",0
2110,"River","United Kingdom","2022-08-16 13:08:19.493+00","2022-08-16 13:08:19.493+00",0
2111,"Hindhead","United Kingdom","2022-08-16 13:08:19.493+00","2022-08-16 13:08:19.493+00",0
2112,"North Elmsall","United Kingdom","2022-08-16 13:08:19.493+00","2022-08-16 13:08:19.493+00",0
2113,"Ticehurst","United Kingdom","2022-08-16 13:08:19.493+00","2022-08-16 13:08:19.493+00",0
2114,"Kemnay","United Kingdom","2022-08-16 13:08:19.493+00","2022-08-16 13:08:19.493+00",0
2115,"Beaufort","United Kingdom","2022-08-16 13:08:19.493+00","2022-08-16 13:08:19.493+00",0
2116,"Coningsby","United Kingdom","2022-08-16 13:08:19.493+00","2022-08-16 13:08:19.493+00",0
2117,"Mayland","United Kingdom","2022-08-16 13:08:19.493+00","2022-08-16 13:08:19.493+00",0
2118,"Pengam","United Kingdom","2022-08-16 13:08:19.493+00","2022-08-16 13:08:19.493+00",0
2119,"Wrockwardine","United Kingdom","2022-08-16 13:08:19.493+00","2022-08-16 13:08:19.493+00",0
2120,"Linthwaite","United Kingdom","2022-08-16 13:08:19.493+00","2022-08-16 13:08:19.493+00",0
2121,"Ellesmere","United Kingdom","2022-08-16 13:08:19.493+00","2022-08-16 13:08:19.493+00",0
2122,"Capel","United Kingdom","2022-08-16 13:08:19.493+00","2022-08-16 13:08:19.493+00",0
2123,"Brynna","United Kingdom","2022-08-16 13:08:19.493+00","2022-08-16 13:08:19.493+00",0
2124,"Deanshanger","United Kingdom","2022-08-16 13:08:19.493+00","2022-08-16 13:08:19.493+00",0
2125,"Bowness-on-Windermere","United Kingdom","2022-08-16 13:08:19.493+00","2022-08-16 13:08:19.493+00",0
2126,"Holt","United Kingdom","2022-08-16 13:08:19.493+00","2022-08-16 13:08:19.493+00",0
2127,"Stratfield Mortimer","United Kingdom","2022-08-16 13:08:19.493+00","2022-08-16 13:08:19.493+00",0
2128,"Somersham","United Kingdom","2022-08-16 13:08:19.493+00","2022-08-16 13:08:19.493+00",0
2129,"Swanland","United Kingdom","2022-08-16 13:08:19.493+00","2022-08-16 13:08:19.493+00",0
2130,"Poringland","United Kingdom","2022-08-16 13:08:19.493+00","2022-08-16 13:08:19.493+00",0
2131,"Belhelvie","United Kingdom","2022-08-16 13:08:19.493+00","2022-08-16 13:08:19.493+00",0
2132,"Upper Beeding","United Kingdom","2022-08-16 13:08:19.493+00","2022-08-16 13:08:19.493+00",0
2133,"Stoney Stanton","United Kingdom","2022-08-16 13:08:19.493+00","2022-08-16 13:08:19.493+00",0
2134,"Walton le Dale","United Kingdom","2022-08-16 13:08:19.493+00","2022-08-16 13:08:19.493+00",0
2135,"Banks","United Kingdom","2022-08-16 13:08:19.493+00","2022-08-16 13:08:19.493+00",0
2136,"Haltwhistle","United Kingdom","2022-08-16 13:08:19.493+00","2022-08-16 13:08:19.493+00",0
2137,"Amlwch","United Kingdom","2022-08-16 13:08:19.493+00","2022-08-16 13:08:19.493+00",0
2138,"Tibshelf","United Kingdom","2022-08-16 13:08:19.493+00","2022-08-16 13:08:19.493+00",0
2139,"Watchet","United Kingdom","2022-08-16 13:08:19.493+00","2022-08-16 13:08:19.493+00",0
2140,"Gullane","United Kingdom","2022-08-16 13:08:19.493+00","2022-08-16 13:08:19.493+00",0
2141,"Tenbury","United Kingdom","2022-08-16 13:08:19.493+00","2022-08-16 13:08:19.493+00",0
2142,"Macduff","United Kingdom","2022-08-16 13:08:19.493+00","2022-08-16 13:08:19.493+00",0
2143,"Dymchurch","United Kingdom","2022-08-16 13:08:19.493+00","2022-08-16 13:08:19.493+00",0
2144,"Tonypandy","United Kingdom","2022-08-16 13:08:19.493+00","2022-08-16 13:08:19.493+00",0
2145,"Wyberton","United Kingdom","2022-08-16 13:08:19.493+00","2022-08-16 13:08:19.493+00",0
2146,"Worlingham","United Kingdom","2022-08-16 13:08:19.493+00","2022-08-16 13:08:19.493+00",0
2147,"Auckley","United Kingdom","2022-08-16 13:08:19.493+00","2022-08-16 13:08:19.493+00",0
2148,"Lamesley","United Kingdom","2022-08-16 13:08:19.493+00","2022-08-16 13:08:19.493+00",0
2149,"Melton","United Kingdom","2022-08-16 13:08:19.493+00","2022-08-16 13:08:19.493+00",0
2150,"Epworth","United Kingdom","2022-08-16 13:08:19.493+00","2022-08-16 13:08:19.493+00",0
2151,"Harewood","United Kingdom","2022-08-16 13:08:19.493+00","2022-08-16 13:08:19.493+00",0
2152,"Topsham","United Kingdom","2022-08-16 13:08:19.493+00","2022-08-16 13:08:19.493+00",0
2153,"Addingham","United Kingdom","2022-08-16 13:08:19.493+00","2022-08-16 13:08:19.493+00",0
2154,"Marden","United Kingdom","2022-08-16 13:08:19.493+00","2022-08-16 13:08:19.493+00",0
2155,"Messingham","United Kingdom","2022-08-16 13:08:19.493+00","2022-08-16 13:08:19.493+00",0
2156,"Spixworth","United Kingdom","2022-08-16 13:08:19.493+00","2022-08-16 13:08:19.493+00",0
2157,"Sutton-in-Craven","United Kingdom","2022-08-16 13:08:19.493+00","2022-08-16 13:08:19.493+00",0
2158,"Rhuddlan","United Kingdom","2022-08-16 13:08:19.493+00","2022-08-16 13:08:19.493+00",0
2159,"Feock","United Kingdom","2022-08-16 13:08:19.493+00","2022-08-16 13:08:19.493+00",0
2160,"Caddington","United Kingdom","2022-08-16 13:08:19.493+00","2022-08-16 13:08:19.493+00",0
2161,"Garelochhead","United Kingdom","2022-08-16 13:08:19.493+00","2022-08-16 13:08:19.493+00",0
2162,"Holton le Clay","United Kingdom","2022-08-16 13:08:19.493+00","2022-08-16 13:08:19.493+00",0
2163,"Pirbright","United Kingdom","2022-08-16 13:08:19.493+00","2022-08-16 13:08:19.493+00",0
2164,"Bembridge","United Kingdom","2022-08-16 13:08:19.493+00","2022-08-16 13:08:19.493+00",0
2165,"Lesmahagow","United Kingdom","2022-08-16 13:08:19.493+00","2022-08-16 13:08:19.493+00",0
2166,"Aston Clinton","United Kingdom","2022-08-16 13:08:19.493+00","2022-08-16 13:08:19.493+00",0
2167,"Desford","United Kingdom","2022-08-16 13:08:19.493+00","2022-08-16 13:08:19.493+00",0
2168,"Old Brampton","United Kingdom","2022-08-16 13:08:19.493+00","2022-08-16 13:08:19.493+00",0
2169,"Highcliffe","United Kingdom","2022-08-16 13:08:19.493+00","2022-08-16 13:08:19.493+00",0
2170,"Taff’s Well","United Kingdom","2022-08-16 13:08:19.493+00","2022-08-16 13:08:19.493+00",0
2171,"Corbridge","United Kingdom","2022-08-16 13:08:19.493+00","2022-08-16 13:08:19.493+00",0
2172,"Lyme Regis","United Kingdom","2022-08-16 13:08:19.493+00","2022-08-16 13:08:19.493+00",0
2173,"Dobwalls","United Kingdom","2022-08-16 13:08:19.493+00","2022-08-16 13:08:19.493+00",0
2174,"Llangollen","United Kingdom","2022-08-16 13:08:19.493+00","2022-08-16 13:08:19.493+00",0
2175,"Maresfield","United Kingdom","2022-08-16 13:08:19.493+00","2022-08-16 13:08:19.493+00",0
2176,"Pilning","United Kingdom","2022-08-16 13:08:19.493+00","2022-08-16 13:08:19.493+00",0
2177,"Saxmundham","United Kingdom","2022-08-16 13:08:19.493+00","2022-08-16 13:08:19.493+00",0
2178,"Clapham","United Kingdom","2022-08-16 13:08:19.493+00","2022-08-16 13:08:19.493+00",0
2179,"Llanharry","United Kingdom","2022-08-16 13:08:19.493+00","2022-08-16 13:08:19.493+00",0
2180,"Llanfairfechan","United Kingdom","2022-08-16 13:08:19.493+00","2022-08-16 13:08:19.493+00",0
2181,"Stoneleigh","United Kingdom","2022-08-16 13:08:19.493+00","2022-08-16 13:08:19.493+00",0
2182,"Penclawdd","United Kingdom","2022-08-16 13:08:19.493+00","2022-08-16 13:08:19.493+00",0
2183,"Pewsey","United Kingdom","2022-08-16 13:08:19.493+00","2022-08-16 13:08:19.493+00",0
2184,"Whalley","United Kingdom","2022-08-16 13:08:19.493+00","2022-08-16 13:08:19.493+00",0
2185,"Kilbarchan","United Kingdom","2022-08-16 13:08:19.493+00","2022-08-16 13:08:19.493+00",0
2186,"Kilburn","United Kingdom","2022-08-16 13:08:19.493+00","2022-08-16 13:08:19.493+00",0
2187,"Aviemore","United Kingdom","2022-08-16 13:08:19.493+00","2022-08-16 13:08:19.493+00",0
2188,"Wembdon","United Kingdom","2022-08-16 13:08:19.493+00","2022-08-16 13:08:19.493+00",0
2189,"Haven Street","United Kingdom","2022-08-16 13:08:19.493+00","2022-08-16 13:08:19.493+00",0
2190,"Wigginton","United Kingdom","2022-08-16 13:08:19.493+00","2022-08-16 13:08:19.493+00",0
2191,"Newton","United Kingdom","2022-08-16 13:08:19.493+00","2022-08-16 13:08:19.493+00",0
2192,"Frizington","United Kingdom","2022-08-16 13:08:19.493+00","2022-08-16 13:08:19.493+00",0
2193,"Highley","United Kingdom","2022-08-16 13:08:19.493+00","2022-08-16 13:08:19.493+00",0
2194,"Metheringham","United Kingdom","2022-08-16 13:08:19.493+00","2022-08-16 13:08:19.493+00",0
2195,"Kegworth","United Kingdom","2022-08-16 13:08:19.493+00","2022-08-16 13:08:19.493+00",0
2196,"Anstruther","United Kingdom","2022-08-16 13:08:19.493+00","2022-08-16 13:08:19.493+00",0
2197,"Carfin","United Kingdom","2022-08-16 13:08:19.493+00","2022-08-16 13:08:19.493+00",0
2198,"Boreham","United Kingdom","2022-08-16 13:08:19.493+00","2022-08-16 13:08:19.493+00",0
2199,"Parkgate","United Kingdom","2022-08-16 13:08:19.493+00","2022-08-16 13:08:19.493+00",0
2200,"Tain","United Kingdom","2022-08-16 13:08:19.493+00","2022-08-16 13:08:19.493+00",0
2201,"Elton","United Kingdom","2022-08-16 13:08:19.493+00","2022-08-16 13:08:19.493+00",0
2202,"Shawforth","United Kingdom","2022-08-16 13:08:19.493+00","2022-08-16 13:08:19.493+00",0
2203,"West Parley","United Kingdom","2022-08-16 13:08:19.493+00","2022-08-16 13:08:19.493+00",0
2204,"Oughtibridge","United Kingdom","2022-08-16 13:08:19.493+00","2022-08-16 13:08:19.493+00",0
2205,"Wilton","United Kingdom","2022-08-16 13:08:19.493+00","2022-08-16 13:08:19.493+00",0
2206,"Harthill","United Kingdom","2022-08-16 13:08:19.493+00","2022-08-16 13:08:19.493+00",0
2207,"Bawtry","United Kingdom","2022-08-16 13:08:19.493+00","2022-08-16 13:08:19.493+00",0
2208,"Yapton","United Kingdom","2022-08-16 13:08:19.493+00","2022-08-16 13:08:19.493+00",0
2209,"Martham","United Kingdom","2022-08-16 13:08:19.493+00","2022-08-16 13:08:19.493+00",0
2210,"Limpsfield","United Kingdom","2022-08-16 13:08:19.493+00","2022-08-16 13:08:19.493+00",0
2211,"Wisbech Saint Mary","United Kingdom","2022-08-16 13:08:19.493+00","2022-08-16 13:08:19.493+00",0
2212,"Scarisbrick","United Kingdom","2022-08-16 13:08:19.493+00","2022-08-16 13:08:19.493+00",0
2213,"Brockenhurst","United Kingdom","2022-08-16 13:08:19.493+00","2022-08-16 13:08:19.493+00",0
2214,"Carisbrooke","United Kingdom","2022-08-16 13:08:19.493+00","2022-08-16 13:08:19.493+00",0
2215,"Dreghorn","United Kingdom","2022-08-16 13:08:19.493+00","2022-08-16 13:08:19.493+00",0
2216,"Marham","United Kingdom","2022-08-16 13:08:19.493+00","2022-08-16 13:08:19.493+00",0
2217,"Stamford Bridge","United Kingdom","2022-08-16 13:08:19.493+00","2022-08-16 13:08:19.493+00",0
2218,"Box","United Kingdom","2022-08-16 13:08:19.493+00","2022-08-16 13:08:19.493+00",0
2219,"Kidwelly","United Kingdom","2022-08-16 13:08:19.493+00","2022-08-16 13:08:19.493+00",0
2220,"Mulbarton","United Kingdom","2022-08-16 13:08:19.493+00","2022-08-16 13:08:19.493+00",0
2221,"Auchinleck","United Kingdom","2022-08-16 13:08:19.493+00","2022-08-16 13:08:19.493+00",0
2222,"Barkham","United Kingdom","2022-08-16 13:08:19.493+00","2022-08-16 13:08:19.493+00",0
2223,"Bitton","United Kingdom","2022-08-16 13:08:19.493+00","2022-08-16 13:08:19.493+00",0
2224,"Cosby","United Kingdom","2022-08-16 13:08:19.493+00","2022-08-16 13:08:19.493+00",0
2225,"Whaplode","United Kingdom","2022-08-16 13:08:19.493+00","2022-08-16 13:08:19.493+00",0
2226,"Moulton","United Kingdom","2022-08-16 13:08:19.493+00","2022-08-16 13:08:19.493+00",0
2227,"Moulton Chapel","United Kingdom","2022-08-16 13:08:19.493+00","2022-08-16 13:08:19.493+00",0
2228,"Cults","United Kingdom","2022-08-16 13:08:19.493+00","2022-08-16 13:08:19.493+00",0
2229,"Marsden","United Kingdom","2022-08-16 13:08:19.493+00","2022-08-16 13:08:19.493+00",0
2230,"Withnell","United Kingdom","2022-08-16 13:08:19.493+00","2022-08-16 13:08:19.493+00",0
2231,"Congresbury","United Kingdom","2022-08-16 13:08:19.493+00","2022-08-16 13:08:19.493+00",0
2232,"Melling","United Kingdom","2022-08-16 13:08:19.493+00","2022-08-16 13:08:19.493+00",0
2233,"Moreton in Marsh","United Kingdom","2022-08-16 13:08:19.493+00","2022-08-16 13:08:19.493+00",0
2234,"Yelverton","United Kingdom","2022-08-16 13:08:19.493+00","2022-08-16 13:08:19.493+00",0
2235,"Inverkip","United Kingdom","2022-08-16 13:08:19.493+00","2022-08-16 13:08:19.493+00",0
2236,"Denholme","United Kingdom","2022-08-16 13:08:19.493+00","2022-08-16 13:08:19.493+00",0
2237,"Pilsley","United Kingdom","2022-08-16 13:08:19.493+00","2022-08-16 13:08:19.493+00",0
2238,"Pentyrch","United Kingdom","2022-08-16 13:08:19.493+00","2022-08-16 13:08:19.493+00",0
2239,"Arundel","United Kingdom","2022-08-16 13:08:19.493+00","2022-08-16 13:08:19.493+00",0
2240,"Prestbury","United Kingdom","2022-08-16 13:08:19.493+00","2022-08-16 13:08:19.493+00",0
2241,"Clipstone","United Kingdom","2022-08-16 13:08:19.493+00","2022-08-16 13:08:19.493+00",0
2242,"Llanharan","United Kingdom","2022-08-16 13:08:19.493+00","2022-08-16 13:08:19.493+00",0
2243,"Skellingthorpe","United Kingdom","2022-08-16 13:08:19.493+00","2022-08-16 13:08:19.493+00",0
2244,"Otford","United Kingdom","2022-08-16 13:08:19.493+00","2022-08-16 13:08:19.493+00",0
2245,"Neyland","United Kingdom","2022-08-16 13:08:19.493+00","2022-08-16 13:08:19.493+00",0
2246,"South Cerney","United Kingdom","2022-08-16 13:08:19.493+00","2022-08-16 13:08:19.493+00",0
2247,"Alford","United Kingdom","2022-08-16 13:08:19.493+00","2022-08-16 13:08:19.493+00",0
2248,"Cholsey","United Kingdom","2022-08-16 13:08:19.493+00","2022-08-16 13:08:19.493+00",0
2249,"Redlynch","United Kingdom","2022-08-16 13:08:19.493+00","2022-08-16 13:08:19.493+00",0
2250,"Sway","United Kingdom","2022-08-16 13:08:19.493+00","2022-08-16 13:08:19.493+00",0
2251,"Water Orton","United Kingdom","2022-08-16 13:08:19.493+00","2022-08-16 13:08:19.493+00",0
2252,"Burton Joyce","United Kingdom","2022-08-16 13:08:19.493+00","2022-08-16 13:08:19.493+00",0
2253,"Nettleham","United Kingdom","2022-08-16 13:08:19.493+00","2022-08-16 13:08:19.493+00",0
2254,"Gilfach Goch","United Kingdom","2022-08-16 13:08:19.493+00","2022-08-16 13:08:19.493+00",0
2255,"Gilberdike","United Kingdom","2022-08-16 13:08:19.493+00","2022-08-16 13:08:19.493+00",0
2256,"Lytchett Matravers","United Kingdom","2022-08-16 13:08:19.493+00","2022-08-16 13:08:19.493+00",0
2257,"Wonersh","United Kingdom","2022-08-16 13:08:19.493+00","2022-08-16 13:08:19.493+00",0
2258,"Queenborough","United Kingdom","2022-08-16 13:08:19.493+00","2022-08-16 13:08:19.493+00",0
2259,"Boroughbridge","United Kingdom","2022-08-16 13:08:19.493+00","2022-08-16 13:08:19.493+00",0
2260,"Avonmouth","United Kingdom","2022-08-16 13:08:19.493+00","2022-08-16 13:08:19.493+00",0
2261,"Bramhope","United Kingdom","2022-08-16 13:08:19.493+00","2022-08-16 13:08:19.493+00",0
2262,"Westerleigh","United Kingdom","2022-08-16 13:08:19.493+00","2022-08-16 13:08:19.493+00",0
2263,"Marston","United Kingdom","2022-08-16 13:08:19.493+00","2022-08-16 13:08:19.493+00",0
2264,"Thorngumbald","United Kingdom","2022-08-16 13:08:19.493+00","2022-08-16 13:08:19.493+00",0
2265,"Pen-y-cae","United Kingdom","2022-08-16 13:08:19.493+00","2022-08-16 13:08:19.493+00",0
2266,"Kirkliston","United Kingdom","2022-08-16 13:08:19.493+00","2022-08-16 13:08:19.493+00",0
2267,"Chapel Saint Leonards","United Kingdom","2022-08-16 13:08:19.493+00","2022-08-16 13:08:19.493+00",0
2268,"Glemsford","United Kingdom","2022-08-16 13:08:19.493+00","2022-08-16 13:08:19.493+00",0
2269,"Benllech","United Kingdom","2022-08-16 13:08:19.493+00","2022-08-16 13:08:19.493+00",0
2270,"Swillington","United Kingdom","2022-08-16 13:08:19.493+00","2022-08-16 13:08:19.493+00",0
2271,"New Buildings","United Kingdom","2022-08-16 13:08:19.493+00","2022-08-16 13:08:19.493+00",0
2272,"Llanbadarn-fawr","United Kingdom","2022-08-16 13:08:19.493+00","2022-08-16 13:08:19.493+00",0
2273,"Menai Bridge","United Kingdom","2022-08-16 13:08:19.493+00","2022-08-16 13:08:19.493+00",0
2274,"Bilsthorpe","United Kingdom","2022-08-16 13:08:19.493+00","2022-08-16 13:08:19.493+00",0
2275,"Bloxham","United Kingdom","2022-08-16 13:08:19.493+00","2022-08-16 13:08:19.493+00",0
2276,"Lenham","United Kingdom","2022-08-16 13:08:19.493+00","2022-08-16 13:08:19.493+00",0
2277,"South Petherton","United Kingdom","2022-08-16 13:08:19.493+00","2022-08-16 13:08:19.493+00",0
2278,"Takeley","United Kingdom","2022-08-16 13:08:19.493+00","2022-08-16 13:08:19.493+00",0
2279,"Saundersfoot","United Kingdom","2022-08-16 13:08:19.493+00","2022-08-16 13:08:19.493+00",0
2280,"Darvel","United Kingdom","2022-08-16 13:08:19.493+00","2022-08-16 13:08:19.493+00",0
2281,"Washingborough","United Kingdom","2022-08-16 13:08:19.493+00","2022-08-16 13:08:19.493+00",0
2282,"Saint Asaph","United Kingdom","2022-08-16 13:08:19.493+00","2022-08-16 13:08:19.493+00",0
2283,"Heckington","United Kingdom","2022-08-16 13:08:19.493+00","2022-08-16 13:08:19.493+00",0
2284,"Kirkcudbright","United Kingdom","2022-08-16 13:08:19.493+00","2022-08-16 13:08:19.493+00",0
2285,"Clackmannan","United Kingdom","2022-08-16 13:08:19.493+00","2022-08-16 13:08:19.493+00",0
2286,"Codicote","United Kingdom","2022-08-16 13:08:19.493+00","2022-08-16 13:08:19.493+00",0
2287,"West Bergholt","United Kingdom","2022-08-16 13:08:19.493+00","2022-08-16 13:08:19.493+00",0
2288,"Buxted","United Kingdom","2022-08-16 13:08:19.493+00","2022-08-16 13:08:19.493+00",0
2289,"Framlingham","United Kingdom","2022-08-16 13:08:19.493+00","2022-08-16 13:08:19.493+00",0
2290,"Leverington","United Kingdom","2022-08-16 13:08:19.493+00","2022-08-16 13:08:19.493+00",0
2291,"Lowdham","United Kingdom","2022-08-16 13:08:19.493+00","2022-08-16 13:08:19.493+00",0
2292,"Buckfastleigh","United Kingdom","2022-08-16 13:08:19.493+00","2022-08-16 13:08:19.493+00",0
2293,"Llanrwst","United Kingdom","2022-08-16 13:08:19.493+00","2022-08-16 13:08:19.493+00",0
2294,"Wedmore","United Kingdom","2022-08-16 13:08:19.493+00","2022-08-16 13:08:19.493+00",0
2295,"Blofield","United Kingdom","2022-08-16 13:08:19.493+00","2022-08-16 13:08:19.493+00",0
2296,"West Chiltington","United Kingdom","2022-08-16 13:08:19.493+00","2022-08-16 13:08:19.493+00",0
2297,"Boughton Monchelsea","United Kingdom","2022-08-16 13:08:19.493+00","2022-08-16 13:08:19.493+00",0
2298,"Burghill","United Kingdom","2022-08-16 13:08:19.493+00","2022-08-16 13:08:19.493+00",0
2299,"West Wellow","United Kingdom","2022-08-16 13:08:19.493+00","2022-08-16 13:08:19.493+00",0
2300,"East Peckham","United Kingdom","2022-08-16 13:08:19.493+00","2022-08-16 13:08:19.493+00",0
2301,"Bourton on the Water","United Kingdom","2022-08-16 13:08:19.493+00","2022-08-16 13:08:19.493+00",0
2302,"Nottage","United Kingdom","2022-08-16 13:08:19.493+00","2022-08-16 13:08:19.493+00",0
2303,"Ashfordby","United Kingdom","2022-08-16 13:08:19.493+00","2022-08-16 13:08:19.493+00",0
2304,"Newtonhill","United Kingdom","2022-08-16 13:08:19.493+00","2022-08-16 13:08:19.493+00",0
2305,"Pegswood","United Kingdom","2022-08-16 13:08:19.493+00","2022-08-16 13:08:19.493+00",0
2306,"Hemsby","United Kingdom","2022-08-16 13:08:19.493+00","2022-08-16 13:08:19.493+00",0
2307,"Gobowen","United Kingdom","2022-08-16 13:08:19.493+00","2022-08-16 13:08:19.493+00",0
2308,"Wilstead","United Kingdom","2022-08-16 13:08:19.493+00","2022-08-16 13:08:19.493+00",0
2309,"Cuckfield","United Kingdom","2022-08-16 13:08:19.493+00","2022-08-16 13:08:19.493+00",0
2310,"Crosskeys","United Kingdom","2022-08-16 13:08:19.493+00","2022-08-16 13:08:19.493+00",0
2311,"Towyn","United Kingdom","2022-08-16 13:08:19.493+00","2022-08-16 13:08:19.493+00",0
2312,"Barlborough","United Kingdom","2022-08-16 13:08:19.493+00","2022-08-16 13:08:19.493+00",0
2313,"Laceby","United Kingdom","2022-08-16 13:08:19.493+00","2022-08-16 13:08:19.493+00",0
2314,"Bishopston","United Kingdom","2022-08-16 13:08:19.493+00","2022-08-16 13:08:19.493+00",0
2315,"Gamlingay","United Kingdom","2022-08-16 13:08:19.493+00","2022-08-16 13:08:19.493+00",0
2316,"Little Paxton","United Kingdom","2022-08-16 13:08:19.493+00","2022-08-16 13:08:19.493+00",0
2317,"Headcorn","United Kingdom","2022-08-16 13:08:19.493+00","2022-08-16 13:08:19.493+00",0
2318,"Bishopthorpe","United Kingdom","2022-08-16 13:08:19.493+00","2022-08-16 13:08:19.493+00",0
2319,"Fairford","United Kingdom","2022-08-16 13:08:19.493+00","2022-08-16 13:08:19.493+00",0
2320,"Thurston","United Kingdom","2022-08-16 13:08:19.493+00","2022-08-16 13:08:19.493+00",0
2321,"Rossett","United Kingdom","2022-08-16 13:08:19.493+00","2022-08-16 13:08:19.493+00",0
2322,"Mid Calder","United Kingdom","2022-08-16 13:08:19.493+00","2022-08-16 13:08:19.493+00",0
2323,"Pontesbury","United Kingdom","2022-08-16 13:08:19.493+00","2022-08-16 13:08:19.493+00",0
2324,"Hendy","United Kingdom","2022-08-16 13:08:19.493+00","2022-08-16 13:08:19.493+00",0
2325,"Cambusbarron","United Kingdom","2022-08-16 13:08:19.493+00","2022-08-16 13:08:19.493+00",0
2326,"Law","United Kingdom","2022-08-16 13:08:19.493+00","2022-08-16 13:08:19.493+00",0
2327,"Endon","United Kingdom","2022-08-16 13:08:19.493+00","2022-08-16 13:08:19.493+00",0
2328,"Chestfield","United Kingdom","2022-08-16 13:08:19.493+00","2022-08-16 13:08:19.493+00",0
2329,"Rotherfield","United Kingdom","2022-08-16 13:08:19.493+00","2022-08-16 13:08:19.493+00",0
2330,"Goudhurst","United Kingdom","2022-08-16 13:08:19.493+00","2022-08-16 13:08:19.493+00",0
2331,"Swalwell","United Kingdom","2022-08-16 13:08:19.493+00","2022-08-16 13:08:19.493+00",0
2332,"Malvern Wells","United Kingdom","2022-08-16 13:08:19.493+00","2022-08-16 13:08:19.493+00",0
2333,"Alyth","United Kingdom","2022-08-16 13:08:19.493+00","2022-08-16 13:08:19.493+00",0
2334,"Treeton","United Kingdom","2022-08-16 13:08:19.493+00","2022-08-16 13:08:19.493+00",0
2335,"Long Lawford","United Kingdom","2022-08-16 13:08:19.493+00","2022-08-16 13:08:19.493+00",0
2336,"Knighton","United Kingdom","2022-08-16 13:08:19.493+00","2022-08-16 13:08:19.493+00",0
2337,"Holme upon Spalding Moor","United Kingdom","2022-08-16 13:08:19.493+00","2022-08-16 13:08:19.493+00",0
2338,"Bream","United Kingdom","2022-08-16 13:08:19.493+00","2022-08-16 13:08:19.493+00",0
2339,"Alderholt","United Kingdom","2022-08-16 13:08:19.493+00","2022-08-16 13:08:19.493+00",0
2340,"Harrington","United Kingdom","2022-08-16 13:08:19.493+00","2022-08-16 13:08:19.493+00",0
2341,"Kingsclere","United Kingdom","2022-08-16 13:08:19.493+00","2022-08-16 13:08:19.493+00",0
2342,"Maerdy","United Kingdom","2022-08-16 13:08:19.493+00","2022-08-16 13:08:19.493+00",0
2343,"Bedale","United Kingdom","2022-08-16 13:08:19.493+00","2022-08-16 13:08:19.493+00",0
2344,"Catterick","United Kingdom","2022-08-16 13:08:19.493+00","2022-08-16 13:08:19.493+00",0
2345,"Silkstone","United Kingdom","2022-08-16 13:08:19.493+00","2022-08-16 13:08:19.493+00",0
2346,"Pevensey","United Kingdom","2022-08-16 13:08:19.493+00","2022-08-16 13:08:19.493+00",0
2347,"Stalham","United Kingdom","2022-08-16 13:08:19.493+00","2022-08-16 13:08:19.493+00",0
2348,"Berkswell","United Kingdom","2022-08-16 13:08:19.493+00","2022-08-16 13:08:19.493+00",0
2349,"Chipstead","United Kingdom","2022-08-16 13:08:19.493+00","2022-08-16 13:08:19.493+00",0
2350,"Markyate","United Kingdom","2022-08-16 13:08:19.493+00","2022-08-16 13:08:19.493+00",0
2351,"Little Plumstead","United Kingdom","2022-08-16 13:08:19.493+00","2022-08-16 13:08:19.493+00",0
2352,"Maulden","United Kingdom","2022-08-16 13:08:19.493+00","2022-08-16 13:08:19.493+00",0
2353,"Hunmanby","United Kingdom","2022-08-16 13:08:19.493+00","2022-08-16 13:08:19.493+00",0
2354,"Weston Turville","United Kingdom","2022-08-16 13:08:19.493+00","2022-08-16 13:08:19.493+00",0
2355,"Ogmore Vale","United Kingdom","2022-08-16 13:08:19.493+00","2022-08-16 13:08:19.493+00",0
2356,"Eaglesham","United Kingdom","2022-08-16 13:08:19.493+00","2022-08-16 13:08:19.493+00",0
2357,"Eastergate","United Kingdom","2022-08-16 13:08:19.493+00","2022-08-16 13:08:19.493+00",0
2358,"Llangendeirne","United Kingdom","2022-08-16 13:08:19.493+00","2022-08-16 13:08:19.493+00",0
2359,"Eriswell","United Kingdom","2022-08-16 13:08:19.493+00","2022-08-16 13:08:19.493+00",0
2360,"Woodstock","United Kingdom","2022-08-16 13:08:19.493+00","2022-08-16 13:08:19.493+00",0
2361,"Beaminster","United Kingdom","2022-08-16 13:08:19.493+00","2022-08-16 13:08:19.493+00",0
2362,"Laurencekirk","United Kingdom","2022-08-16 13:08:19.493+00","2022-08-16 13:08:19.493+00",0
2363,"Leslie","United Kingdom","2022-08-16 13:08:19.493+00","2022-08-16 13:08:19.493+00",0
2364,"Langford","United Kingdom","2022-08-16 13:08:19.493+00","2022-08-16 13:08:19.493+00",0
2365,"Draycott","United Kingdom","2022-08-16 13:08:19.493+00","2022-08-16 13:08:19.493+00",0
2366,"Chailey","United Kingdom","2022-08-16 13:08:19.493+00","2022-08-16 13:08:19.493+00",0
2367,"Iwade","United Kingdom","2022-08-16 13:08:19.493+00","2022-08-16 13:08:19.493+00",0
2368,"Wrecclesham","United Kingdom","2022-08-16 13:08:19.493+00","2022-08-16 13:08:19.493+00",0
2369,"Tutbury","United Kingdom","2022-08-16 13:08:19.493+00","2022-08-16 13:08:19.493+00",0
2370,"Downton","United Kingdom","2022-08-16 13:08:19.493+00","2022-08-16 13:08:19.493+00",0
2371,"West Calder","United Kingdom","2022-08-16 13:08:19.493+00","2022-08-16 13:08:19.493+00",0
2372,"Scotter","United Kingdom","2022-08-16 13:08:19.493+00","2022-08-16 13:08:19.493+00",0
2373,"Perranporth","United Kingdom","2022-08-16 13:08:19.493+00","2022-08-16 13:08:19.493+00",0
2374,"Porthleven","United Kingdom","2022-08-16 13:08:19.493+00","2022-08-16 13:08:19.493+00",0
2375,"Drybrook","United Kingdom","2022-08-16 13:08:19.493+00","2022-08-16 13:08:19.493+00",0
2376,"Felsted","United Kingdom","2022-08-16 13:08:19.493+00","2022-08-16 13:08:19.493+00",0
2377,"Northop","United Kingdom","2022-08-16 13:08:19.493+00","2022-08-16 13:08:19.493+00",0
2378,"Norton Fitzwarren","United Kingdom","2022-08-16 13:08:19.493+00","2022-08-16 13:08:19.493+00",0
2379,"Spilsby","United Kingdom","2022-08-16 13:08:19.493+00","2022-08-16 13:08:19.493+00",0
2380,"Tardebigge","United Kingdom","2022-08-16 13:08:19.493+00","2022-08-16 13:08:19.493+00",0
2381,"Kirkby Moorside","United Kingdom","2022-08-16 13:08:19.493+00","2022-08-16 13:08:19.493+00",0
2382,"Cleobury Mortimer","United Kingdom","2022-08-16 13:08:19.493+00","2022-08-16 13:08:19.493+00",0
2383,"Kincardine","United Kingdom","2022-08-16 13:08:19.493+00","2022-08-16 13:08:19.493+00",0
2384,"South Hetton","United Kingdom","2022-08-16 13:08:19.493+00","2022-08-16 13:08:19.493+00",0
2385,"Gwithian","United Kingdom","2022-08-16 13:08:19.493+00","2022-08-16 13:08:19.493+00",0
2386,"Llangynwyd","United Kingdom","2022-08-16 13:08:19.493+00","2022-08-16 13:08:19.493+00",0
2387,"Petworth","United Kingdom","2022-08-16 13:08:19.493+00","2022-08-16 13:08:19.493+00",0
2388,"High Bentham","United Kingdom","2022-08-16 13:08:19.493+00","2022-08-16 13:08:19.493+00",0
2389,"Painswick","United Kingdom","2022-08-16 13:08:19.493+00","2022-08-16 13:08:19.493+00",0
2390,"Barrow upon Humber","United Kingdom","2022-08-16 13:08:19.493+00","2022-08-16 13:08:19.493+00",0
2391,"Eastchurch","United Kingdom","2022-08-16 13:08:19.493+00","2022-08-16 13:08:19.493+00",0
2392,"Ystalyfera","United Kingdom","2022-08-16 13:08:19.493+00","2022-08-16 13:08:19.493+00",0
2393,"Margam","United Kingdom","2022-08-16 13:08:19.493+00","2022-08-16 13:08:19.493+00",0
2394,"Rendlesham","United Kingdom","2022-08-16 13:08:19.493+00","2022-08-16 13:08:19.493+00",0
2395,"Newbold Verdon","United Kingdom","2022-08-16 13:08:19.493+00","2022-08-16 13:08:19.493+00",0
2396,"Saughall","United Kingdom","2022-08-16 13:08:19.493+00","2022-08-16 13:08:19.493+00",0
2397,"West Melton","United Kingdom","2022-08-16 13:08:19.493+00","2022-08-16 13:08:19.493+00",0
2398,"Cleland","United Kingdom","2022-08-16 13:08:19.493+00","2022-08-16 13:08:19.493+00",0
2399,"Steynton","United Kingdom","2022-08-16 13:08:19.493+00","2022-08-16 13:08:19.493+00",0
2400,"Longtown","United Kingdom","2022-08-16 13:08:19.493+00","2022-08-16 13:08:19.493+00",0
2401,"Breage","United Kingdom","2022-08-16 13:08:19.493+00","2022-08-16 13:08:19.493+00",0
2402,"Llanfairpwllgwyngyll","United Kingdom","2022-08-16 13:08:19.493+00","2022-08-16 13:08:19.493+00",0
2403,"Sealand","United Kingdom","2022-08-16 13:08:19.493+00","2022-08-16 13:08:19.493+00",0
2404,"Saint Clears","United Kingdom","2022-08-16 13:08:19.493+00","2022-08-16 13:08:19.493+00",0
2405,"Padstow","United Kingdom","2022-08-16 13:08:19.493+00","2022-08-16 13:08:19.493+00",0
2406,"Collingham","United Kingdom","2022-08-16 13:08:19.493+00","2022-08-16 13:08:19.493+00",0
2407,"Normandy","United Kingdom","2022-08-16 13:08:19.493+00","2022-08-16 13:08:19.493+00",0
2408,"Pangbourne","United Kingdom","2022-08-16 13:08:19.493+00","2022-08-16 13:08:19.493+00",0
2409,"Lyndhurst","United Kingdom","2022-08-16 13:08:19.493+00","2022-08-16 13:08:19.493+00",0
2410,"Bletchingley","United Kingdom","2022-08-16 13:08:19.493+00","2022-08-16 13:08:19.493+00",0
2411,"Colerne","United Kingdom","2022-08-16 13:08:19.493+00","2022-08-16 13:08:19.493+00",0
2412,"Hopton on Sea","United Kingdom","2022-08-16 13:08:19.493+00","2022-08-16 13:08:19.493+00",0
2413,"Lampeter","United Kingdom","2022-08-16 13:08:19.493+00","2022-08-16 13:08:19.493+00",0
2414,"Belton","United Kingdom","2022-08-16 13:08:19.493+00","2022-08-16 13:08:19.493+00",0
2415,"Cringleford","United Kingdom","2022-08-16 13:08:19.493+00","2022-08-16 13:08:19.493+00",0
2416,"Mere","United Kingdom","2022-08-16 13:08:19.493+00","2022-08-16 13:08:19.493+00",0
2417,"Llanwern","United Kingdom","2022-08-16 13:08:19.493+00","2022-08-16 13:08:19.493+00",0
2418,"Chiddingfold","United Kingdom","2022-08-16 13:08:19.493+00","2022-08-16 13:08:19.493+00",0
2419,"Trimdon","United Kingdom","2022-08-16 13:08:19.493+00","2022-08-16 13:08:19.493+00",0
2420,"Gosberton","United Kingdom","2022-08-16 13:08:19.493+00","2022-08-16 13:08:19.493+00",0
2421,"Alveston","United Kingdom","2022-08-16 13:08:19.493+00","2022-08-16 13:08:19.493+00",0
2422,"Heath","United Kingdom","2022-08-16 13:08:19.493+00","2022-08-16 13:08:19.493+00",0
2423,"Pitstone","United Kingdom","2022-08-16 13:08:19.493+00","2022-08-16 13:08:19.493+00",0
2424,"Camelford","United Kingdom","2022-08-16 13:08:19.493+00","2022-08-16 13:08:19.493+00",0
2425,"Fernhurst","United Kingdom","2022-08-16 13:08:19.493+00","2022-08-16 13:08:19.493+00",0
2426,"Charminster","United Kingdom","2022-08-16 13:08:19.493+00","2022-08-16 13:08:19.493+00",0
2427,"Healing","United Kingdom","2022-08-16 13:08:19.493+00","2022-08-16 13:08:19.493+00",0
2428,"Dunchurch","United Kingdom","2022-08-16 13:08:19.493+00","2022-08-16 13:08:19.493+00",0
2429,"Brodsworth","United Kingdom","2022-08-16 13:08:19.493+00","2022-08-16 13:08:19.493+00",0
2430,"West Grinstead","United Kingdom","2022-08-16 13:08:19.493+00","2022-08-16 13:08:19.493+00",0
2431,"Cullingworth","United Kingdom","2022-08-16 13:08:19.493+00","2022-08-16 13:08:19.493+00",0
2432,"Kinghorn","United Kingdom","2022-08-16 13:08:19.493+00","2022-08-16 13:08:19.493+00",0
2433,"Great Totham","United Kingdom","2022-08-16 13:08:19.493+00","2022-08-16 13:08:19.493+00",0
2434,"Llanidloes","United Kingdom","2022-08-16 13:08:19.493+00","2022-08-16 13:08:19.493+00",0
2435,"Totland","United Kingdom","2022-08-16 13:08:19.493+00","2022-08-16 13:08:19.493+00",0
2436,"Croft","United Kingdom","2022-08-16 13:08:19.493+00","2022-08-16 13:08:19.493+00",0
2437,"Banwell","United Kingdom","2022-08-16 13:08:19.493+00","2022-08-16 13:08:19.493+00",0
2438,"Heighington","United Kingdom","2022-08-16 13:08:19.493+00","2022-08-16 13:08:19.493+00",0
2439,"Croston","United Kingdom","2022-08-16 13:08:19.493+00","2022-08-16 13:08:19.493+00",0
2440,"East Woodhay","United Kingdom","2022-08-16 13:08:19.493+00","2022-08-16 13:08:19.493+00",0
2441,"Llanrug","United Kingdom","2022-08-16 13:08:19.493+00","2022-08-16 13:08:19.493+00",0
2442,"Holmewood","United Kingdom","2022-08-16 13:08:19.493+00","2022-08-16 13:08:19.493+00",0
2443,"Bruton","United Kingdom","2022-08-16 13:08:19.493+00","2022-08-16 13:08:19.493+00",0
2444,"Etwall","United Kingdom","2022-08-16 13:08:19.493+00","2022-08-16 13:08:19.493+00",0
2445,"Silloth","United Kingdom","2022-08-16 13:08:19.493+00","2022-08-16 13:08:19.493+00",0
2446,"Pucklechurch","United Kingdom","2022-08-16 13:08:19.493+00","2022-08-16 13:08:19.493+00",0
2447,"Teynham","United Kingdom","2022-08-16 13:08:19.493+00","2022-08-16 13:08:19.493+00",0
2448,"Chryston","United Kingdom","2022-08-16 13:08:19.493+00","2022-08-16 13:08:19.493+00",0
2449,"Bosham","United Kingdom","2022-08-16 13:08:19.493+00","2022-08-16 13:08:19.493+00",0
2450,"Prees","United Kingdom","2022-08-16 13:08:19.493+00","2022-08-16 13:08:19.493+00",0
2451,"Ryhill","United Kingdom","2022-08-16 13:08:19.493+00","2022-08-16 13:08:19.493+00",0
2452,"Wiveliscombe","United Kingdom","2022-08-16 13:08:19.493+00","2022-08-16 13:08:19.493+00",0
2453,"Stainton","United Kingdom","2022-08-16 13:08:19.493+00","2022-08-16 13:08:19.493+00",0
2454,"Chieveley","United Kingdom","2022-08-16 13:08:19.493+00","2022-08-16 13:08:19.493+00",0
2455,"New Cumnock","United Kingdom","2022-08-16 13:08:19.493+00","2022-08-16 13:08:19.493+00",0
2456,"Upton upon Severn","United Kingdom","2022-08-16 13:08:19.493+00","2022-08-16 13:08:19.493+00",0
2457,"Papworth Everard","United Kingdom","2022-08-16 13:08:19.493+00","2022-08-16 13:08:19.493+00",0
2458,"Halkyn","United Kingdom","2022-08-16 13:08:19.493+00","2022-08-16 13:08:19.493+00",0
2459,"Harton","United Kingdom","2022-08-16 13:08:19.493+00","2022-08-16 13:08:19.493+00",0
2460,"Much Wenlock","United Kingdom","2022-08-16 13:08:19.493+00","2022-08-16 13:08:19.493+00",0
2461,"Capel Saint Mary","United Kingdom","2022-08-16 13:08:19.493+00","2022-08-16 13:08:19.493+00",0
2462,"Dollar","United Kingdom","2022-08-16 13:08:19.493+00","2022-08-16 13:08:19.493+00",0
2463,"Minchinhampton","United Kingdom","2022-08-16 13:08:19.493+00","2022-08-16 13:08:19.493+00",0
2464,"Shawbury","United Kingdom","2022-08-16 13:08:19.493+00","2022-08-16 13:08:19.493+00",0
2465,"Swanmore","United Kingdom","2022-08-16 13:08:19.493+00","2022-08-16 13:08:19.493+00",0
2466,"Fen Stanton","United Kingdom","2022-08-16 13:08:19.493+00","2022-08-16 13:08:19.493+00",0
2467,"Bookham","United Kingdom","2022-08-16 13:08:19.493+00","2022-08-16 13:08:19.493+00",0
2468,"Over","United Kingdom","2022-08-16 13:08:19.493+00","2022-08-16 13:08:19.493+00",0
2469,"Much Hadham","United Kingdom","2022-08-16 13:08:19.493+00","2022-08-16 13:08:19.493+00",0
2470,"Barlaston","United Kingdom","2022-08-16 13:08:19.493+00","2022-08-16 13:08:19.493+00",0
2471,"Ottershaw","United Kingdom","2022-08-16 13:08:19.493+00","2022-08-16 13:08:19.493+00",0
2472,"Alrewas","United Kingdom","2022-08-16 13:08:19.493+00","2022-08-16 13:08:19.493+00",0
2473,"Lechlade","United Kingdom","2022-08-16 13:08:19.493+00","2022-08-16 13:08:19.493+00",0
2474,"White Waltham","United Kingdom","2022-08-16 13:08:19.493+00","2022-08-16 13:08:19.493+00",0
2475,"Thaxted","United Kingdom","2022-08-16 13:08:19.493+00","2022-08-16 13:08:19.493+00",0
2476,"Bishops Lydeard","United Kingdom","2022-08-16 13:08:19.493+00","2022-08-16 13:08:19.493+00",0
2477,"Sheering","United Kingdom","2022-08-16 13:08:19.493+00","2022-08-16 13:08:19.493+00",0
2478,"Theale","United Kingdom","2022-08-16 13:08:19.493+00","2022-08-16 13:08:19.493+00",0
2479,"Usk","United Kingdom","2022-08-16 13:08:19.493+00","2022-08-16 13:08:19.493+00",0
2480,"Tattershall","United Kingdom","2022-08-16 13:08:19.493+00","2022-08-16 13:08:19.493+00",0
2481,"Aspatria","United Kingdom","2022-08-16 13:08:19.493+00","2022-08-16 13:08:19.493+00",0
2482,"Charlbury","United Kingdom","2022-08-16 13:08:19.493+00","2022-08-16 13:08:19.493+00",0
2483,"Chalgrove","United Kingdom","2022-08-16 13:08:19.493+00","2022-08-16 13:08:19.493+00",0
2484,"West Horsley","United Kingdom","2022-08-16 13:08:19.493+00","2022-08-16 13:08:19.493+00",0
2485,"West Coker","United Kingdom","2022-08-16 13:08:19.493+00","2022-08-16 13:08:19.493+00",0
2486,"Cranwell","United Kingdom","2022-08-16 13:08:19.493+00","2022-08-16 13:08:19.493+00",0
2487,"Feltwell","United Kingdom","2022-08-16 13:08:19.493+00","2022-08-16 13:08:19.493+00",0
2488,"Cymmer","United Kingdom","2022-08-16 13:08:19.493+00","2022-08-16 13:08:19.493+00",0
2489,"Acle","United Kingdom","2022-08-16 13:08:19.493+00","2022-08-16 13:08:19.493+00",0
2490,"South Brent","United Kingdom","2022-08-16 13:08:19.493+00","2022-08-16 13:08:19.493+00",0
2491,"Halling","United Kingdom","2022-08-16 13:08:19.493+00","2022-08-16 13:08:19.493+00",0
2492,"Crich","United Kingdom","2022-08-16 13:08:19.493+00","2022-08-16 13:08:19.493+00",0
2493,"Glenboig","United Kingdom","2022-08-16 13:08:19.493+00","2022-08-16 13:08:19.493+00",0
2494,"Adderbury","United Kingdom","2022-08-16 13:08:19.493+00","2022-08-16 13:08:19.493+00",0
2495,"Cantley","United Kingdom","2022-08-16 13:08:19.493+00","2022-08-16 13:08:19.493+00",0
2496,"Lostwithiel","United Kingdom","2022-08-16 13:08:19.493+00","2022-08-16 13:08:19.493+00",0
2497,"Appledore","United Kingdom","2022-08-16 13:08:19.493+00","2022-08-16 13:08:19.493+00",0
2498,"Northchurch","United Kingdom","2022-08-16 13:08:19.493+00","2022-08-16 13:08:19.493+00",0
2499,"Donington","United Kingdom","2022-08-16 13:08:19.493+00","2022-08-16 13:08:19.493+00",0
2500,"Buckden","United Kingdom","2022-08-16 13:08:19.493+00","2022-08-16 13:08:19.493+00",0
2501,"Milborne Port","United Kingdom","2022-08-16 13:08:19.493+00","2022-08-16 13:08:19.493+00",0
2502,"Newmilns","United Kingdom","2022-08-16 13:08:19.493+00","2022-08-16 13:08:19.493+00",0
2503,"Clydach Vale","United Kingdom","2022-08-16 13:08:19.493+00","2022-08-16 13:08:19.493+00",0
2504,"Chinley","United Kingdom","2022-08-16 13:08:19.493+00","2022-08-16 13:08:19.493+00",0
2505,"Rudgwick","United Kingdom","2022-08-16 13:08:19.493+00","2022-08-16 13:08:19.493+00",0
2506,"West Monkton","United Kingdom","2022-08-16 13:08:19.493+00","2022-08-16 13:08:19.493+00",0
2507,"Saint Dennis","United Kingdom","2022-08-16 13:08:19.493+00","2022-08-16 13:08:19.493+00",0
2508,"Fulford","United Kingdom","2022-08-16 13:08:19.493+00","2022-08-16 13:08:19.493+00",0
2509,"Smalley","United Kingdom","2022-08-16 13:08:19.493+00","2022-08-16 13:08:19.493+00",0
2510,"Mitcheldean","United Kingdom","2022-08-16 13:08:19.493+00","2022-08-16 13:08:19.493+00",0
2511,"Milltimber","United Kingdom","2022-08-16 13:08:19.493+00","2022-08-16 13:08:19.493+00",0
2512,"Ellington","United Kingdom","2022-08-16 13:08:19.493+00","2022-08-16 13:08:19.493+00",0
2513,"Pitlochry","United Kingdom","2022-08-16 13:08:19.493+00","2022-08-16 13:08:19.493+00",0
2514,"Kilnhurst","United Kingdom","2022-08-16 13:08:19.493+00","2022-08-16 13:08:19.493+00",0
2515,"Radley","United Kingdom","2022-08-16 13:08:19.493+00","2022-08-16 13:08:19.493+00",0
2516,"Bugbrooke","United Kingdom","2022-08-16 13:08:19.493+00","2022-08-16 13:08:19.493+00",0
2517,"Rowlands Castle","United Kingdom","2022-08-16 13:08:19.493+00","2022-08-16 13:08:19.493+00",0
2518,"Pontyberem","United Kingdom","2022-08-16 13:08:19.493+00","2022-08-16 13:08:19.493+00",0
2519,"Charing","United Kingdom","2022-08-16 13:08:19.493+00","2022-08-16 13:08:19.493+00",0
2520,"Sedbergh","United Kingdom","2022-08-16 13:08:19.493+00","2022-08-16 13:08:19.493+00",0
2521,"East Bergholt","United Kingdom","2022-08-16 13:08:19.493+00","2022-08-16 13:08:19.493+00",0
2522,"Lickey End","United Kingdom","2022-08-16 13:08:19.493+00","2022-08-16 13:08:19.493+00",0
2523,"Mundesley","United Kingdom","2022-08-16 13:08:19.493+00","2022-08-16 13:08:19.493+00",0
2524,"Locking","United Kingdom","2022-08-16 13:08:19.493+00","2022-08-16 13:08:19.493+00",0
2525,"Callander","United Kingdom","2022-08-16 13:08:19.493+00","2022-08-16 13:08:19.493+00",0
2526,"Burton upon Stather","United Kingdom","2022-08-16 13:08:19.493+00","2022-08-16 13:08:19.493+00",0
2527,"Icklesham","United Kingdom","2022-08-16 13:08:19.493+00","2022-08-16 13:08:19.493+00",0
2528,"Upwell","United Kingdom","2022-08-16 13:08:19.493+00","2022-08-16 13:08:19.493+00",0
2529,"Davenham","United Kingdom","2022-08-16 13:08:19.493+00","2022-08-16 13:08:19.493+00",0
2530,"Wing","United Kingdom","2022-08-16 13:08:19.493+00","2022-08-16 13:08:19.493+00",0
2531,"Hambleton","United Kingdom","2022-08-16 13:08:19.493+00","2022-08-16 13:08:19.493+00",0
2532,"Llysfaen","United Kingdom","2022-08-16 13:08:19.493+00","2022-08-16 13:08:19.493+00",0
2533,"Wendron","United Kingdom","2022-08-16 13:08:19.493+00","2022-08-16 13:08:19.493+00",0
2534,"Greenfield","United Kingdom","2022-08-16 13:08:19.493+00","2022-08-16 13:08:19.493+00",0
2535,"Wembury","United Kingdom","2022-08-16 13:08:19.493+00","2022-08-16 13:08:19.493+00",0
2536,"North Collingham","United Kingdom","2022-08-16 13:08:19.493+00","2022-08-16 13:08:19.493+00",0
2537,"New Earswick","United Kingdom","2022-08-16 13:08:19.493+00","2022-08-16 13:08:19.493+00",0
2538,"Batheaston","United Kingdom","2022-08-16 13:08:19.493+00","2022-08-16 13:08:19.493+00",0
2539,"Farnsfield","United Kingdom","2022-08-16 13:08:19.493+00","2022-08-16 13:08:19.493+00",0
2540,"Tarvin","United Kingdom","2022-08-16 13:08:19.493+00","2022-08-16 13:08:19.493+00",0
2541,"Watlington","United Kingdom","2022-08-16 13:08:19.493+00","2022-08-16 13:08:19.493+00",0
2542,"Mintlaw","United Kingdom","2022-08-16 13:08:19.493+00","2022-08-16 13:08:19.493+00",0
2543,"Crosshouse","United Kingdom","2022-08-16 13:08:19.493+00","2022-08-16 13:08:19.493+00",0
2544,"Wolsingham","United Kingdom","2022-08-16 13:08:19.493+00","2022-08-16 13:08:19.493+00",0
2545,"Lingwood","United Kingdom","2022-08-16 13:08:19.493+00","2022-08-16 13:08:19.493+00",0
2546,"Meriden","United Kingdom","2022-08-16 13:08:19.493+00","2022-08-16 13:08:19.493+00",0
2547,"Lyminge","United Kingdom","2022-08-16 13:08:19.493+00","2022-08-16 13:08:19.493+00",0
2548,"Brenchley","United Kingdom","2022-08-16 13:08:19.493+00","2022-08-16 13:08:19.493+00",0
2549,"Burwash","United Kingdom","2022-08-16 13:08:19.493+00","2022-08-16 13:08:19.493+00",0
2550,"Cowie","United Kingdom","2022-08-16 13:08:19.493+00","2022-08-16 13:08:19.493+00",0
2551,"Fordham","United Kingdom","2022-08-16 13:08:19.493+00","2022-08-16 13:08:19.493+00",0
2552,"Effingham","United Kingdom","2022-08-16 13:08:19.493+00","2022-08-16 13:08:19.493+00",0
2553,"Presteign","United Kingdom","2022-08-16 13:08:19.493+00","2022-08-16 13:08:19.493+00",0
2554,"Hayfield","United Kingdom","2022-08-16 13:08:19.493+00","2022-08-16 13:08:19.493+00",0
2555,"Reepham","United Kingdom","2022-08-16 13:08:19.493+00","2022-08-16 13:08:19.493+00",0
2556,"Repton","United Kingdom","2022-08-16 13:08:19.493+00","2022-08-16 13:08:19.493+00",0
2557,"Weedon Beck","United Kingdom","2022-08-16 13:08:19.493+00","2022-08-16 13:08:19.493+00",0
2558,"Gretna","United Kingdom","2022-08-16 13:08:19.493+00","2022-08-16 13:08:19.493+00",0
2559,"Elstow","United Kingdom","2022-08-16 13:08:19.493+00","2022-08-16 13:08:19.493+00",0
2560,"West Wittering","United Kingdom","2022-08-16 13:08:19.493+00","2022-08-16 13:08:19.493+00",0
2561,"Stalbridge","United Kingdom","2022-08-16 13:08:19.493+00","2022-08-16 13:08:19.493+00",0
2562,"Kirton in Lindsey","United Kingdom","2022-08-16 13:08:19.493+00","2022-08-16 13:08:19.493+00",0
2563,"Muir of Ord","United Kingdom","2022-08-16 13:08:19.493+00","2022-08-16 13:08:19.493+00",0
2564,"Dolgellau","United Kingdom","2022-08-16 13:08:19.493+00","2022-08-16 13:08:19.493+00",0
2565,"Combe Martin","United Kingdom","2022-08-16 13:08:19.493+00","2022-08-16 13:08:19.493+00",0
2566,"Mistley","United Kingdom","2022-08-16 13:08:19.493+00","2022-08-16 13:08:19.493+00",0
2567,"Nutfield","United Kingdom","2022-08-16 13:08:19.493+00","2022-08-16 13:08:19.493+00",0
2568,"Hardwick","United Kingdom","2022-08-16 13:08:19.493+00","2022-08-16 13:08:19.493+00",0
2569,"Dundonald","United Kingdom","2022-08-16 13:08:19.493+00","2022-08-16 13:08:19.493+00",0
2570,"Chisledon","United Kingdom","2022-08-16 13:08:19.493+00","2022-08-16 13:08:19.493+00",0
2571,"Teversham","United Kingdom","2022-08-16 13:08:19.493+00","2022-08-16 13:08:19.493+00",0
2572,"Long Stanton","United Kingdom","2022-08-16 13:08:19.493+00","2022-08-16 13:08:19.493+00",0
2573,"Badsey","United Kingdom","2022-08-16 13:08:19.493+00","2022-08-16 13:08:19.493+00",0
2574,"Harbledown","United Kingdom","2022-08-16 13:08:19.493+00","2022-08-16 13:08:19.493+00",0
2575,"Withyham","United Kingdom","2022-08-16 13:08:19.493+00","2022-08-16 13:08:19.493+00",0
2576,"Grimsargh","United Kingdom","2022-08-16 13:08:19.493+00","2022-08-16 13:08:19.493+00",0
2577,"Tuxford","United Kingdom","2022-08-16 13:08:19.493+00","2022-08-16 13:08:19.493+00",0
2578,"Loddon","United Kingdom","2022-08-16 13:08:19.493+00","2022-08-16 13:08:19.493+00",0
2579,"Llandow","United Kingdom","2022-08-16 13:08:19.493+00","2022-08-16 13:08:19.493+00",0
2580,"Horam","United Kingdom","2022-08-16 13:08:19.493+00","2022-08-16 13:08:19.493+00",0
2581,"Holsworthy","United Kingdom","2022-08-16 13:08:19.493+00","2022-08-16 13:08:19.493+00",0
2582,"Robertsbridge","United Kingdom","2022-08-16 13:08:19.493+00","2022-08-16 13:08:19.493+00",0
2583,"Speen","United Kingdom","2022-08-16 13:08:19.493+00","2022-08-16 13:08:19.493+00",0
2584,"Wrington","United Kingdom","2022-08-16 13:08:19.493+00","2022-08-16 13:08:19.493+00",0
2585,"Mattishall","United Kingdom","2022-08-16 13:08:19.493+00","2022-08-16 13:08:19.493+00",0
2586,"South Hanningfield","United Kingdom","2022-08-16 13:08:19.493+00","2022-08-16 13:08:19.493+00",0
2587,"Lochwinnoch","United Kingdom","2022-08-16 13:08:19.493+00","2022-08-16 13:08:19.493+00",0
2588,"Cuxton","United Kingdom","2022-08-16 13:08:19.493+00","2022-08-16 13:08:19.493+00",0
2589,"Kington","United Kingdom","2022-08-16 13:08:19.493+00","2022-08-16 13:08:19.493+00",0
2590,"Oxenhope","United Kingdom","2022-08-16 13:08:19.493+00","2022-08-16 13:08:19.493+00",0
2591,"Tangmere","United Kingdom","2022-08-16 13:08:19.493+00","2022-08-16 13:08:19.493+00",0
2592,"Timsbury","United Kingdom","2022-08-16 13:08:19.493+00","2022-08-16 13:08:19.493+00",0
2593,"Tollesbury","United Kingdom","2022-08-16 13:08:19.493+00","2022-08-16 13:08:19.493+00",0
2594,"Biddenham","United Kingdom","2022-08-16 13:08:19.493+00","2022-08-16 13:08:19.493+00",0
2595,"Emneth","United Kingdom","2022-08-16 13:08:19.493+00","2022-08-16 13:08:19.493+00",0
2596,"Stocksfield","United Kingdom","2022-08-16 13:08:19.493+00","2022-08-16 13:08:19.493+00",0
2597,"Tarporley","United Kingdom","2022-08-16 13:08:19.493+00","2022-08-16 13:08:19.493+00",0
2598,"Herstmonceux","United Kingdom","2022-08-16 13:08:19.493+00","2022-08-16 13:08:19.493+00",0
2599,"Kelsall","United Kingdom","2022-08-16 13:08:19.493+00","2022-08-16 13:08:19.493+00",0
2600,"Kempsey","United Kingdom","2022-08-16 13:08:19.493+00","2022-08-16 13:08:19.493+00",0
2601,"Brynamman","United Kingdom","2022-08-16 13:08:19.493+00","2022-08-16 13:08:19.493+00",0
2602,"Williton","United Kingdom","2022-08-16 13:08:19.493+00","2022-08-16 13:08:19.493+00",0
2603,"Willington","United Kingdom","2022-08-16 13:08:19.493+00","2022-08-16 13:08:19.493+00",0
2604,"Nefyn","United Kingdom","2022-08-16 13:08:19.493+00","2022-08-16 13:08:19.493+00",0
2605,"Kilmaurs","United Kingdom","2022-08-16 13:08:19.493+00","2022-08-16 13:08:19.493+00",0
2606,"Caistor","United Kingdom","2022-08-16 13:08:19.493+00","2022-08-16 13:08:19.493+00",0
2607,"Bushbury","United Kingdom","2022-08-16 13:08:19.493+00","2022-08-16 13:08:19.493+00",0
2608,"Ambleside","United Kingdom","2022-08-16 13:08:19.493+00","2022-08-16 13:08:19.493+00",0
2609,"Clent","United Kingdom","2022-08-16 13:08:19.493+00","2022-08-16 13:08:19.493+00",0
2610,"Duns","United Kingdom","2022-08-16 13:08:19.493+00","2022-08-16 13:08:19.493+00",0
2611,"Eythorne","United Kingdom","2022-08-16 13:08:19.493+00","2022-08-16 13:08:19.493+00",0
2612,"West Malling","United Kingdom","2022-08-16 13:08:19.493+00","2022-08-16 13:08:19.493+00",0
2613,"Dalston","United Kingdom","2022-08-16 13:08:19.493+00","2022-08-16 13:08:19.493+00",0
2614,"Fishburn","United Kingdom","2022-08-16 13:08:19.493+00","2022-08-16 13:08:19.493+00",0
2615,"Eyemouth","United Kingdom","2022-08-16 13:08:19.493+00","2022-08-16 13:08:19.493+00",0
2616,"Innerleithen","United Kingdom","2022-08-16 13:08:19.493+00","2022-08-16 13:08:19.493+00",0
2617,"Sherborne Saint John","United Kingdom","2022-08-16 13:08:19.493+00","2022-08-16 13:08:19.493+00",0
2618,"Westfield","United Kingdom","2022-08-16 13:08:19.493+00","2022-08-16 13:08:19.493+00",0
2619,"Wilpshire","United Kingdom","2022-08-16 13:08:19.493+00","2022-08-16 13:08:19.493+00",0
2620,"Ironbridge","United Kingdom","2022-08-16 13:08:19.493+00","2022-08-16 13:08:19.493+00",0
2621,"Hutton","United Kingdom","2022-08-16 13:08:19.493+00","2022-08-16 13:08:19.493+00",0
2622,"Reydon","United Kingdom","2022-08-16 13:08:19.493+00","2022-08-16 13:08:19.493+00",0
2623,"Parbold","United Kingdom","2022-08-16 13:08:19.493+00","2022-08-16 13:08:19.493+00",0
2624,"Crowan","United Kingdom","2022-08-16 13:08:19.493+00","2022-08-16 13:08:19.493+00",0
2625,"Biddenden","United Kingdom","2022-08-16 13:08:19.493+00","2022-08-16 13:08:19.493+00",0
2626,"Snettisham","United Kingdom","2022-08-16 13:08:19.493+00","2022-08-16 13:08:19.493+00",0
2627,"Dornoch","United Kingdom","2022-08-16 13:08:19.493+00","2022-08-16 13:08:19.493+00",0
2628,"Builth Wells","United Kingdom","2022-08-16 13:08:19.493+00","2022-08-16 13:08:19.493+00",0
2629,"Carron","United Kingdom","2022-08-16 13:08:19.493+00","2022-08-16 13:08:19.493+00",0
2630,"Brookwood","United Kingdom","2022-08-16 13:08:19.493+00","2022-08-16 13:08:19.493+00",0
2631,"Settle","United Kingdom","2022-08-16 13:08:19.493+00","2022-08-16 13:08:19.493+00",0
2632,"Bampton","United Kingdom","2022-08-16 13:08:19.493+00","2022-08-16 13:08:19.493+00",0
2633,"Wolston","United Kingdom","2022-08-16 13:08:19.493+00","2022-08-16 13:08:19.493+00",0
2634,"Kelvedon Hatch","United Kingdom","2022-08-16 13:08:19.493+00","2022-08-16 13:08:19.493+00",0
2635,"Elstead","United Kingdom","2022-08-16 13:08:19.493+00","2022-08-16 13:08:19.493+00",0
2636,"Newington","United Kingdom","2022-08-16 13:08:19.493+00","2022-08-16 13:08:19.493+00",0
2637,"Marks Tey","United Kingdom","2022-08-16 13:08:19.493+00","2022-08-16 13:08:19.493+00",0
2638,"Hartlebury","United Kingdom","2022-08-16 13:08:19.493+00","2022-08-16 13:08:19.493+00",0
2639,"Luddenden Foot","United Kingdom","2022-08-16 13:08:19.493+00","2022-08-16 13:08:19.493+00",0
2640,"Mobberley","United Kingdom","2022-08-16 13:08:19.493+00","2022-08-16 13:08:19.493+00",0
2641,"Yarnton","United Kingdom","2022-08-16 13:08:19.493+00","2022-08-16 13:08:19.493+00",0
2642,"Bredon","United Kingdom","2022-08-16 13:08:19.493+00","2022-08-16 13:08:19.493+00",0
2643,"Trimsaran","United Kingdom","2022-08-16 13:08:19.493+00","2022-08-16 13:08:19.493+00",0
2644,"Broadway","United Kingdom","2022-08-16 13:08:19.493+00","2022-08-16 13:08:19.493+00",0
2645,"Llandwrog","United Kingdom","2022-08-16 13:08:19.493+00","2022-08-16 13:08:19.493+00",0
2646,"Charfield","United Kingdom","2022-08-16 13:08:19.493+00","2022-08-16 13:08:19.493+00",0
2647,"Kintbury","United Kingdom","2022-08-16 13:08:19.493+00","2022-08-16 13:08:19.493+00",0
2648,"Hemingford Grey","United Kingdom","2022-08-16 13:08:19.493+00","2022-08-16 13:08:19.493+00",0
2649,"Barmouth","United Kingdom","2022-08-16 13:08:19.493+00","2022-08-16 13:08:19.493+00",0
2650,"Lower Kingswood","United Kingdom","2022-08-16 13:08:19.493+00","2022-08-16 13:08:19.493+00",0
2651,"Moffat","United Kingdom","2022-08-16 13:08:19.493+00","2022-08-16 13:08:19.493+00",0
2652,"Stanton","United Kingdom","2022-08-16 13:08:19.493+00","2022-08-16 13:08:19.493+00",0
2653,"Rainow","United Kingdom","2022-08-16 13:08:19.493+00","2022-08-16 13:08:19.493+00",0
2654,"Baschurch","United Kingdom","2022-08-16 13:08:19.493+00","2022-08-16 13:08:19.493+00",0
2655,"Delabole","United Kingdom","2022-08-16 13:08:19.493+00","2022-08-16 13:08:19.493+00",0
2656,"Elsecar","United Kingdom","2022-08-16 13:08:19.493+00","2022-08-16 13:08:19.493+00",0
2657,"Newmacher","United Kingdom","2022-08-16 13:08:19.493+00","2022-08-16 13:08:19.493+00",0
2658,"Pontycymer","United Kingdom","2022-08-16 13:08:19.493+00","2022-08-16 13:08:19.493+00",0
2659,"Saint Margaret’s at Cliffe","United Kingdom","2022-08-16 13:08:19.493+00","2022-08-16 13:08:19.493+00",0
14,"Jharkhand","India","2022-08-16 13:08:19.493+00","2022-11-18 10:00:43.168+00",1
3,"West Bengal","India","2022-08-16 13:08:19.493+00","2022-11-18 10:01:01.094+00",1
1,"Delhi","India","2022-08-16 13:08:19.493+00","2022-12-02 10:00:48.825+00",1
29,"Andaman and Nicobar Islands","India","2022-08-16 13:08:19.493+00","2023-04-24 17:21:47.235+00",1
32,"Arunachal Pradesh","India","2022-08-16 13:08:19.493+00","2023-06-29 09:26:42.128+00",1
2660,"Calabarzon","Philippines","2023-07-18 13:08:19.493+00","2023-07-18 13:08:19.493+00",1
2661,"Metro Manila","Philippines","2023-07-18 13:08:19.493+00","2023-07-18 13:08:19.493+00",1
9,"Rajasthan","India","2022-08-16 13:08:19.493+00","2023-02-23 12:00:32.729+00",1
31,"Nagaland","India","2022-08-16 13:08:19.493+00","2023-07-04 16:29:11.787+00",2
20,"Odisha","India","2022-08-16 13:08:19.493+00","2023-07-04 16:29:19.45+00",2
11,"Andhra Pradesh","India","2022-08-16 13:08:19.493+00","2023-07-04 16:30:04.188+00",2
30,"Sikkim","India","2022-08-16 13:08:19.493+00","2023-07-04 16:31:53.382+00",2
